0.000000 -28.700457
-99.523000 52.597375
280.080000 -247.374845
80.351000 -44.692013
-91.999000 91.106819
184.961000 255.031599
-152.500000 105.311430
-172.229000 207.515263
48.448000 -312.611958
7.140000 201.372875
16.014000 51.812707
-289.836000 -60.935652
277.904000 56.228044
-179.044000 189.751739
-222.548000 101.339381
-276.845000 218.142076
-92.139000 100.944772
118.043000 125.308413
-189.095000 -217.687892
-18.537000 -286.891196
189.782000 -240.508555
-283.248000 92.012006
12.255000 -261.640434
-264.670000 205.737071
2.613000 -69.886368
7.122000 -114.799808
-239.014000 -173.638303
79.166000 -64.844743
61.492000 174.079818
106.619000 -201.530677
103.073000 -215.665117
-274.441000 130.715312
-8.506000 -41.433316
213.722000 3.608113
101.944000 -320.780459
-263.618000 -259.254087
-254.644000 -232.278659
-221.875000 177.165769
137.522000 103.184142
-296.095000 133.510570
-204.882000 -221.203001
234.895000 -142.567761
-37.993000 148.527539
228.816000 16.284838
183.537000 -224.690922
-229.149000 -20.375622
209.727000 54.185676
-26.708000 237.311918
-192.603000 66.863216
89.858000 139.578516
-179.876000 181.647756
-238.158000 201.963928
40.060000 42.959101
119.847000 -294.326787
41.740000 -65.504614
277.957000 -212.983443
-288.062000 -308.777329
231.089000 -102.107158
-38.637000 -25.428986
265.758000 94.230127
102.359000 191.895299
-181.220000 171.970348
26.435000 187.081335
117.000000 -101.811616
-32.358000 228.570432
181.947000 131.683420
-98.092000 -150.401531
65.387000 131.957516
124.913000 48.631506
-137.938000 249.427553
-93.887000 -203.767398
-68.814000 -229.143531
-160.574000 -274.859603
111.809000 239.906326
292.775000 118.863194
157.690000 -270.558877
180.127000 -12.443949
199.468000 61.421919
262.071000 99.912847
-32.566000 -102.521224
152.083000 232.263643
-147.549000 122.474456
278.998000 -207.690731
-191.570000 -251.120981
-264.053000 164.631833
-36.518000 -309.333355
-84.021000 -301.807604
-142.610000 -143.422791
-215.788000 -315.146978
170.924000 197.061772
-215.381000 21.270585
136.820000 -143.321713
-241.431000 215.092925
249.977000 121.169627
139.036000 -129.887672
107.288000 104.907967
-71.495000 -175.201332
-171.290000 -203.769630
-205.233000 261.042008
124.677000 117.069709
-230.476000 61.844411
-64.716000 153.327939
119.292000 -272.154467
-19.661000 -221.466874
141.337000 -132.857345
-87.965000 223.296248
-236.983000 -211.629158
9.631000 -183.030629
-49.850000 251.375963
237.004000 -32.518443
39.411000 119.549086
-177.707000 144.313573
-193.537000 -304.609941
56.154000 268.066481
-46.560000 222.789967
218.958000 -204.685546
-204.299000 -14.815125
174.321000 -138.205638
-251.094000 -115.761152
-255.581000 3.771269
-203.095000 -25.896244
-62.136000 52.136135
-183.157000 56.938450
251.591000 189.112830
-161.245000 -12.614789
293.331000 153.779524
-253.888000 -286.162095
25.441000 204.201285
284.467000 -55.433400
288.293000 -297.133020
-283.819000 127.342359
-119.120000 -168.727434
-80.074000 1.016840
-83.332000 40.654114
-64.768000 -275.707680
236.975000 170.873594
-10.413000 -1.388133
-208.907000 -215.144926
-153.927000 -189.189652
-35.643000 -72.279378
-25.725000 -219.535172
-91.606000 103.892995
82.594000 120.666160
111.720000 156.240258
82.223000 36.872424
239.103000 142.225590
148.444000 -60.684311
-201.855000 -300.242146
154.696000 78.271021
23.885000 172.769118
183.618000 71.168285
-297.808000 -59.229658
221.051000 -31.963669
175.861000 66.175388
222.558000 -123.252553
-81.942000 -17.791566
-200.121000 -310.836507
23.178000 201.826550
-130.628000 139.374538
112.604000 259.313596
-39.388000 -132.293347
-178.895000 -102.433468
241.656000 219.101480
126.953000 -281.969571
-98.977000 -256.593694
245.271000 -158.326744
-160.582000 151.649204
-82.415000 -230.737918
-55.122000 -75.585970
-238.649000 -113.403021
-65.684000 193.572856
83.401000 35.557696
-180.393000 168.868535
105.481000 -72.094696
-100.638000 -0.130857
265.130000 -235.455017
88.034000 -5.679250
281.299000 -135.963411
-210.872000 75.858429
174.836000 -262.472804
-92.940000 -222.637964
144.324000 71.366768
51.619000 118.071428
298.175000 -213.231841
-78.426000 -56.772108
-271.852000 148.973550
-36.447000 -23.910717
-83.878000 243.527014
235.060000 -235.110326
-203.787000 -97.877594
-190.720000 148.808138
-95.567000 6.914691
-174.028000 -103.428682
-184.746000 34.045944
-177.380000 138.136498
190.679000 13.707124
-69.723000 120.696752
-106.610000 2.433304
187.609000 -32.250068
15.841000 151.730558
-133.157000 -327.156889
255.950000 -159.748364
28.448000 -299.053840
18.478000 178.799610
13.922000 -248.654866
0.370000 86.078659
102.709000 -175.602892
-195.576000 -244.600367
-187.271000 -109.229843
-14.832000 -294.210393
-100.606000 -281.688869
166.255000 100.038557
91.951000 -98.210094
290.297000 101.101331
-66.143000 -261.583244
247.159000 -317.674895
-135.576000 86.316530
-205.765000 -323.991045
118.006000 131.991304
-164.044000 233.095729
-215.747000 111.788154
-90.366000 17.862407
244.509000 34.429735
-21.128000 223.066065
-282.348000 -56.852684
133.197000 244.285646
-7.790000 -183.443026
165.786000 169.292227
143.254000 158.404555
81.704000 -125.776115
282.681000 55.323136
-151.117000 65.291373
-15.213000 73.732608
-130.481000 -251.249233
-266.304000 -312.226997
-289.526000 -286.682761
267.136000 -317.657603
257.510000 58.363633
92.883000 -298.835131
10.408000 -189.069972
-266.200000 -16.584737
298.599000 -255.921590
211.739000 -318.866524
44.819000 -245.897377
39.710000 -132.820232
-279.505000 -182.600164
225.065000 -5.922019
82.697000 145.115128
-78.283000 144.476194
289.882000 -282.645659
-247.177000 71.503486
280.280000 5.602465
-205.317000 -275.939477
290.707000 36.391581
285.880000 -313.334441
-4.087000 -137.298383
-227.392000 -95.072325
269.442000 154.322654
-100.305000 200.005711
-72.119000 107.204770
221.967000 -113.928252
-256.753000 112.776720
-171.825000 -155.849308
270.247000 162.765584
20.493000 28.712556
-86.753000 -172.161472
128.533000 2.074419
-116.377000 180.925392
-148.925000 -284.920636
109.610000 -13.362744
129.251000 -277.662773
-186.340000 -152.337884
149.770000 -214.491078
163.456000 183.782811
56.605000 121.647699
96.418000 -81.100494
113.796000 -81.997606
238.750000 -65.768717
-174.628000 165.186089
205.227000 -285.394022
268.668000 -202.674135
169.687000 -47.102409
-203.523000 225.752397
-67.867000 -164.019795
-225.588000 148.257929
200.639000 90.974736
185.025000 -29.709457
107.994000 -26.744732
-245.110000 201.344074
37.601000 -138.140118
-272.279000 -192.277393
-76.003000 -152.600666
257.150000 253.462063
258.278000 193.248707
-195.647000 -249.457564
-266.482000 -283.464836
122.928000 43.248809
111.677000 266.717537
-222.530000 93.931265
-68.757000 -325.255090
58.637000 -43.220361
224.748000 -205.311711
-261.809000 53.677857
-143.911000 206.523508
141.053000 -263.886840
-40.052000 12.063727
123.424000 171.077379
-27.810000 -297.626971
-112.371000 -119.874402
-208.498000 -311.937752
16.047000 17.497900
217.000000 176.615391
-4.415000 229.308968
9.814000 -320.950457
-225.708000 257.481035
-79.994000 -224.907388
-182.858000 -47.993813
17.014000 51.886679
216.423000 -49.800745
-17.147000 215.017831
-282.748000 -257.496677
-94.591000 70.836825
-196.707000 -242.540673
-19.660000 -280.282255
226.588000 -111.182754
269.240000 60.026749
-209.885000 -28.106834
66.952000 -277.655331
19.124000 248.562171
-115.637000 47.190588
-55.782000 -248.622910
223.460000 261.289522
-101.904000 -39.153133
87.822000 114.480298
91.535000 -58.210271
-134.092000 -62.783926
-162.372000 -36.914495
-187.966000 -263.672065
-253.673000 -172.053719
241.780000 190.076712
37.035000 -259.345857
82.439000 198.880419
-76.945000 212.734782
-164.333000 188.731144
-183.331000 147.972421
148.960000 -211.044217
-60.766000 -303.096854
193.408000 7.630423
-288.502000 -19.275215
106.796000 -103.586851
-274.249000 -171.936576
-67.588000 89.769723
206.606000 -61.665979
-255.408000 -309.485767
-255.793000 131.502531
-107.049000 -190.844170
203.169000 -60.596959
-30.495000 -95.545660
-188.167000 -178.606362
215.521000 167.645850
222.684000 -199.925852
298.994000 -62.789614
-171.183000 -287.750463
-195.824000 173.031774
-287.912000 -41.079987
-256.027000 -120.950837
-156.566000 239.482401
269.632000 182.384639
-296.059000 -195.549211
-238.846000 145.900027
196.286000 -230.341734
22.903000 41.975359
280.164000 -11.695459
139.259000 206.228722
-5.832000 88.530815
-194.141000 -121.318003
232.244000 110.966179
-96.101000 201.938272
256.512000 -205.267547
61.220000 -107.666364
60.361000 -205.341272
-214.626000 -213.424142
172.853000 -320.555011
-3.190000 79.922029
-129.063000 29.620159
269.160000 209.261289
-141.814000 -24.061670
-149.635000 -220.642541
108.357000 268.397589
251.114000 66.596630
-198.504000 -283.778240
97.529000 -18.165157
-198.858000 72.858836
-107.212000 51.567919
-116.121000 144.686001
-172.482000 -316.112005
105.189000 77.091077
53.153000 -259.118840
-210.263000 226.615152
42.479000 -164.276765
238.958000 92.754319
-254.545000 -178.591731
274.512000 257.494310
294.600000 113.337350
242.383000 -300.373699
20.627000 -230.614659
2.807000 107.243382
-87.280000 139.481332
-53.183000 227.257373
138.334000 -313.856586
109.399000 63.446364
-79.321000 92.580368
163.854000 78.466371
223.840000 233.906285
9.259000 -174.575712
-191.084000 -45.483708
-109.166000 -167.107795
60.204000 35.056209
-49.835000 139.255213
11.213000 -264.148875
164.143000 -93.107871
-244.058000 37.336100
-276.345000 -23.702019
11.988000 104.852951
-227.789000 -95.822078
83.751000 164.938803
259.521000 17.250774
78.412000 -46.619255
-39.166000 -98.306375
-34.039000 239.098597
119.253000 40.295567
7.442000 58.003419
-68.504000 22.298361
286.354000 -65.568696
-100.867000 -251.716843
-63.473000 104.471099
-295.595000 93.490042
-135.024000 53.275893
268.307000 246.343836
-57.791000 -63.438222
253.015000 26.620630
109.718000 235.400549
177.430000 -113.792534
290.735000 167.424293
167.851000 -278.193789
246.463000 -127.673871
-216.907000 -254.353045
221.898000 -262.361127
-115.021000 -67.965209
-9.845000 78.499618
225.851000 -273.263464
159.108000 -310.661568
-286.763000 -59.435762
-190.015000 228.630134
-244.157000 -245.914968
21.995000 -326.387162
198.372000 -228.606267
-129.718000 -288.239369
29.483000 -126.370564
79.838000 -93.061667
225.855000 1.942230
-239.176000 -176.687983
247.914000 -0.995103
-28.756000 -68.163224
215.766000 228.021564
-147.003000 71.321443
53.277000 57.800322
-35.920000 175.041111
-91.308000 -169.532010
-12.436000 47.797869
-31.385000 -326.934343
-15.429000 -150.599477
-131.366000 -294.655612
130.505000 -254.500838
-237.154000 28.319028
-51.398000 124.741894
-126.449000 35.998668
-191.757000 264.621533
-263.293000 20.736399
-113.952000 -254.988826
-46.769000 132.155039
-190.195000 -148.003105
-193.510000 128.137658
233.453000 155.495514
247.925000 16.038369
205.535000 -105.654867
17.815000 -314.583011
94.378000 8.550843
216.129000 258.698608
-220.814000 -92.128538
228.505000 -202.554682
-282.602000 -26.750925
129.300000 195.523923
-298.599000 -140.330229
204.028000 167.856527
-299.759000 88.610376
-213.521000 -121.833776
-67.961000 -212.533020
-54.251000 -301.716171
-156.144000 -181.767323
283.913000 -201.555567
-68.829000 -294.177722
-18.555000 -108.825879
258.770000 -266.652127
106.581000 -105.615283
197.999000 67.009561
-92.894000 6.974313
207.969000 11.384157
-238.313000 14.581001
215.109000 -288.634247
-52.027000 -37.158403
-113.983000 114.701439
-4.433000 102.055190
-206.220000 214.056032
-179.305000 214.895874
-194.117000 -299.513375
255.796000 168.855467
-150.788000 13.995310
118.231000 -214.018939
289.238000 11.402902
-287.858000 64.771745
217.185000 -47.620504
241.591000 10.131341
-5.184000 265.484185
213.102000 176.264936
-218.487000 227.271780
214.305000 -17.994377
284.024000 143.975376
169.681000 181.173220
157.388000 -112.540937
-6.017000 -189.219185
262.923000 -182.791338
121.611000 -158.176490
-280.138000 -309.288734
-117.043000 -224.723888
-182.253000 -130.049040
142.155000 221.761716
-145.936000 -240.378437
-177.687000 48.728411
-69.327000 246.328166
144.785000 -143.683987
-146.595000 136.631867
25.131000 -40.473372
-292.565000 -190.139519
-276.865000 86.460333
209.136000 -5.538905
-173.720000 -277.561051
235.939000 -198.758200
109.832000 37.944562
149.096000 15.185415
-281.611000 156.044268
-98.346000 -35.338963
-182.396000 42.689897
-21.362000 -181.840242
212.765000 173.010526
-87.587000 -175.007614
-190.475000 -59.039753
29.741000 248.536015
267.986000 206.110876
-228.142000 102.509737
110.335000 -219.491495
-13.532000 41.203375
-123.100000 117.079244
175.540000 -152.764978
245.010000 -23.057108
-98.853000 156.037761
281.961000 -102.806461
181.237000 211.158408
-243.533000 17.341278
-227.511000 -328.742944
206.750000 -10.577075
64.251000 242.643806
-21.060000 -154.086405
48.662000 -54.366525
244.093000 259.146356
-149.645000 173.003144
93.727000 -74.687975
131.573000 101.983906
142.459000 145.339694
274.399000 -96.257426
205.479000 -176.788546
-111.433000 96.543256
-167.483000 22.014149
-47.493000 53.146040
-14.993000 -68.464158
280.672000 -171.102265
-236.271000 187.663626
-101.650000 88.609428
165.502000 -316.849680
-222.223000 -287.940788
-39.119000 -48.388986
-46.480000 144.150919
34.679000 -56.349176
-189.956000 33.376639
-119.570000 228.505543
-132.707000 16.761449
234.953000 260.363262
111.419000 -262.272832
-199.841000 197.235074
-58.675000 -37.523113
-109.549000 202.304792
64.839000 -109.000289
-47.765000 88.199538
-253.929000 37.643457
-267.121000 53.555375
-58.911000 -146.615798
72.206000 -277.331879
214.235000 200.156039
72.869000 158.322867
262.600000 85.478786
270.118000 103.462704
277.275000 -7.812454
-92.610000 49.030478
-135.498000 194.099409
-284.038000 -162.747749
175.337000 -183.021818
-183.038000 43.480115
84.468000 -24.572043
-203.922000 137.313888
-200.173000 30.284820
25.777000 186.624662
-66.370000 52.286608
68.132000 -138.679447
80.604000 208.278409
-244.209000 -77.193645
-59.284000 -7.900700
-216.698000 -54.428845
110.226000 199.667102
82.458000 148.443048
-55.523000 58.100902
-124.129000 2.516849
97.122000 -153.201191
140.700000 72.516678
-201.199000 -257.991362
-177.617000 -136.330402
-6.268000 -0.223533
146.637000 178.315427
15.896000 -52.314613
-111.980000 -33.446744
219.093000 -268.686783
249.012000 -222.921824
-294.094000 -160.299940
39.230000 221.260035
203.135000 -324.664991
238.765000 -230.102107
257.388000 -154.512133
-265.176000 -204.901159
91.253000 -252.267275
168.874000 -126.258300
135.612000 146.142674
16.822000 -9.641442
-196.145000 253.642547
130.446000 -330.205465
-243.643000 252.895434
-87.752000 -53.902578
-246.846000 -73.915588
-5.511000 240.662311
48.552000 -49.326701
270.542000 -70.473712
96.366000 -113.982813
278.172000 74.820176
-35.916000 -216.286821
159.433000 -81.400907
-278.531000 -236.564904
134.027000 43.357099
-0.687000 -266.187987
67.083000 -311.028984
201.608000 15.413050
218.816000 -296.548096
-117.577000 110.589937
-261.551000 165.011971
256.000000 -87.062161
36.494000 -92.013114
207.909000 -297.951066
-130.898000 -154.339198
116.194000 146.353850
-69.126000 5.176898
192.372000 -6.451234
184.284000 -47.329186
-76.483000 -319.204138
64.048000 40.699730
298.496000 -177.884208
183.055000 191.300854
131.306000 -325.391264
148.202000 -37.185202
-127.156000 -187.892140
-196.358000 -232.696258
41.129000 -182.249196
-191.095000 88.898867
-184.579000 162.944748
15.161000 244.259810
-117.249000 -16.759114
278.395000 -92.073219
260.777000 30.047857
283.093000 253.263933
143.456000 -178.892172
267.665000 -78.047096
212.687000 -72.728021
91.942000 93.499874
-157.772000 -179.394050
58.537000 -180.858974
-66.012000 130.881934
150.155000 78.459022
206.237000 -84.757890
38.597000 -44.890982
214.045000 -234.340894
181.932000 -159.029806
261.971000 -247.376898
208.049000 60.442190
226.047000 209.138277
-18.691000 -24.923814
255.682000 -26.374716
42.447000 -33.308617
209.467000 -37.771697
51.308000 227.873402
223.767000 50.847500
-112.655000 126.311420
-39.355000 -26.050481
-277.649000 -262.544382
-61.915000 -7.735463
-10.337000 -253.813364
-139.295000 -62.097256
187.137000 95.070673
237.133000 218.279781
-74.814000 66.472889
-274.505000 -43.440182
69.683000 -298.263074
181.520000 -167.341965
-85.657000 246.576963
-39.107000 184.676072
131.647000 -314.483820
-193.930000 0.324117
35.336000 -329.605767
244.278000 -192.339651
108.485000 66.542286
44.983000 53.486402
-227.268000 260.236519
288.547000 -136.838545
-161.229000 -61.522429
146.029000 -31.895312
-91.992000 158.998625
-296.302000 -125.376253
-86.975000 -305.521130
-199.637000 -220.411186
-275.424000 180.260936
-197.273000 213.267058
100.727000 134.534003
229.966000 176.764124
68.253000 -185.140753
-217.679000 -42.031809
-229.954000 -112.839687
82.051000 -45.588560
-240.175000 -146.465610
-71.039000 -202.358483
293.986000 47.540644
-100.573000 -39.382406
113.108000 -74.686279
54.304000 236.732848
24.025000 108.117798
-111.977000 -97.825075
-33.116000 175.765052
107.203000 -320.082995
-232.756000 -296.510864
211.207000 217.933267
13.065000 133.102220
-45.049000 -244.920649
127.421000 20.025481
-204.006000 209.533434
126.375000 -166.233435
174.977000 117.273696
-55.025000 182.643648
-260.344000 140.246782
106.918000 -166.275086
-286.521000 -315.115132
-282.391000 -136.824998
-221.719000 -312.979866
-250.943000 -135.768911
189.218000 -314.479778
257.148000 190.279355
288.613000 -292.056691
3.298000 251.941442
-48.003000 -302.714425
-179.840000 6.215530
-229.043000 -279.179337
-152.865000 -256.966203
-79.460000 -10.815248
-282.868000 -7.464115
179.168000 -313.853981
-184.411000 125.283975
207.811000 -87.373893
-190.709000 -11.245759
240.375000 -212.969804
46.737000 44.925328
-132.877000 129.939461
10.534000 -118.844584
-197.727000 46.754547
-239.945000 -23.395320
-141.781000 -32.161365
144.060000 -50.351233
-232.777000 -151.263100
-179.923000 141.007855
167.978000 132.392986
-237.069000 211.928116
155.470000 -276.465932
-138.249000 95.467199
-252.634000 -236.125670
-28.114000 -195.165718
266.427000 2.574413
-52.044000 -161.262456
68.731000 -244.679505
-78.358000 77.011627
12.584000 -209.308246
278.540000 -328.637299
-206.126000 -200.989171
-19.915000 -280.053044
-217.876000 159.245903
-148.844000 98.027030
-190.168000 -286.233843
157.251000 -19.643894
56.103000 63.581232
-229.154000 -112.136641
243.165000 60.509302
-212.685000 102.929423
290.155000 182.943544
-27.471000 -283.403513
-119.964000 -289.027392
298.277000 -268.699272
279.800000 -159.591329
-164.053000 -131.157208
143.031000 217.346913
-107.540000 -109.344144
265.786000 203.498969
211.982000 -212.913919
156.412000 160.876015
-50.672000 -191.640872
-211.290000 -276.905758
-62.406000 76.625175
-226.395000 7.676288
-156.981000 -24.859598
110.919000 186.218335
31.682000 230.309448
-263.267000 27.571551
109.453000 -150.685525
272.644000 -159.897423
299.906000 163.875680
-275.621000 -139.342396
233.727000 -288.276293
-51.975000 218.481809
219.474000 -210.850268
36.924000 202.762836
-43.492000 165.359937
27.069000 -53.348151
-82.092000 -12.959060
126.533000 259.477031
178.972000 6.071942
-55.602000 197.779033
26.741000 160.357124
138.121000 -317.133965
-263.519000 -246.071875
174.586000 -70.129784
-165.307000 217.473128
-150.077000 -142.046795
-246.649000 142.199284
-83.538000 -320.729817
-286.916000 35.134260
-290.140000 162.407338
-223.170000 -99.853763
226.832000 -5.851685
96.602000 -215.182607
211.180000 -53.324708
19.049000 -264.604630
-135.947000 -295.947564
204.997000 -58.676679
-38.434000 -99.138613
67.419000 25.833453
120.838000 -297.038661
24.972000 -295.536595
-55.307000 -154.852529
291.728000 168.713357
299.914000 -137.105578
44.367000 -71.585511
109.059000 118.366363
293.994000 -52.804582
92.867000 29.369472
18.334000 -59.950653
279.773000 -102.660598
30.256000 -293.922544
147.918000 18.198330
-75.396000 -81.258615
249.903000 -30.665560
273.211000 -133.709686
220.961000 243.640359
-71.284000 197.046404
-132.834000 -308.464731
-34.101000 -158.016688
-161.077000 -53.702643
56.820000 -150.559778
-207.412000 259.970266
-284.262000 -131.722690
-223.934000 206.522175
296.194000 -62.635780
-28.022000 -182.105744
155.538000 195.698111
-151.157000 67.422147
-163.920000 177.367183
-167.672000 -47.208962
-49.963000 -326.617926
236.793000 97.181110
245.177000 -300.924034
-150.381000 204.698001
-139.968000 250.043037
60.213000 -267.738114
153.884000 -114.792086
-218.756000 -60.251057
-146.396000 205.225791
-210.706000 -90.025181
-91.176000 164.958849
119.068000 56.166696
-159.475000 198.654724
262.324000 -112.623246
-77.353000 66.410602
10.863000 144.302624
-253.841000 -326.615353
46.449000 15.904489
185.633000 -322.493487
21.138000 -173.406465
-230.816000 -246.287622
109.927000 -8.698599
230.341000 -325.929576
212.061000 -297.503735
-294.317000 170.864288
-61.895000 -18.827693
209.495000 103.051146
50.106000 -195.812836
-266.207000 176.047183
107.106000 -94.721978
-33.159000 -50.771959
279.146000 248.049059
-41.974000 -12.407102
169.885000 75.838917
275.150000 -43.368064
-215.254000 126.092772
-222.210000 -259.140210
-103.195000 142.744807
96.915000 -209.538356
230.570000 -114.233340
-55.780000 -141.436323
293.947000 78.072515
-240.237000 -139.532468
284.180000 25.633548
259.822000 -216.062615
-5.171000 -174.188597
135.124000 -128.103579
-256.756000 -26.522742
271.618000 -187.453725
164.173000 166.649294
-42.931000 -49.297869
-60.906000 122.509148
204.483000 -90.272834
85.517000 98.309003
100.040000 -272.480978
-130.873000 46.620042
222.912000 69.815882
218.362000 -236.164097
-44.713000 -5.808076
298.153000 -170.900236
171.620000 -156.020215
-147.599000 145.263806
-224.662000 -238.954354
-245.705000 -156.281334
-178.415000 -140.872313
18.928000 223.955534
263.886000 225.030562
19.258000 78.272589
62.279000 -107.461565
205.691000 20.248462
-85.778000 -329.147511
94.722000 -256.604664
-294.877000 219.914362
152.509000 -25.159611
7.082000 -252.258764
139.099000 -19.313727
101.801000 -118.621691
184.261000 -18.173833
-0.586000 88.862204
-169.553000 127.581241
-137.922000 -322.992903
282.778000 8.433134
49.848000 205.161171
-36.095000 -155.048972
69.473000 -293.523935
228.777000 -9.071884
208.712000 110.125987
221.524000 130.818038
-271.905000 153.384090
-68.571000 -287.098040
-268.431000 178.737012
-87.149000 -107.245937
-231.660000 44.477935
-152.283000 28.708985
-134.328000 52.083037
235.997000 -261.788072
-45.520000 253.480998
-245.663000 -28.801931
267.565000 -323.334041
242.040000 -202.547971
30.129000 146.074099
-194.316000 71.398990
137.322000 -185.205940
-294.354000 259.648130
-113.076000 -94.328979
210.928000 -262.960885
-296.486000 -289.941791
-267.955000 -315.874877
33.477000 -160.748783
-44.655000 -270.674689
154.836000 152.473226
68.638000 146.873319
103.131000 151.162412
-14.950000 -150.743673
-2.934000 16.213421
100.639000 -21.146457
260.451000 -240.632515
149.778000 125.410606
-31.816000 152.769727
-46.192000 -213.701330
-147.638000 88.689790
-4.823000 125.742912
206.524000 103.523854
-71.058000 238.412976
268.337000 32.254097
-79.558000 -2.833930
82.410000 38.125223
292.813000 76.584375
-253.889000 230.494349
256.199000 -41.927499
11.827000 188.868652
134.112000 92.286626
-20.979000 228.650779
-46.808000 237.778931
151.054000 -35.795096
211.084000 -227.299910
203.065000 -291.282725
249.998000 133.125284
-245.366000 -238.488530
66.806000 42.250654
32.981000 26.363663
-177.175000 163.129848
175.842000 102.883034
-250.314000 144.388043
-8.227000 -234.600773
-39.485000 -260.812552
-42.695000 -259.300507
152.073000 26.111714
-146.456000 260.429936
69.049000 -306.593020
-59.955000 -300.548799
-160.733000 236.173422
253.136000 -221.055533
47.498000 -186.129313
278.565000 -116.725092
186.580000 170.553991
-243.285000 -284.666750
83.514000 -265.137491
117.307000 48.715591
-73.261000 -329.109150
-0.287000 -45.552891
-188.242000 153.966191
168.499000 -288.821550
-183.141000 136.781708
3.729000 -211.177209
-94.287000 133.651089
256.053000 -255.019614
-225.925000 189.352509
110.728000 207.029805
-169.707000 -233.751897
-214.937000 -273.794774
78.361000 87.402523
-231.957000 -267.366179
235.973000 87.701943
-226.392000 -236.041760
74.938000 -9.436422
-212.695000 -326.025260
-105.152000 -264.745923
-260.524000 -173.603586
-265.953000 -317.214424
31.098000 -68.125087
-299.059000 -3.408749
-248.432000 -117.858587
165.540000 -299.646249
-214.489000 104.223088
226.457000 -275.485710
229.820000 -114.015331
-159.889000 -168.668954
-284.231000 -245.230753
128.954000 218.450626
-162.562000 -98.908997
-279.713000 -133.007793
-134.385000 -279.029416
190.597000 186.811961
-122.156000 232.806164
-203.239000 -266.082419
114.061000 -100.112002
43.437000 -18.481757
18.495000 34.902660
22.270000 227.156076
91.858000 -142.437679
-278.009000 75.637739
143.620000 -212.737844
129.094000 -278.731599
-246.075000 80.358817
-79.595000 103.434274
260.742000 -231.388440
17.620000 -158.063982
-59.416000 -320.231525
-89.941000 -190.559239
227.537000 184.364217
-202.067000 -162.598325
292.427000 28.456961
14.449000 109.823418
16.133000 -287.549125
-121.922000 35.710201
-243.190000 -138.373302
203.191000 192.113196
-87.595000 -204.487478
242.948000 -77.156980
50.113000 227.843517
-253.274000 -231.234157
145.002000 220.240340
-212.789000 -39.601162
163.416000 -215.509836
-132.439000 67.334702
-224.576000 203.222238
-248.999000 59.078606
-182.782000 -295.816857
-144.483000 238.191680
197.321000 84.850048
34.011000 -28.326415
71.487000 201.585122
233.758000 237.588489
-211.572000 69.667027
172.878000 71.479604
-84.166000 -171.436987
111.587000 73.139589
137.276000 201.325166
-297.198000 81.120575
66.968000 -157.041848
141.792000 -192.356270
-233.363000 -225.841862
-146.225000 -107.556285
221.063000 35.579292
15.010000 195.983741
234.943000 -223.066641
-153.821000 -27.021024
95.979000 -212.819575
-220.098000 79.793042
17.939000 -173.392340
261.277000 -25.529892
-9.494000 -185.617274
-294.680000 -288.978656
203.951000 -147.802207
-169.794000 -202.988551
-184.377000 107.601107
31.903000 -187.865404
59.819000 -187.594746
-134.340000 -287.005089
-244.614000 168.944400
-111.526000 -275.944943
-66.398000 -11.813286
172.495000 196.418203
-289.083000 199.362861
-270.017000 158.174558
-133.917000 55.228088
99.764000 -30.734216
-185.280000 -189.217519
-159.859000 -233.673989
-130.123000 -296.030292
-205.449000 -21.685595
-149.788000 -278.438064
253.006000 38.487631
137.475000 -21.760672
-259.025000 -328.703100
289.974000 -201.418363
178.994000 -143.511626
-224.464000 -327.901054
104.014000 101.370682
119.408000 169.137419
-154.774000 200.123991
-19.113000 -31.739272
117.934000 -184.859535
-51.154000 84.570037
-19.128000 -194.135186
125.402000 34.272592
-267.554000 209.529206
-72.259000 244.024984
15.396000 -321.509237
-108.327000 144.696376
-156.981000 -175.035846
-15.557000 91.719932
-75.672000 97.113545
159.072000 -319.602677
264.425000 20.904144
-255.817000 -238.447200
161.406000 -318.282380
-172.344000 -299.658561
-270.292000 137.169095
209.068000 -159.993085
-229.086000 210.613735
61.024000 -283.161609
-109.957000 -198.062789
68.168000 -277.221968
81.138000 115.212730
-2.302000 142.785593
-100.847000 194.503456
-148.807000 212.130156
70.304000 -199.222981
-39.988000 -278.215118
84.596000 -330.969419
200.632000 247.507444
146.092000 -40.855693
-86.248000 -46.030994
-217.176000 -91.686086
-287.369000 168.896821
-172.438000 34.399567
276.566000 165.951473
-29.488000 -295.529620
-7.840000 24.763126
33.596000 143.953033
-166.209000 -232.797059
108.904000 67.032686
70.818000 -42.928407
13.577000 -125.777453
244.460000 -138.799662
-98.764000 -311.705708
218.571000 -96.468754
55.173000 -109.108962
182.162000 -87.636009
-170.233000 172.615946
-274.811000 201.788736
48.410000 -327.255309
-176.341000 139.655645
-280.379000 -316.996515
-76.386000 -326.818513
157.824000 219.277489
102.227000 -15.858671
227.294000 -84.998670
40.422000 -277.116668
200.518000 -244.287827
-151.450000 -314.570826
-285.249000 200.015176
-236.496000 82.822017
-58.644000 140.953068
90.346000 -34.607882
55.740000 102.032009
60.752000 -12.339940
52.379000 -325.127889
-111.421000 229.810003
85.396000 93.917054
-81.228000 -236.131895
272.628000 33.080996
184.924000 128.533046
-248.042000 -145.383852
127.686000 -246.345909
52.613000 157.875192
-48.187000 -38.698706
199.890000 -233.280763
-82.814000 -283.789661
20.075000 -277.414560
-69.647000 -125.100617
-159.487000 233.570484
-122.179000 -197.436414
273.704000 205.037582
182.751000 173.123736
146.187000 139.667889
-30.257000 -7.701115
-131.419000 -249.022962
206.584000 -3.188809
69.296000 -82.941813
-201.257000 71.644341
124.231000 -269.298506
140.544000 -27.440510
-143.564000 -101.055303
-115.018000 45.728903
-274.426000 -323.053048
3.336000 -83.842842
-115.427000 -56.963636
-103.566000 -119.046586
142.570000 -67.024380
99.418000 0.667826
-100.137000 -96.625124
64.395000 -279.220918
245.393000 -158.192659
-203.473000 -85.548555
-285.661000 229.019705
-114.394000 -299.280035
71.357000 120.355069
158.961000 215.226329
64.231000 -233.573411
-226.636000 244.433693
-245.317000 24.357952
-98.021000 184.885211
-287.096000 8.352372
136.027000 115.666686
169.589000 -144.113000
25.853000 -0.689839
-221.254000 -146.394525
-75.282000 32.848790
-207.023000 -313.816050
175.359000 -90.358737
-101.174000 47.184578
-236.570000 221.548738
50.712000 24.487108
-138.826000 199.973480
42.692000 85.334697
97.537000 -242.513931
60.707000 -91.977561
255.575000 -62.688344
-169.226000 164.553027
-240.276000 131.676398
76.688000 -178.056385
-19.672000 -23.882014
95.459000 197.094415
182.305000 -202.919307
129.679000 149.789122
-71.739000 82.549551
291.154000 44.567828
-77.593000 -222.906743
62.119000 -108.252314
162.855000 -243.112037
-227.472000 -307.093608
91.694000 -211.353179
66.172000 -257.767840
-250.715000 -246.575350
297.302000 163.954139
-242.638000 -339.229522
-84.566000 -193.716033
-180.600000 -96.435544
187.529000 -274.574205
-63.605000 161.214285
-26.314000 -279.341225
52.714000 -134.444886
144.077000 -309.153335
-297.890000 -232.369783
-170.210000 138.834619
-4.611000 -54.619830
93.711000 -14.952278
58.381000 -201.950876
104.887000 -244.435324
-127.173000 -125.707773
298.714000 -144.196370
-241.059000 -112.807819
246.703000 -239.693204
-153.415000 -180.438736
-165.137000 152.809879
-145.079000 245.347493
-284.976000 9.893960
256.829000 -88.535425
262.835000 36.052191
-97.881000 -215.361342
231.492000 -338.737727
-227.613000 -52.154112
-216.860000 -14.140579
26.589000 -248.318899
-105.278000 -331.682219
-4.883000 51.749314
-2.865000 -89.620007
204.540000 -169.481328
137.185000 148.293205
168.218000 232.120885
257.246000 -70.144435
213.692000 -232.411902
278.431000 -32.844157
44.619000 71.297588
-11.850000 -275.945812
0.735000 -100.875067
115.970000 -200.912323
214.708000 155.829276
111.932000 111.745021
250.945000 -300.641234
-218.260000 -312.827634
42.215000 -154.994890
-58.755000 247.213922
-104.714000 -277.936412
-138.350000 -327.694601
-299.830000 196.963210
57.380000 178.295876
254.875000 -176.594314
-69.304000 -112.265502
-138.117000 -335.102837
-122.876000 -61.963025
295.988000 19.664786
-108.881000 -229.385481
-213.813000 -234.911602
194.718000 -205.905725
219.378000 -284.182992
-223.013000 -17.457113
175.642000 -159.390236
-164.122000 -178.682502
67.305000 -177.227625
244.449000 197.870252
-130.795000 -323.623014
-223.750000 51.419931
-31.813000 -300.149125
-69.044000 -250.622322
-179.120000 49.404622
178.352000 -169.638434
-136.689000 -324.969631
-255.736000 -10.698687
-263.897000 172.805257
85.562000 82.488060
-129.537000 235.756003
19.832000 59.110015
-295.961000 -29.183114
-278.408000 -266.402103
-243.658000 -163.565092
-245.618000 -300.064221
189.158000 -184.992209
77.890000 125.757802
187.929000 -246.779327
-290.510000 105.597684
-30.647000 -223.790304
109.095000 -165.506364
25.821000 114.916715
286.554000 -286.588207
-59.272000 30.028733
17.378000 -189.614188
52.587000 -176.775109
-21.474000 -27.175168
169.352000 257.272911
96.872000 48.902990
107.988000 -311.933070
219.693000 -304.949922
-20.878000 106.098226
29.570000 -184.484763
-96.762000 72.213385
-256.810000 65.278533
293.772000 -321.608457
204.170000 -188.713310
-132.941000 -139.892162
-157.841000 0.695849
181.346000 3.629997
-84.813000 -151.111785
-90.357000 -216.287702
4.795000 -13.982483
74.389000 -228.482265
273.710000 -241.430182
-15.521000 96.038036
-128.477000 -15.052745
73.967000 175.158337
276.260000 -258.367444
-290.355000 38.723774
193.942000 -192.754070
-135.122000 -137.824780
149.267000 129.433511
197.391000 164.778667
-80.405000 -129.562042
219.941000 230.940249
59.536000 91.021404
-298.645000 -109.715305
-236.725000 197.336987
-41.854000 121.573142
113.712000 216.552506
144.245000 -223.563128
257.668000 254.353102
176.799000 -103.506533
12.491000 -33.278168
-106.395000 -136.705938
177.838000 80.545428
-283.222000 68.583792
159.738000 55.403021
-167.074000 199.090387
70.227000 -39.380174
-24.395000 -80.448866
-262.101000 198.430574
-128.624000 38.903014
-56.889000 171.335322
54.197000 245.643761
262.626000 241.397201
-239.481000 -259.003491
-15.054000 140.931949
132.849000 234.238388
-91.398000 -23.812225
-289.512000 -111.707708
228.233000 -311.353191
136.532000 74.403197
-5.290000 102.514714
-294.260000 -234.839769
-91.860000 44.684617
164.408000 -34.186866
-112.457000 107.566651
85.608000 -160.074962
-10.782000 65.845636
244.859000 -12.387767
-270.904000 233.568703
284.412000 53.942300
2.939000 -340.467102
-22.917000 -208.423633
-263.510000 187.051965
-288.926000 39.686563
-276.053000 -35.920968
18.045000 194.931630
211.730000 134.400311
-20.582000 229.597867
-295.644000 -158.815451
151.996000 143.739231
-177.141000 147.023786
226.704000 -217.087532
-198.455000 112.702150
-208.554000 -192.743296
144.182000 40.189386
-43.134000 -300.834932
22.516000 -322.896286
-41.900000 -204.412515
169.081000 -277.552744
-217.575000 209.326902
53.912000 -119.348327
-191.948000 189.072444
-243.413000 87.763090
-267.955000 -250.268139
-11.911000 -26.805368
186.865000 -98.102722
146.397000 -291.972857
-11.403000 -316.502991
216.965000 150.152751
169.549000 202.986617
-234.944000 50.742482
32.152000 212.672225
-143.687000 -128.854910
-250.515000 -241.778044
240.084000 167.931698
58.939000 -98.807436
229.812000 -36.463470
222.833000 -300.822626
-3.398000 -192.356661
39.858000 -258.524694
54.870000 -171.761850
-210.624000 -133.593885
212.983000 171.713082
-243.661000 99.243926
-28.658000 107.919892
-246.907000 -131.112142
117.395000 -326.032190
173.611000 -4.647117
-76.911000 -270.280045
258.315000 112.406907
101.286000 -300.479020
61.930000 -24.821948
-24.131000 206.564005
131.814000 217.141077
98.508000 149.608149
-21.923000 -222.466898
127.142000 -317.611714
-20.491000 -147.294529
-299.799000 186.357539
100.976000 40.862724
-5.207000 -303.629092
284.372000 -199.073023
-204.387000 -197.473839
-298.923000 142.208346
-273.272000 76.744414
-131.312000 -54.714401
35.296000 -316.685097
34.320000 193.064094
57.364000 149.610398
261.997000 -60.803297
240.923000 4.057893
219.092000 4.146198
177.399000 -11.369497
-52.662000 -201.674307
91.699000 -311.659003
-192.929000 35.303301
-275.579000 -253.323379
-17.114000 -280.899947
-297.834000 -89.241515
107.196000 -145.924194
257.901000 -306.308762
207.568000 43.680670
72.274000 75.230990
265.130000 -62.797578
159.707000 -161.841146
102.774000 111.992174
67.108000 -2.729259
122.901000 -25.310692
-164.594000 -99.482234
5.892000 252.397332
21.102000 -43.840101
-174.793000 220.549357
152.483000 103.264923
-109.829000 -42.225510
51.015000 -300.062052
-285.090000 -107.063485
-242.365000 -269.783777
-124.986000 189.461826
3.117000 -210.070466
129.937000 -26.220757
72.100000 -324.436154
-23.785000 -217.223446
233.731000 -230.046737
-75.405000 -288.740135
-101.897000 120.175574
123.815000 -133.279717
119.098000 -319.530963
86.037000 187.887895
-7.129000 -129.204248
-147.352000 -285.548493
-217.484000 -326.864635
133.534000 -306.485777
-247.299000 216.472977
-184.329000 186.021834
-250.196000 130.065693
-200.182000 -48.720554
-200.345000 70.289460
-174.369000 2.832474
-97.812000 -261.046613
-258.533000 35.525401
-76.959000 -194.561586
-233.318000 -24.291673
86.914000 -289.662659
166.875000 -333.371645
224.076000 -94.673732
-19.987000 -105.468718
83.496000 -223.478542
250.475000 -220.253463
173.009000 167.325712
74.221000 206.825888
-63.056000 -145.274033
-214.868000 239.153143
176.740000 -0.444682
-147.397000 50.560397
-85.553000 -261.001427
233.654000 -236.322251
228.576000 211.495999
-102.418000 -179.076656
-18.936000 209.615688
-1.241000 172.877939
262.236000 -119.273717
-157.667000 -3.761373
-202.498000 -31.396122
15.142000 -276.388778
-45.605000 -94.188434
65.244000 159.156817
-0.703000 -262.453664
-31.346000 217.984855
239.410000 -75.452716
207.039000 126.986803
-193.585000 -136.826679
-39.778000 -49.398250
-109.683000 9.031269
-215.551000 156.684788
-272.157000 -309.946783
124.352000 -129.627265
-130.004000 -153.433566
-250.519000 -136.928953
137.172000 220.282746
88.391000 -111.797555
285.303000 215.059058
-47.654000 -193.107243
162.438000 -202.787544
248.162000 -156.542931
112.725000 46.952768
-204.654000 108.315467
82.083000 -77.677731
35.269000 -340.156846
143.815000 -133.816961
201.179000 -115.316158
85.605000 -39.396273
-31.334000 -43.116388
65.506000 -174.593586
-187.619000 -103.827701
-235.320000 -328.471816
-91.093000 -73.310013
-260.102000 -280.203938
252.791000 -194.468862
4.988000 191.001134
-275.409000 -299.289790
-57.391000 -230.160715
-287.812000 -338.020718
-221.301000 207.845357
93.737000 215.890433
89.374000 -34.951570
-30.989000 106.508505
23.624000 45.738774
51.307000 91.369968
-61.925000 -69.911763
-84.862000 185.329507
123.626000 -277.051299
-184.110000 63.740970
-299.974000 36.612239
145.395000 145.402433
146.768000 -101.347297
-35.862000 -203.198027
-190.421000 178.585366
-190.830000 -234.274168
-235.711000 -292.040703
-93.768000 46.661691
99.056000 -0.211844
186.264000 -294.005378
146.624000 -59.475984
63.952000 -71.455519
-142.860000 -310.688054
209.824000 67.047340
11.752000 -273.749997
-250.435000 -168.294335
-48.576000 -245.988739
-266.433000 54.326924
12.558000 45.767586
-82.743000 -123.993818
-178.258000 144.282845
34.082000 -49.875493
-37.663000 -203.813897
-164.698000 -31.236234
109.353000 216.525627
234.725000 -334.007575
278.705000 -187.693715
-190.780000 10.241146
70.166000 -191.033056
102.976000 169.859805
-112.533000 -278.152334
221.484000 -25.881536
-48.321000 -114.410675
151.042000 195.731185
173.009000 -102.784814
-227.685000 -140.460754
151.414000 -64.188694
274.367000 153.173306
128.630000 -237.878633
1.820000 97.728427
-195.960000 -257.492572
-137.096000 -4.754513
-59.363000 -57.207453
-199.730000 -214.972452
-68.491000 -214.659193
-15.978000 230.115065
51.721000 -240.908731
116.906000 -126.089472
230.434000 95.635787
-131.183000 -261.084009
277.338000 32.679249
287.952000 253.911508
-218.957000 -127.376288
-195.845000 -340.122030
-202.299000 35.391427
-215.861000 -138.441167
-30.071000 -252.670710
21.454000 -53.604253
190.120000 -124.672847
76.147000 0.298610
-22.507000 172.292067
26.392000 -152.688527
108.204000 -281.706070
107.668000 221.601387
-43.827000 -50.564006
210.905000 -283.778352
214.031000 149.851302
-52.714000 197.222909
-43.773000 -18.928437
-27.765000 35.441217
169.269000 -171.330176
190.217000 -184.515523
91.781000 -58.310869
-52.323000 180.032738
-200.201000 -259.531413
-76.684000 -21.581563
269.974000 -11.482757
262.622000 -263.342908
113.525000 107.951941
277.898000 -111.986253
-79.594000 139.175597
-163.162000 -118.169554
273.185000 -146.457748
244.806000 106.705102
-242.583000 209.827144
230.065000 30.949149
-282.437000 -251.496808
182.818000 47.300235
-214.195000 191.471238
164.714000 -84.437719
33.516000 -3.669676
-122.292000 127.820328
-220.241000 -233.755630
293.761000 -29.665587
38.587000 -179.936388
-1.613000 -59.684153
-283.544000 -142.288919
-189.902000 -213.138719
193.493000 246.812515
-206.163000 -203.063250
66.623000 -189.235051
-35.500000 243.892183
-199.214000 -301.671582
-1.805000 165.699618
260.643000 183.372042
108.293000 -318.046534
-82.937000 -80.575141
37.196000 112.988283
-111.753000 -114.147293
93.524000 -34.686901
107.701000 -68.397477
160.593000 -292.912053
-13.591000 -13.449660
29.113000 176.983764
139.991000 15.567375
-104.521000 121.256959
-281.117000 222.991570
-140.566000 -78.087819
197.783000 -57.662235
-127.772000 177.113376
80.808000 -98.746012
287.592000 -32.326428
235.612000 -263.521817
-196.336000 132.565794
-85.828000 -340.804433
112.924000 175.916363
-56.611000 -279.944840
187.035000 247.814933
270.359000 3.580729
-143.141000 -111.841474
-232.134000 -262.208702
-86.823000 60.070095
299.803000 161.689891
-188.164000 114.601664
-132.961000 -339.272357
112.976000 -65.382376
-101.782000 -121.358417
-142.950000 -141.766438
-266.639000 232.009541
54.301000 -222.901500
-181.344000 76.944480
-83.717000 66.595459
-90.801000 -209.580582
219.102000 -43.162602
166.712000 -243.498443
63.091000 -137.797301
-283.243000 81.857858
-62.855000 225.272017
259.841000 -27.450840
72.441000 85.265319
-209.973000 -209.918522
-253.144000 -324.255380
245.182000 -30.549220
-294.520000 48.942938
-41.851000 57.928261
80.711000 236.176596
222.247000 -270.285068
34.256000 23.370254
116.477000 230.346590
51.199000 156.971925
-257.173000 -165.056753
125.913000 -134.121416
62.548000 174.370919
26.295000 -171.461758
-99.772000 -280.107250
44.872000 26.256258
277.389000 -196.079244
-233.980000 -97.809736
255.651000 -40.385228
-155.028000 17.699271
144.475000 140.402779
-103.601000 -255.711713
-231.236000 -54.652215
270.010000 -328.245707
220.262000 -21.934029
-217.440000 223.984641
27.663000 149.297317
73.100000 235.354994
118.857000 -282.318336
98.569000 -143.211660
129.764000 209.863016
-117.446000 163.787687
-21.671000 -228.385637
31.902000 220.249039
216.633000 -184.341123
273.873000 34.073718
11.330000 -242.996441
273.096000 -267.440603
-81.010000 -159.382763
-96.749000 193.631078
136.452000 165.267915
158.969000 -304.385244
-66.242000 22.879596
-112.863000 -41.332566
-289.866000 -301.822565
-31.350000 195.156436
133.987000 -11.758563
-6.229000 8.526439
204.580000 169.453440
292.526000 -22.614559
-220.274000 152.605441
192.548000 143.116442
-226.025000 -214.516557
-3.331000 45.915444
-214.605000 95.428602
-293.072000 -300.879238
-46.391000 -103.755081
50.865000 248.821078
66.759000 -68.340762
-147.097000 -265.553605
-207.621000 188.611553
224.656000 -44.212287
-170.666000 -220.395129
-238.012000 -51.193972
167.140000 98.606344
-92.746000 -271.613346
-124.060000 -184.802036
138.686000 -60.880718
134.858000 -89.205408
271.589000 1.365902
-24.799000 -321.273782
63.524000 -279.113472
55.976000 96.172838
-114.055000 116.116155
-178.390000 -169.587386
114.819000 91.481072
-69.748000 -19.678459
-243.652000 117.570001
-212.672000 19.474459
234.421000 -166.379072
13.921000 -27.183613
-262.714000 92.555846
-112.201000 -195.623686
-199.137000 40.818773
-20.223000 -286.687624
-204.104000 -280.257008
84.211000 -193.625405
88.424000 179.650200
-274.848000 68.940815
-1.591000 115.091419
-279.440000 -257.870978
105.514000 -42.006362
258.382000 -129.756759
-97.533000 -29.223156
158.239000 71.483604
135.401000 -198.089653
12.909000 -321.712908
-196.518000 82.795851
86.925000 18.400595
199.970000 115.651339
-125.376000 22.419098
131.625000 185.748842
268.278000 -162.923415
180.259000 32.800344
225.614000 -34.967775
-212.573000 234.276106
12.118000 246.451004
-29.892000 -35.064116
-30.164000 -140.963235
-228.826000 36.170663
-243.589000 -230.676457
-239.808000 -303.473577
-188.209000 -187.517678
-169.730000 -222.215798
105.800000 -92.945785
196.304000 -69.667751
-254.090000 -77.205739
-128.500000 254.008274
-201.866000 -190.152693
257.891000 -214.119680
-110.747000 -164.052667
18.913000 242.323366
-22.456000 148.799380
249.074000 -0.129608
75.478000 -109.677443
174.835000 -36.303301
282.756000 -322.815160
-294.090000 112.142005
-143.215000 -251.176853
-261.251000 -58.776712
-228.406000 19.234453
254.552000 -279.390405
207.019000 40.383737
-106.159000 -248.012098
182.255000 103.954169
108.882000 -161.044565
193.277000 -147.888272
-78.740000 -17.013005
160.058000 -261.310738
169.025000 -254.041445
279.896000 -3.251178
-160.829000 -144.774911
239.555000 -174.245618
184.016000 140.882649
265.288000 -310.760963
9.844000 -273.809546
-39.048000 118.002843
-15.698000 9.027233
237.936000 166.844650
293.715000 -76.185961
128.032000 131.115427
-241.915000 140.709845
252.028000 -8.124767
182.745000 -20.863378
-56.078000 49.163161
28.877000 -211.060331
-21.191000 -104.211823
-39.057000 177.099715
248.228000 6.700223
-278.485000 232.120730
-141.706000 218.794269
232.610000 0.993776
-235.319000 -254.414715
9.754000 250.612823
236.751000 -114.762553
-236.161000 180.311070
-204.840000 -259.738273
95.377000 234.560350
236.248000 -338.476026
-234.697000 -70.321369
-150.969000 -106.524745
-145.699000 194.373878
-124.875000 -252.966465
-66.854000 143.514158
-202.480000 -9.551106
-172.134000 -335.350334
-273.448000 -193.463598
-231.445000 -162.745861
154.781000 -257.133089
-77.202000 203.632647
-207.983000 -270.075617
-287.487000 223.666155
-276.331000 -146.554109
165.195000 -285.691373
261.778000 18.616512
143.490000 180.253358
267.023000 62.234204
243.095000 -196.580912
-65.959000 137.820934
-1.368000 -273.874220
296.997000 248.553664
203.078000 -327.807489
52.551000 -92.468643
-221.535000 31.701241
-70.855000 -16.248805
-141.337000 -135.459852
-10.340000 86.141141
-281.836000 -250.737906
-225.954000 79.669049
39.083000 -35.716958
-134.714000 -131.451005
176.959000 -176.671051
157.936000 254.027942
-295.245000 174.627895
-12.501000 -253.727047
-217.385000 -172.401947
-216.860000 -125.901889
240.215000 221.106168
138.441000 188.540268
254.271000 -168.394675
-165.103000 -222.277617
-201.413000 -137.176517
65.733000 -100.209459
-251.288000 -157.299401
-135.285000 -258.391199
-97.362000 179.863960
134.567000 -248.848880
-43.425000 -241.600678
-270.208000 -105.134518
-171.981000 29.796641
122.821000 190.672844
263.463000 -1.764997
-165.553000 -273.567838
-168.478000 -282.158635
246.537000 163.179624
155.842000 133.563881
164.512000 232.109185
262.927000 130.155443
-245.594000 -171.796300
-231.551000 232.957004
-133.959000 -293.821738
-265.771000 7.073520
-137.735000 -274.019176
-271.433000 -249.016918
-105.168000 -49.157564
112.822000 -84.500163
242.868000 -98.088809
-229.444000 -5.114454
65.072000 -175.246053
-34.187000 125.416301
-46.889000 125.203655
-220.599000 -338.238943
273.124000 -199.041589
-248.274000 8.556766
202.430000 231.009263
-125.212000 -274.674289
79.380000 -100.517841
207.331000 197.348657
137.718000 -220.238895
225.210000 -261.143446
146.013000 -272.773948
-48.484000 214.884500
152.801000 74.521948
253.262000 -147.148554
100.952000 168.087986
-99.064000 231.002527
50.828000 72.706119
104.076000 -137.942341
-264.091000 29.137199
13.899000 153.826791
18.175000 -300.028669
70.826000 -162.910128
86.114000 58.449464
185.430000 -18.011996
45.789000 244.661634
6.281000 -29.229682
235.397000 -34.406052
279.248000 152.660579
55.886000 -226.921737
-274.223000 -50.472107
-85.806000 -284.682477
-294.619000 -140.100793
-170.261000 228.888837
-282.797000 203.233468
269.931000 -16.927758
39.665000 -335.130040
172.431000 64.026679
198.576000 -107.218547
10.144000 -168.616827
-227.205000 -56.664109
-39.210000 -151.756335
-138.234000 -341.594616
269.050000 111.167102
-194.881000 -18.909124
283.735000 -329.827317
57.948000 -224.000511
45.375000 205.178351
-292.643000 -101.834843
-268.616000 -193.814037
-179.152000 106.639826
-217.897000 189.392632
-259.454000 29.797438
-291.084000 -139.831699
139.244000 -16.892893
289.027000 229.927998
-159.723000 126.126950
146.883000 -248.878158
-62.332000 205.352733
-155.146000 -315.056316
-93.167000 171.428576
-194.139000 191.846468
-201.972000 46.230418
295.480000 -255.757690
270.317000 -211.666798
213.285000 -197.980761
204.658000 87.514216
253.329000 -263.990806
-82.426000 -24.900770
187.880000 -209.343793
-168.007000 -0.931816
138.001000 -222.724779
-275.282000 -61.597802
243.833000 108.185176
20.722000 94.693212
-132.519000 -36.586727
-244.764000 -85.695667
-31.314000 -191.920544
84.496000 -63.623482
-34.309000 -287.466422
272.970000 173.398700
-144.338000 21.740761
-43.123000 -155.741179
17.699000 170.158945
-111.602000 54.719006
-7.843000 -48.905852
-294.638000 -321.319646
10.802000 195.099497
-20.660000 -203.395360
-122.132000 -98.824153
111.056000 99.560990
19.878000 -90.186868
249.680000 -176.375662
-76.899000 -225.914518
-177.623000 -77.512376
-299.336000 222.686913
3.440000 186.256136
-55.610000 24.786358
43.586000 -288.784353
-277.292000 120.845871
-154.759000 -292.870906
284.172000 237.028382
283.818000 213.219605
40.058000 -9.792172
52.210000 -4.786883
-154.047000 -103.285582
-84.965000 150.115719
216.010000 145.541087
0.847000 6.641388
-22.224000 37.411690
235.548000 -186.003942
150.687000 -276.977641
-149.408000 138.476660
257.741000 16.569028
-206.286000 193.114330
28.743000 -308.466294
110.161000 -225.837849
-18.092000 -303.656472
53.487000 -176.882096
227.338000 -190.897651
-111.502000 136.271726
285.538000 30.725102
292.947000 157.321547
6.292000 6.049925
114.424000 244.199301
73.496000 -248.082180
208.869000 176.868269
264.546000 44.586719
-294.020000 -144.608761
-89.694000 41.164689
259.849000 -173.364862
72.766000 -287.594343
112.051000 224.986107
186.487000 197.139557
244.552000 48.672077
215.921000 -339.251403
-106.834000 -98.850883
-36.311000 1.707707
-230.596000 194.708228
-55.328000 -312.117251
-275.097000 -151.166660
-145.425000 -98.772140
175.971000 75.472380
184.068000 -252.612028
186.493000 -322.583508
-6.472000 -80.296920
191.490000 -101.444259
-281.040000 110.532330
-146.887000 -46.437082
-33.682000 -169.617421
282.727000 75.084167
-100.434000 -35.244245
-281.618000 -220.644583
72.203000 -105.857995
-252.724000 -213.936407
-291.539000 -311.919680
-99.241000 -330.175025
47.136000 -279.280371
80.263000 214.191357
-297.317000 254.524011
217.242000 182.228665
178.435000 -56.134607
-109.561000 -169.930954
262.124000 -34.577300
-1.379000 -109.042572
2.293000 -89.836855
-77.192000 135.612863
-89.659000 143.908654
-80.775000 -5.438630
293.825000 -296.793913
28.118000 107.516880
-184.626000 72.814596
-27.079000 -339.624688
14.031000 -171.881896
-283.457000 217.223821
-188.354000 -60.276402
141.349000 107.792451
-184.785000 -305.426774
-275.859000 -280.292997
-299.660000 -244.847143
-29.028000 -83.066367
-10.854000 107.456409
-190.964000 -251.080739
-299.874000 -20.980961
-249.984000 -116.334185
-201.715000 218.645726
150.769000 115.500559
111.555000 -167.124607
94.459000 -91.475696
149.331000 -133.397863
-36.471000 178.902970
-284.407000 185.091881
-221.983000 -171.331284
290.305000 128.540549
-252.284000 -1.917541
154.735000 53.937346
-66.954000 -55.984765
-97.964000 -110.865799
-62.990000 -206.912912
-253.622000 -1.842025
114.358000 -27.445060
60.964000 233.769829
-135.170000 -323.370284
264.064000 150.270682
4.568000 -48.550431
132.470000 112.792508
257.632000 88.694525
238.778000 -214.110537
110.808000 140.894401
-106.038000 -184.956580
235.500000 -197.318643
185.688000 -215.936705
-163.073000 -27.894688
151.468000 167.338251
87.588000 -11.672811
-232.030000 191.694255
-182.848000 -323.110760
-168.480000 104.818225
-162.566000 -70.041709
268.610000 -134.713724
151.345000 -19.627739
-187.093000 217.595327
-93.425000 -44.095687
-162.063000 -206.059702
151.228000 108.767363
147.670000 144.759391
14.406000 -280.150579
260.576000 -163.179469
84.723000 -273.084440
-123.977000 128.175588
-26.712000 130.375699
-216.811000 112.666727
-47.553000 -205.362244
-113.023000 26.675866
83.755000 67.454896
-108.170000 -139.478036
-203.435000 -325.510886
212.382000 152.345182
175.111000 -133.227748
189.522000 -213.918598
252.276000 180.751471
-266.184000 151.331539
217.677000 248.162690
-2.339000 -211.238242
-287.459000 210.696826
128.898000 -241.599986
-113.386000 -221.938881
174.579000 -277.673778
-86.192000 -337.846591
140.206000 -164.724487
23.304000 -277.011382
109.458000 -225.878194
53.102000 178.183909
278.343000 -92.565987
114.152000 -19.467798
222.514000 210.735338
52.177000 136.980474
47.400000 257.865694
191.346000 56.592831
63.402000 5.943968
7.453000 -221.957812
38.514000 -327.965676
245.435000 153.880462
-275.325000 114.556681
108.624000 163.243818
256.166000 -321.162017
-160.620000 -213.123766
-146.560000 -198.842601
-170.346000 -233.214435
289.045000 135.221814
87.364000 -58.972020
115.003000 113.127145
182.099000 -320.108605
75.076000 -178.118439
-248.726000 160.812727
-227.981000 -280.606997
35.382000 195.673194
-269.433000 92.567387
-149.530000 -238.210337
-122.921000 221.258855
177.162000 -312.871954
-29.857000 -329.499677
192.089000 -87.453486
-251.589000 -235.871294
-65.553000 -82.495018
-31.449000 188.522199
-165.851000 57.462414
244.086000 -99.331286
-40.829000 -64.835071
-49.492000 -90.115855
-27.386000 -128.103554
-19.479000 -258.520339
-184.056000 -148.796124
87.600000 47.740177
112.962000 202.982392
289.101000 -247.638372
-29.100000 126.163952
-119.512000 -208.785812
-101.363000 18.479424
71.233000 -10.292255
91.360000 45.024982
246.767000 188.937218
-87.928000 -284.788459
298.976000 88.383777
53.961000 -33.829986
-236.552000 -38.649646
-28.874000 -120.687391
230.959000 234.913865
-222.660000 125.579206
15.891000 126.712461
-19.672000 -203.265285
291.876000 80.932056
-211.212000 92.671311
177.680000 -7.451434
-185.212000 -104.252093
-33.487000 -330.453821
-134.633000 -105.914550
161.517000 -302.818194
-60.337000 209.561078
-112.441000 -85.055651
144.363000 -272.581293
-290.660000 223.987978
274.420000 -324.259752
-272.994000 142.842606
262.230000 40.837877
12.754000 -215.273839
-117.124000 -317.004467
-196.478000 -55.868184
95.130000 131.300101
255.238000 -163.140527
2.884000 -62.591243
52.015000 -266.363959
85.219000 -200.321589
179.004000 170.324697
-217.195000 252.245981
42.854000 37.365363
19.971000 -111.284341
219.157000 -69.477046
-138.614000 151.285335
248.282000 -297.675370
-162.440000 -206.306073
263.526000 -114.028691
113.601000 83.125604
-112.602000 -38.666100
182.420000 -214.768719
44.105000 -77.041416
-21.054000 216.076888
103.874000 177.420280
30.290000 -70.009417
162.415000 -262.158113
266.993000 6.943277
-218.948000 -222.226419
76.835000 -132.506116
-102.216000 -194.649725
53.924000 -253.035420
30.594000 -88.007110
93.130000 181.566286
-138.327000 13.416596
195.561000 177.707906
-110.430000 -193.375697
39.808000 11.256613
122.879000 17.742924
74.994000 -290.826680
221.059000 226.333630
-240.073000 1.814940
235.628000 237.425342
72.321000 -48.574344
102.108000 127.870972
174.979000 224.303372
-255.236000 -95.781313
217.202000 -319.399999
-277.881000 -131.583596
-106.014000 57.733718
-25.587000 -77.970968
-262.979000 26.264434
-28.560000 254.274751
47.796000 -11.631932
-243.635000 181.005472
-216.966000 -158.181210
121.449000 46.154107
217.796000 -34.105490
-207.740000 -230.425172
-27.216000 -73.772855
-229.147000 156.878549
202.556000 -112.140133
-13.954000 -148.160816
55.813000 -244.440412
270.237000 -317.129095
-140.286000 197.753224
50.309000 -308.261372
268.748000 -11.209054
218.609000 212.127264
142.873000 -232.510332
-127.450000 -124.617015
123.364000 29.274303
99.262000 -132.773294
-258.849000 -265.212978
-116.429000 -298.735664
127.700000 258.859740
-129.664000 142.448055
-194.921000 -202.594629
129.035000 256.571775
181.544000 -45.698911
241.800000 241.613405
162.802000 103.411809
-251.464000 -111.911880
-209.037000 127.209432
-110.383000 75.555831
-245.991000 4.479142
296.168000 176.247454
58.004000 181.748853
-237.830000 -293.723835
-115.161000 239.243477
294.602000 105.296874
-93.785000 174.256187
128.603000 29.417492
-165.796000 -254.531115
49.984000 195.195192
-164.175000 -165.598503
236.695000 5.174889
-123.989000 231.579195
215.271000 26.363501
-171.961000 -116.844107
-273.967000 132.693200
-225.980000 -216.915495
-265.902000 -188.394111
-64.210000 245.753186
17.126000 -37.763515
45.075000 -325.382131
-162.342000 221.762167
-259.368000 41.196465
163.299000 19.688849
-42.378000 -185.531854
-285.056000 190.270445
-206.678000 -180.683171
-61.658000 183.557117
-252.979000 211.418405
166.141000 114.931779
-211.891000 -73.834934
234.556000 29.948355
56.544000 -194.895271
193.896000 -180.771983
79.559000 210.678305
47.629000 -123.978322
109.651000 218.576966
190.920000 161.553242
55.788000 -203.530395
158.398000 195.933880
-135.840000 203.135156
240.109000 -321.014482
118.746000 81.675794
96.769000 -170.597931
173.399000 57.818433
-83.359000 185.758708
258.871000 -81.710016
76.308000 -332.761668
151.836000 -141.112405
68.603000 84.549857
-118.367000 246.308206
-159.302000 -241.825531
-238.618000 -5.906269
-251.206000 -95.734920
126.105000 -329.413658
181.727000 -28.531396
-140.025000 -219.057046
-282.056000 -87.082799
-213.292000 -300.596551
161.200000 127.565783
-256.602000 -192.249970
110.724000 -180.497722
223.985000 -265.807387
134.378000 -217.497139
-146.198000 119.936107
283.077000 -146.200558
281.745000 216.386690
-68.062000 -45.900078
160.526000 62.261241
-9.423000 211.588472
105.414000 258.677704
103.434000 61.039024
186.822000 -314.773744
184.859000 -192.832512
40.083000 -29.996194
-63.841000 -129.724962
-68.009000 99.802271
-39.724000 -96.952426
286.393000 -299.206209
-203.046000 -46.687992
-103.469000 62.650310
-150.168000 -43.091473
-196.481000 123.797744
-264.704000 -188.065953
-214.968000 -199.345736
-39.347000 159.926480
127.634000 48.976783
-249.046000 89.249984
110.196000 254.414186
-214.552000 -175.084526
208.751000 229.298676
-178.056000 161.497877
144.897000 -179.661836
3.344000 161.203366
298.956000 91.806568
160.717000 -292.604145
59.488000 142.558057
128.836000 -100.306755
-217.041000 -101.741483
57.804000 254.256704
-154.921000 -129.748108
297.213000 -61.904836
-153.141000 40.257352
200.398000 83.067540
-0.520000 66.539811
-34.447000 -37.896002
-120.307000 -279.962813
172.411000 -184.844555
-232.288000 257.453620
-63.711000 -81.555205
-260.866000 86.724053
-291.749000 -211.607773
248.730000 52.155402
-72.430000 -176.593339
21.926000 20.606835
299.164000 194.835010
190.806000 -229.954732
60.145000 -67.858569
-259.161000 -235.775405
-73.070000 -88.500157
254.187000 240.947007
-45.177000 21.044170
198.206000 32.875417
133.034000 226.317581
93.359000 -108.325256
-151.453000 40.765992
79.968000 -79.912844
-295.438000 -206.773689
235.173000 122.546550
-9.938000 -49.201294
225.642000 -80.491139
153.824000 239.404101
209.633000 151.210257
104.834000 110.757413
-208.211000 -111.946349
132.059000 231.333807
-171.877000 117.078963
48.866000 37.733198
127.450000 -121.449652
-203.427000 -327.100502
216.691000 242.095733
99.436000 122.063883
-135.518000 -92.659966
-170.155000 -130.237731
-219.602000 44.778419
-23.151000 -110.169431
-51.369000 258.699804
117.017000 66.918952
-53.877000 -119.363898
-190.256000 -23.884667
-263.814000 29.492481
299.667000 -298.959370
257.307000 45.347862
267.686000 197.598011
-155.604000 -95.308840
-99.740000 -222.737609
-167.111000 -5.586461
123.833000 -206.283311
41.793000 166.456922
-144.374000 98.909072
81.512000 -25.954779
171.378000 55.160453
-71.326000 -233.034397
266.471000 126.039752
-12.425000 -238.501015
-284.778000 251.464135
-20.224000 -4.282716
266.857000 243.195519
23.395000 72.909673
200.615000 -106.073174
-150.428000 -182.741936
245.123000 -297.316784
235.723000 -213.263631
85.587000 228.981606
-85.476000 -46.003242
-195.977000 -38.922089
292.804000 -37.816851
-33.766000 -218.954691
101.345000 -236.958531
-202.684000 196.349712
62.995000 -48.705128
-173.753000 -263.865968
244.657000 -214.651724
275.651000 -286.375564
-233.718000 2.252597
-209.910000 -33.529160
-12.293000 75.814000
146.946000 185.191170
179.320000 -334.064575
-60.755000 -132.537404
183.357000 -64.337234
-280.453000 -232.014981
-108.907000 -212.377810
-193.764000 17.603360
-150.261000 230.375616
154.875000 94.903786
-98.107000 -164.878044
-197.646000 165.439225
118.654000 -103.982592
132.322000 79.819592
145.790000 -43.248139
-116.351000 -147.553955
-189.943000 -39.029770
-279.696000 28.658497
-137.211000 -102.721319
243.447000 69.303866
-105.737000 31.105134
205.477000 -302.595664
-231.314000 -16.201464
227.762000 -195.934179
92.862000 58.152022
-19.082000 -279.238777
103.854000 -294.922492
142.607000 143.749710
-97.160000 138.301909
-297.760000 -76.615804
-248.267000 -153.128603
139.649000 -30.794384
184.440000 -97.620077
-3.580000 44.173142
225.014000 -335.686637
122.829000 -307.407332
295.129000 -313.178112
-72.446000 225.610109
-6.546000 242.885414
-81.651000 256.360634
176.407000 -272.984145
38.303000 123.489182
193.134000 -198.266575
55.839000 217.632667
-167.359000 -115.317006
-123.642000 -245.285764
-225.032000 -58.814522
146.072000 -256.932193
-244.684000 -70.412951
-91.908000 -44.880710
-70.134000 -189.633382
145.574000 143.107884
102.799000 239.428151
229.171000 -295.849497
-273.095000 167.916769
36.205000 -55.146964
-165.148000 -1.421612
-35.189000 235.906654
253.563000 243.151920
209.556000 115.052273
-57.880000 -5.793460
23.569000 -220.469168
6.595000 -238.683789
130.060000 -235.801497
41.230000 81.577795
-239.899000 -17.971825
-72.864000 -185.843533
58.894000 81.913760
-33.421000 255.582138
251.876000 65.055430
90.725000 205.159723
-135.966000 -302.151870
35.597000 -36.774549
-27.700000 191.600771
60.558000 122.371177
130.840000 129.622498
247.067000 253.946818
141.884000 236.725226
12.778000 -304.149454
184.049000 -239.843134
276.406000 -190.898727
-100.158000 199.029622
11.890000 -42.409028
-71.822000 -280.954590
66.183000 -246.219241
111.947000 -301.606891
133.469000 -60.545454
32.027000 218.850896
0.779000 148.191245
78.563000 -201.321317
-261.809000 97.403033
232.504000 -267.723587
-54.502000 139.322881
35.880000 51.138261
-204.146000 27.892641
-82.448000 76.462111
-131.696000 -46.792509
-209.632000 -3.065128
210.006000 -248.108660
-187.205000 -224.193279
-200.966000 -190.826899
-56.450000 194.958601
66.533000 74.955014
80.973000 -101.840576
-38.511000 68.529925
-145.157000 -52.151664
175.701000 92.316747
-217.985000 -327.743751
-12.152000 -332.607341
-201.982000 82.635071
134.640000 -56.819428
84.633000 -303.601987
86.315000 -108.589544
235.069000 -24.660014
13.756000 -26.796571
-1.454000 -102.986130
200.442000 -322.252597
240.287000 198.599844
-96.813000 -199.624714
102.005000 -24.318183
207.929000 -219.040741
-211.671000 -313.326270
-104.440000 -63.112709
-219.982000 68.914762
172.649000 136.187232
-18.462000 -116.989208
217.149000 186.513263
-191.175000 -337.537266
28.738000 158.906296
210.880000 -87.495234
-2.091000 258.862236
-258.176000 -313.684176
-8.292000 -280.323679
91.205000 43.134819
49.797000 13.947407
22.665000 114.696905
-119.475000 -176.617598
273.308000 -285.134011
-71.465000 -48.440513
25.554000 81.906984
-146.030000 -243.651427
-280.827000 256.352095
151.763000 -325.262383
-264.007000 250.555229
-176.641000 -308.146250
-293.139000 257.725272
173.792000 -84.874115
-35.854000 -172.934593
50.459000 -308.380071
-161.989000 -53.702458
-105.059000 -213.219937
291.760000 195.539606
-244.802000 -212.542758
74.469000 -72.022214
-56.247000 217.986330
175.667000 -182.859036
184.781000 43.079508
39.591000 -85.080949
18.076000 -142.985313
137.992000 -132.278769
-78.696000 -102.192226
8.472000 -113.466571
-162.740000 104.177991
-32.430000 -263.110446
282.437000 65.234209
-236.649000 -60.220228
57.088000 -116.787665
-135.359000 -129.631011
270.410000 -38.853448
258.769000 -82.147886
65.966000 -253.783230
-46.016000 -77.533652
-117.828000 -178.225073
279.797000 -299.742403
-29.912000 -296.086825
117.516000 64.338754
258.254000 -34.087575
290.321000 -51.753996
132.607000 -278.245419
77.521000 120.719253
280.744000 -146.121169
-118.945000 64.693422
-64.225000 -204.039894
158.557000 -286.295304
-256.519000 147.736288
-86.475000 -228.197029
-115.678000 -237.011437
136.308000 147.464154
-11.755000 -248.059162
-243.877000 -265.608572
4.248000 -155.489981
116.159000 -188.728285
74.802000 -143.184684
-172.554000 -299.950082
-298.885000 99.119611
78.304000 87.336213
-32.635000 161.781814
-202.766000 182.711509
-286.743000 -11.725890
-139.754000 -312.764288
-138.411000 -78.562595
73.061000 -331.490986
46.385000 -115.961376
-295.375000 256.892327
-231.840000 -283.135064
115.598000 -73.774455
12.320000 -188.766752
-196.242000 -11.363143
-130.819000 -131.013534
-13.759000 155.630169
-181.853000 -66.181222
220.116000 -161.078607
9.786000 -83.673900
-105.852000 -122.155285
-232.547000 -273.208671
11.619000 238.518038
-251.603000 -208.600347
-208.224000 178.076268
176.051000 224.561975
-174.455000 222.104590
-126.459000 66.219204
221.719000 -333.610085
-103.900000 114.310533
196.501000 -295.557850
86.672000 5.465860
-233.793000 69.095477
142.815000 -192.663905
-92.107000 -218.182195
-224.642000 31.855423
-54.920000 241.083040
135.713000 -287.056250
-204.891000 -117.456633
160.404000 5.738983
-256.285000 161.221695
-66.338000 246.701311
-14.374000 -167.082071
-293.720000 146.407638
-98.837000 -5.592745
49.388000 132.666872
36.372000 -143.416417
-112.883000 -321.397800
216.818000 -304.415185
13.501000 -193.167479
-120.083000 -43.036864
-129.713000 28.805750
-45.546000 43.167458
206.799000 35.809073
-166.038000 199.320686
-135.787000 37.169394
-243.774000 80.898008
-55.897000 155.375623
-43.274000 -53.707675
-206.499000 -70.998064
-102.839000 170.725544
121.779000 210.245248
-182.686000 109.525857
-137.342000 20.990467
182.991000 5.819170
209.397000 38.098779
183.452000 -202.685612
-181.656000 -238.009909
201.197000 80.904695
-98.076000 -65.518702
279.579000 56.024995
75.272000 -213.342402
-9.344000 258.742203
-110.295000 -31.516101
172.895000 -329.719497
-156.998000 173.350107
137.742000 254.342803
-181.417000 235.447407
125.720000 -175.920996
4.300000 90.745694
-260.381000 101.142292
-88.347000 140.052889
-290.681000 -198.404421
121.284000 110.985176
290.460000 187.872773
-25.816000 72.801464
143.738000 -328.316940
56.657000 254.325658
-182.388000 -324.678660
-182.592000 -134.245068
57.010000 -108.547478
-120.948000 49.482207
-22.993000 -71.986203
-105.840000 -9.790612
190.755000 64.956071
264.735000 84.212662
151.453000 -241.425748
85.501000 -185.446063
179.001000 24.346521
101.779000 -74.543894
175.882000 157.069782
256.204000 -79.950633
4.803000 -115.171049
-253.118000 -47.898370
-279.553000 69.186214
-38.975000 102.419799
-23.218000 -206.333525
-259.944000 68.974060
168.181000 -102.723362
-234.778000 -36.372689
162.880000 1.904889
31.938000 -95.245532
-22.605000 -252.149862
17.864000 -32.581284
97.150000 -79.943704
-292.598000 210.079967
-271.477000 252.630546
-180.369000 -115.648876
-118.503000 -202.835211
193.601000 25.444362
59.220000 -318.910065
97.222000 -163.489400
-44.354000 -203.037826
-187.750000 64.304746
-105.471000 -116.629589
-157.073000 149.072983
56.881000 239.185557
253.089000 246.976222
49.044000 -88.943211
-112.688000 -3.285645
-156.033000 94.950014
-21.515000 10.310580
-139.536000 -241.758853
7.150000 -121.235194
-40.662000 -111.360627
46.646000 -271.932062
-226.205000 241.011597
59.559000 136.946164
-145.523000 -80.027276
-202.825000 159.999377
-18.014000 118.468936
184.298000 -164.656504
124.441000 7.789149
30.551000 -288.337291
116.766000 -86.668730
-116.270000 -266.969079
-146.662000 -256.656519
95.250000 214.042041
104.787000 -264.638312
238.077000 -269.759759
-144.264000 178.204796
54.725000 -85.209560
-142.784000 257.607995
-1.102000 -73.162452
52.953000 -304.568805
231.291000 116.314748
-204.606000 -61.061698
219.677000 -227.632053
34.209000 70.542496
88.575000 -322.146957
4.832000 -298.950316
-44.442000 2.708231
33.200000 49.329780
37.294000 -82.007582
-208.395000 -208.084033
41.044000 -192.702486
212.007000 -252.448845
206.457000 -5.645297
-80.070000 60.853246
-185.590000 108.723880
165.868000 62.770423
122.722000 47.260966
294.920000 -129.746398
-191.268000 -54.352856
-222.215000 -229.745312
10.567000 72.703322
-81.356000 -217.894135
179.598000 -127.540592
-239.879000 -50.827960
-251.551000 -195.861422
237.822000 -16.530882
128.782000 211.965747
283.645000 2.815287
221.646000 221.709826
-22.189000 65.358457
183.619000 198.424996
11.923000 -166.365464
-27.765000 -121.469835
67.351000 -1.014299
279.918000 -91.492762
-8.288000 150.498865
-85.970000 -123.527599
-26.043000 74.002937
-185.864000 251.434564
-134.519000 195.762099
162.563000 -168.774364
224.570000 -232.419737
-173.193000 -146.168201
110.875000 7.425332
-283.910000 56.975956
-146.683000 -117.387512
148.985000 -253.040978
-279.792000 -151.364354
229.480000 168.118180
202.441000 -161.441288
231.758000 -177.917663
-192.859000 -23.869131
233.849000 39.942403
-86.308000 212.020025
-221.908000 -289.921445
-38.164000 -293.683916
143.285000 15.979707
114.584000 148.040237
139.275000 -238.045232
292.388000 -337.412610
171.717000 -246.166080
122.061000 36.185451
105.506000 178.680072
-4.069000 -184.235399
-262.168000 -287.702871
252.836000 -147.527252
53.093000 -95.033724
296.960000 42.728804
-93.983000 -221.528576
-58.868000 92.035952
-202.786000 -177.591520
297.321000 212.043099
212.954000 -240.078373
183.350000 -106.543846
-146.960000 -268.763229
-284.436000 151.851298
-195.011000 153.591824
-43.656000 -295.954559
-8.130000 3.266967
-275.806000 -267.851507
-40.662000 -55.692888
-48.584000 -253.039363
18.990000 -75.303836
-180.377000 -194.900221
-128.917000 50.260304
76.212000 137.604828
-43.019000 -152.213555
152.731000 146.649970
75.243000 157.451495
83.828000 -324.307890
-230.127000 101.154635
-16.127000 227.970159
-267.095000 232.499776
256.961000 -176.478701
293.818000 67.466823
-276.117000 1.848437
228.992000 107.127960
166.663000 -108.858517
-280.934000 198.153098
-29.543000 -119.737379
295.405000 84.453144
-130.458000 -133.606241
-113.887000 -182.188719
219.355000 221.309803
215.269000 207.715416
216.582000 54.379938
174.599000 -197.167542
46.144000 131.065071
218.216000 -85.672407
18.329000 240.611114
-9.035000 -138.320273
-254.407000 198.589248
-42.902000 239.485770
-107.699000 -234.659621
-13.246000 -48.289102
205.893000 128.564416
230.602000 -299.843973
-131.301000 -228.401454
103.837000 109.957065
254.114000 -300.094326
-91.161000 -55.332807
71.962000 -107.654288
-271.531000 234.240322
15.828000 -325.688162
-180.055000 137.579353
292.138000 57.605959
137.989000 -205.481526
133.731000 -44.911010
145.043000 149.984597
277.085000 136.271112
173.588000 145.890627
263.864000 54.225234
-166.712000 -79.688250
117.177000 101.815260
-115.850000 -76.989136
-17.761000 -246.412627
27.069000 202.465885
-275.488000 -86.356513
198.892000 206.287999
-59.871000 56.814510
-113.687000 121.773112
286.216000 -262.805377
238.219000 -86.716866
-194.036000 -272.541268
106.770000 123.177237
219.261000 -71.771256
121.271000 -123.438661
60.605000 28.234846
-243.749000 -185.031649
-293.072000 -176.571051
-218.902000 188.524455
-162.261000 96.748961
-220.317000 42.870558
-237.803000 -122.112944
264.937000 80.321555
142.570000 129.646145
-293.738000 -169.195355
125.953000 -145.351857
175.860000 236.588732
-102.174000 -314.770768
-61.834000 -64.702270
-34.631000 36.649321
142.826000 198.278819
-200.630000 -299.785690
80.639000 43.115889
63.477000 -283.394620
-117.475000 -122.086131
277.511000 -337.085549
222.576000 141.267941
-46.288000 241.820431
-9.593000 73.603011
33.005000 -183.916500
-250.002000 199.222991
196.199000 -212.369439
35.777000 -54.558960
-76.364000 -334.419480
-1.019000 173.022089
-17.433000 -237.364431
-250.057000 -169.639952
-293.955000 -73.439382
-177.081000 -9.970903
68.075000 -89.424423
292.761000 142.145147
-5.118000 -236.061386
80.160000 -304.475918
-77.875000 130.334640
216.336000 -217.597891
-23.823000 90.563576
131.680000 157.930134
224.265000 126.774601
-107.566000 234.836070
-185.423000 -2.296371
16.319000 -329.473904
131.576000 -104.930448
-159.049000 -232.101903
232.893000 246.821553
9.256000 44.917009
275.512000 36.657555
163.543000 244.499012
-194.331000 132.555467
-21.675000 -227.602987
-297.841000 -201.392532
158.879000 -65.210076
-23.833000 -107.443541
-199.539000 -96.366098
-236.803000 162.638344
-126.774000 72.724877
224.646000 71.603321
-140.693000 79.076764
204.284000 180.203298
67.127000 -197.688259
-294.716000 -60.862816
151.384000 78.490718
-264.917000 178.274148
184.818000 120.803579
118.121000 231.245097
215.114000 53.608528
16.517000 126.348959
107.011000 -134.279522
-258.324000 148.041909
-124.536000 97.074339
-212.545000 -267.681142
-4.179000 -192.117712
-296.719000 -208.835295
-263.394000 5.402211
-25.770000 4.194627
-205.895000 211.524044
271.873000 -90.401452
133.438000 -324.318035
-210.890000 160.217381
148.262000 7.440887
-292.962000 -305.156697
280.290000 -288.204281
232.741000 -260.499791
-229.816000 165.466611
-139.126000 -3.709988
-43.678000 164.457504
155.549000 146.284905
-105.228000 111.873307
-218.156000 253.458796
14.555000 115.652198
48.462000 -130.866400
-237.851000 118.027090
-248.099000 70.137477
145.752000 80.621863
202.469000 20.689338
44.364000 217.478725
202.241000 67.657110
-32.935000 -64.198414
178.988000 -300.136028
-169.097000 61.857359
-153.718000 209.854834
198.984000 126.844219
125.503000 40.599590
-275.037000 -61.767951
54.696000 189.266420
149.551000 233.876790
-26.052000 185.810249
283.713000 235.276620
-2.556000 -295.374010
-225.861000 -142.160550
190.684000 -305.165180
-117.117000 85.004191
191.360000 -54.172368
21.786000 -283.346014
-49.028000 -36.933660
83.523000 217.763782
-253.616000 115.373137
-281.559000 211.554491
77.801000 -225.904068
20.145000 88.828286
-211.717000 35.969640
299.241000 214.899083
-290.623000 217.926420
182.658000 -262.691244
150.514000 -280.799820
-107.201000 194.168516
284.639000 97.900853
137.416000 -22.037721
-29.472000 -127.117385
144.254000 3.444951
182.058000 171.339375
84.011000 112.544712
93.600000 125.184031
-171.897000 -145.028563
-150.278000 -284.155244
0.904000 -241.826926
-169.581000 36.590481
91.725000 198.200801
-97.536000 -218.269881
-92.235000 29.863525
104.030000 43.018845
-187.208000 -9.741837
94.915000 -38.776448
-94.972000 74.048853
181.562000 -317.533845
175.402000 -132.552458
-32.460000 -1.413157
-238.979000 -59.548855
20.217000 -280.784467
-173.844000 -51.560165
125.879000 73.702136
-135.653000 -77.124477
266.236000 -111.731193
-124.347000 112.844090
-259.989000 -328.730539
-137.111000 -21.928255
230.206000 116.663028
-107.466000 79.904398
-110.452000 -225.740319
-6.045000 34.073966
-292.393000 89.865337
-85.728000 -170.105380
-239.142000 -162.806114
-126.920000 38.307238
-244.101000 -318.922497
-204.797000 166.197770
-157.367000 110.638122
177.395000 -156.062612
242.373000 -4.391345
142.423000 -145.609994
-191.720000 149.953272
274.191000 -153.678462
249.346000 -154.559127
57.778000 -122.975878
-17.138000 -299.884630
294.499000 205.594704
-201.007000 22.061953
82.490000 128.526201
-274.483000 -78.888464
-99.548000 62.307784
-269.481000 260.064033
-63.781000 21.820367
203.542000 -226.599402
257.561000 -322.576170
4.903000 -207.493852
-19.658000 169.719380
-116.006000 224.749612
-294.621000 -222.279072
-71.648000 -301.331840
-237.612000 124.362392
-59.180000 19.115709
255.830000 59.207942
2.560000 -39.661842
-164.133000 239.835458
219.904000 -99.247325
30.478000 138.240891
257.684000 -27.085807
-23.535000 164.039410
129.760000 222.161625
-70.693000 261.767926
-100.619000 -258.268857
281.768000 174.030359
-204.646000 217.060647
-73.582000 -301.434152
-193.494000 -172.204950
-91.645000 -258.369662
-76.015000 -253.766460
49.873000 128.165743
283.590000 31.164031
92.949000 -263.534769
-234.543000 129.635434
160.133000 157.930721
-153.512000 211.576912
-65.177000 -90.276896
-67.747000 -118.898622
-142.647000 118.979569
73.636000 102.518760
-279.316000 81.475036
-66.934000 35.946227
-43.471000 198.395418
-78.505000 48.842693
261.302000 -79.042116
-276.224000 -105.011934
-120.647000 -3.807666
-237.901000 139.285517
41.728000 -179.100301
-275.619000 -175.746034
-159.754000 -247.476851
-4.107000 142.147331
20.511000 -141.455401
62.965000 -80.005218
299.737000 31.978964
-186.988000 80.219225
255.097000 -209.116597
290.551000 -244.884419
-147.201000 -329.184157
50.138000 -171.737979
-58.756000 -192.079801
151.008000 40.955460
-148.165000 27.782638
-37.169000 -303.670184
53.847000 -192.310921
-267.083000 -285.625746
-77.225000 -291.176569
217.857000 124.552692
-113.228000 195.469868
33.785000 -109.709955
125.357000 81.707305
-90.765000 -200.070518
180.076000 -108.465341
268.568000 -93.798081
142.288000 -64.291905
91.250000 -260.526725
-63.876000 -129.911461
280.334000 -327.747282
-293.669000 -106.754102
-50.243000 -203.956839
250.731000 240.087340
221.024000 -299.367480
168.477000 194.413783
127.389000 104.427963
28.596000 96.972143
-50.704000 214.108412
-163.422000 17.173599
89.640000 80.735785
258.725000 -116.389945
16.099000 -296.628758
-215.864000 45.703427
-85.303000 -191.673302
47.665000 -268.504116
251.143000 -190.639930
104.761000 -95.325659
140.721000 85.002538
-199.088000 -231.013266
0.719000 131.624015
242.212000 89.124212
229.694000 -65.052592
-78.548000 -35.893310
-256.141000 159.284887
104.906000 -227.653918
99.290000 -91.160636
-46.020000 -279.012439
-8.951000 136.783771
-178.762000 262.240068
-125.386000 101.856278
-72.338000 252.395488
-14.948000 -41.817215
-111.678000 -12.061004
216.209000 -86.481793
165.586000 -180.008498
-180.713000 54.205714
-91.817000 -183.353076
154.719000 73.073240
-46.255000 196.114470
-16.578000 -187.914301
-193.288000 -140.567986
-271.392000 -218.998756
152.674000 72.728473
-188.872000 -95.374211
172.346000 -10.200981
-116.557000 -301.939752
-220.358000 -330.818437
-162.968000 -184.485184
-208.186000 -333.191932
-260.938000 90.716408
232.470000 -44.086339
-299.355000 248.211913
-209.101000 -75.516749
170.068000 -30.970496
29.214000 -110.388244
236.556000 -32.099904
-218.941000 -244.408651
118.884000 145.383628
76.458000 -306.317006
221.519000 -52.817726
-25.234000 -150.126447
-124.389000 214.280920
51.816000 247.005200
-126.718000 -129.792521
-8.186000 -78.514155
134.306000 -187.421875
-181.155000 -330.212596
-98.935000 -232.375197
-227.177000 183.330115
-65.400000 174.708425
254.844000 -262.941177
255.862000 172.859135
-160.454000 -0.392555
160.549000 67.300844
261.951000 -333.951844
-138.415000 -92.564533
151.226000 53.666865
295.743000 -136.844788
-291.905000 -98.313441
278.144000 -54.727006
-76.696000 -221.849658
230.531000 144.291688
-225.256000 -329.636877
-252.053000 -44.082529
-260.949000 -244.658183
-205.612000 -36.118747
-2.316000 165.985600
-16.807000 -222.060012
-199.183000 -131.410536
45.112000 -303.812147
185.205000 -85.063760
259.497000 184.867717
-149.689000 -302.077894
56.482000 -179.425506
-230.991000 -99.339030
293.161000 154.800358
-45.035000 -114.964254
230.186000 -303.807730
-44.815000 218.132705
-212.579000 156.260139
-226.060000 54.319663
-65.748000 10.725097
-47.677000 -247.057468
53.670000 110.842056
-179.724000 -230.686510
-299.876000 78.731925
245.858000 -153.627552
291.474000 -129.018065
-10.271000 -129.678578
99.504000 -233.771002
226.598000 -141.095515
191.753000 -296.035028
-263.588000 -37.043450
163.048000 207.112036
36.931000 207.075523
-109.004000 -161.312900
-105.561000 53.673586
161.138000 237.751130
234.417000 -179.599232
142.663000 -63.311689
232.038000 220.106856
183.615000 -225.472508
-125.289000 117.658036
-248.317000 160.121581
149.883000 -150.764782
133.481000 233.042763
268.813000 -245.886693
-279.370000 -296.431992
6.373000 225.829617
-256.375000 -76.905776
50.943000 -71.424073
278.900000 133.818535
-143.210000 89.840143
170.731000 31.539844
-254.735000 -164.238547
219.124000 145.279060
-180.802000 -61.070237
-96.206000 -174.036559
1.743000 47.367119
-256.684000 147.281890
87.577000 220.681569
-287.998000 235.135247
139.359000 32.896020
37.983000 -2.583302
-218.555000 143.130376
148.535000 -44.934853
27.337000 -88.326174
117.521000 4.662579
122.412000 30.832429
34.054000 193.768181
-228.004000 -165.052065
-250.585000 159.955783
-226.942000 -192.662464
-92.590000 186.472289
120.123000 -13.536861
-255.786000 -245.805109
-44.751000 -186.090355
135.511000 -93.114425
-178.830000 37.320408
135.971000 -114.024760
-90.552000 44.240171
-109.328000 40.730004
39.213000 33.638837
-271.012000 -112.960233
-22.295000 -287.076400
249.285000 10.893433
-75.113000 114.397363
-7.369000 -118.279720
99.440000 -158.015802
261.671000 -317.706788
167.728000 -180.393871
269.093000 180.388047
-166.353000 -211.088937
242.947000 162.857980
36.208000 0.072896
267.042000 -79.318087
84.635000 94.850829
-176.079000 -60.793166
103.584000 190.753940
17.849000 -29.531058
-186.855000 17.983947
215.239000 -123.529947
-251.210000 -169.839942
-16.151000 -263.457938
38.978000 -150.882833
-204.926000 -306.115828
207.774000 -122.638825
109.289000 225.856375
256.057000 210.790471
-147.149000 187.745567
116.011000 -38.908236
-287.033000 -230.879140
56.493000 89.217955
157.254000 75.397154
-197.044000 208.006250
-27.354000 91.797346
9.074000 -113.153456
176.222000 254.843733
-286.255000 -312.959076
237.444000 139.844220
70.230000 -206.270590
-91.210000 149.815600
-128.894000 -90.572105
121.165000 -8.218915
-41.019000 262.476275
-33.058000 -47.024429
-187.237000 202.660761
163.399000 -275.774950
-28.916000 105.102444
170.547000 180.950732
92.829000 -307.876979
-79.567000 -27.760584
-297.265000 -73.342295
62.439000 -167.910006
-104.103000 -68.614612
191.023000 4.904676
-90.582000 -312.110035
-265.035000 -325.677536
230.366000 -122.947145
148.910000 -153.543755
-30.764000 -214.377257
128.863000 65.199134
269.185000 -140.882477
-142.140000 60.630023
-203.982000 249.050414
196.768000 -272.237196
189.629000 117.730302
-6.098000 3.204798
55.384000 69.538294
-267.196000 -220.152098
188.846000 153.864397
45.324000 -190.484107
-278.528000 -281.946500
179.642000 -132.685004
97.398000 158.422491
-133.539000 124.008099
279.856000 95.891595
109.318000 -133.315801
168.376000 80.861917
202.759000 75.273522
126.944000 -102.351873
-96.814000 -334.287155
99.798000 116.514450
287.818000 -104.717945
-158.824000 181.873772
-190.895000 259.050377
-63.678000 258.563982
-160.205000 -331.617185
185.982000 -181.668468
276.833000 190.211247
281.216000 16.056080
-239.446000 185.851797
-90.130000 -132.790487
-295.498000 -328.530653
1.265000 217.323062
61.220000 -77.584221
255.806000 -86.201388
237.018000 -315.585557
114.092000 67.720275
136.497000 -300.804776
-70.127000 190.623055
-275.745000 -310.027114
-59.765000 170.571836
239.599000 -139.241332
185.323000 -295.805501
-126.403000 57.076448
39.491000 -57.341721
-241.525000 239.726228
40.021000 174.417295
3.490000 -254.167757
-171.495000 115.889192
114.672000 -272.598741
-6.219000 -60.496794
-172.754000 42.726154
-22.632000 170.114223
184.096000 -76.815829
222.673000 -265.579882
266.083000 -125.779695
185.862000 56.609371
20.049000 -174.550563
-123.127000 29.622624
-293.525000 -45.126310
-42.150000 264.596756
-270.352000 -54.003057
114.554000 264.860008
-190.028000 -32.610926
-232.453000 -161.210738
260.623000 -227.507553
-161.170000 149.457631
-168.887000 -33.499061
147.138000 -245.946877
152.897000 17.294308
-154.617000 71.466617
-128.131000 -172.720199
-209.907000 -42.304014
41.006000 -192.027706
-146.593000 -12.945522
97.100000 50.372782
77.126000 -258.920786
176.104000 159.653518
-200.675000 255.382821
-288.596000 -149.324748
-192.875000 59.851556
-257.057000 133.885860
-136.891000 -22.052709
15.087000 -115.533405
202.404000 240.837899
-7.601000 -234.916548
162.047000 53.962876
-115.897000 -185.947700
-225.133000 126.476855
-178.493000 -122.352721
-222.471000 100.528703
158.861000 110.168256
63.141000 -180.421319
-6.959000 -117.847895
282.939000 6.839660
37.201000 -74.391796
142.543000 -256.567250
228.273000 2.409426
-242.076000 -314.813028
27.996000 -176.394484
-204.558000 -11.382806
-48.541000 37.617739
-295.696000 60.193283
-283.422000 198.993960
-24.861000 -149.928494
-94.586000 -219.412828
-216.889000 -140.181026
-41.151000 253.672638
252.152000 124.007305
6.740000 109.234106
84.805000 204.702773
-186.220000 232.224440
-135.267000 -73.941761
166.622000 215.599905
-244.688000 -285.551428
129.217000 -202.408502
51.735000 -272.394714
-31.462000 -240.919926
-21.520000 247.673998
-38.997000 -2.667213
-100.481000 -288.414426
-172.251000 -2.707499
-30.531000 -242.340711
232.539000 -37.292922
-72.756000 217.371002
33.368000 64.144912
-180.222000 -228.606177
-240.859000 185.093875
-264.779000 -121.130214
262.932000 72.868696
218.665000 -189.782255
72.139000 140.797657
296.897000 63.057568
-8.163000 -69.780381
-140.843000 -51.325471
-201.515000 -231.186436
-71.705000 -162.985260
-114.719000 -107.781226
247.572000 -158.321192
-54.839000 -282.212014
-144.722000 -125.308980
238.283000 -151.137945
31.644000 48.882231
32.624000 202.909265
115.125000 69.311300
-180.428000 -261.141396
237.975000 63.387763
280.363000 187.721922
-62.430000 175.464224
-242.013000 254.284384
200.376000 -130.895457
-16.555000 -55.671152
-117.169000 -150.445994
293.024000 -218.771835
178.245000 218.418468
-182.614000 -255.459247
290.518000 241.826037
-196.081000 -275.463530
-150.860000 -174.768245
82.011000 231.438040
247.656000 147.245471
-239.242000 -304.379245
152.590000 48.512040
-168.407000 -12.215527
-98.729000 256.272758
-64.828000 -326.155829
-96.188000 -319.615270
289.854000 -316.666857
-207.927000 125.229555
-1.331000 150.654118
150.724000 162.130530
279.105000 74.436942
202.371000 -208.122498
-195.895000 -312.067085
-79.884000 -124.569673
291.704000 78.670021
-188.356000 -219.457438
-285.284000 108.242102
136.855000 253.509796
114.121000 -241.695663
238.352000 -86.816122
-207.507000 -207.868428
-76.496000 -168.353889
-51.853000 105.225653
101.453000 -78.849653
148.221000 -277.929982
269.483000 -105.159310
-78.434000 112.790515
-11.684000 143.749187
137.711000 -120.150141
155.831000 -190.727315
-275.281000 -328.171643
-173.001000 -150.496971
-252.321000 91.889854
55.983000 -138.624474
215.563000 213.367329
-105.131000 149.301291
295.785000 -82.613906
28.354000 217.785898
41.649000 -60.134142
-60.699000 4.361660
49.188000 -101.753536
44.604000 -126.528574
50.939000 247.578229
133.200000 70.943033
92.419000 133.308128
-269.651000 -139.133934
-141.309000 -155.164996
237.470000 151.405102
-69.315000 125.184040
255.483000 246.807976
37.789000 246.553073
126.255000 -179.585990
-63.042000 230.227948
-240.494000 -24.708954
127.967000 53.926120
146.418000 -125.215806
272.676000 -201.576570
-56.848000 -39.688496
-26.132000 -282.863422
-208.974000 166.575815
-105.858000 144.712889
224.671000 245.139963
120.308000 -286.617801
288.274000 85.876273
-26.536000 -101.627515
-74.238000 233.989865
-273.635000 154.849078
234.100000 257.639291
-289.735000 257.111669
167.268000 -107.457118
-133.379000 -140.921905
54.738000 91.631474
263.679000 0.278687
259.888000 7.531901
-171.446000 -167.660577
122.910000 -65.950223
281.185000 99.366132
119.781000 -275.092343
-198.966000 110.617012
-241.146000 -324.595633
-153.600000 -161.431111
283.895000 -20.780756
-90.648000 -248.277401
138.185000 -298.685877
213.600000 -107.762376
78.537000 195.822124
132.864000 84.363793
-287.882000 -90.937707
-130.416000 181.467793
141.829000 -325.085534
-270.243000 -294.371034
207.325000 -222.179537
-129.466000 -132.238865
48.129000 -23.297365
227.279000 167.244284
288.158000 -83.994892
119.989000 217.600754
-14.163000 1.057401
-161.521000 20.191225
289.848000 -61.636126
258.858000 194.660522
194.547000 -80.662656
-41.145000 244.146992
167.193000 184.468640
-181.069000 96.120619
-209.269000 -16.292581
-285.090000 -193.023780
248.876000 -278.439803
14.767000 137.731997
-113.454000 -96.682203
-181.361000 71.374776
-24.650000 190.309577
-62.862000 190.054378
-80.592000 18.378355
-99.487000 -283.726690
-129.576000 -128.844733
117.687000 -274.324595
87.469000 252.414361
161.190000 120.299318
-45.827000 -98.285546
152.003000 -314.326591
-88.444000 103.644366
-157.702000 -231.415496
117.475000 91.724461
245.104000 205.681576
297.499000 263.387874
22.525000 -67.167011
-38.151000 -114.807895
274.307000 185.728405
219.501000 256.872521
162.698000 -29.690364
-223.580000 -109.717066
-82.357000 93.046049
19.113000 -137.362835
108.396000 165.075631
-89.121000 -48.574091
298.321000 -121.615813
-208.073000 -176.504349
146.835000 -298.969072
268.576000 200.506206
29.727000 224.512672
148.197000 -97.650050
-213.506000 -247.439772
6.686000 161.728692
-292.675000 -134.312865
148.019000 46.898579
-217.655000 90.922214
-41.528000 -290.541342
245.863000 -62.439898
230.944000 -244.060265
-271.031000 151.561178
37.413000 141.615622
67.056000 64.599257
263.491000 -237.875299
19.681000 143.834314
-141.714000 -45.441880
146.714000 -234.452267
-123.320000 29.900345
-289.610000 187.605153
-97.717000 -256.582234
91.881000 -292.253620
12.227000 52.753185
-36.426000 206.812799
-251.895000 -145.018589
101.636000 44.224396
133.531000 130.206182
155.257000 -84.427033
227.816000 207.209952
-292.874000 236.604738
175.339000 -212.227475
-106.192000 -11.131491
119.578000 -125.745707
263.925000 153.334080
-92.544000 -83.615935
97.237000 -39.447972
125.062000 -131.874008
-220.064000 260.324154
-235.380000 175.939118
-285.672000 -29.148918
23.484000 29.078248
11.025000 207.460211
199.718000 -42.337825
-131.759000 -149.385662
105.448000 49.989301
241.172000 145.259445
-163.499000 -34.450206
-40.950000 -210.447062
-152.811000 6.189082
-238.205000 260.643429
33.848000 172.914573
-121.737000 -238.597284
-133.490000 -138.812935
-295.917000 -90.723791
-71.592000 52.158353
-74.657000 -271.964113
212.845000 110.946214
19.054000 -23.155459
204.858000 -54.892924
-196.920000 -18.316597
-222.535000 155.894730
81.253000 -207.230736
-169.361000 166.036591
-128.138000 82.577918
-260.645000 -265.688545
-283.780000 153.865966
121.976000 134.296479
231.133000 -274.758798
294.055000 -284.102285
173.822000 -258.752772
-194.793000 -195.570047
48.195000 -237.403534
1.557000 224.723978
222.732000 -284.280299
17.008000 -72.927786
-168.872000 -27.013085
-250.691000 -69.955168
69.332000 -175.368467
-150.040000 63.987234
-225.105000 -155.703853
-83.027000 219.876848
-62.146000 -291.667451
-182.958000 -48.746534
296.847000 -155.904833
31.815000 -153.065132
277.983000 -310.169023
-55.988000 -24.274132
160.433000 -210.961242
-193.884000 79.220869
-109.875000 -139.514240
-298.588000 -165.366349
88.600000 -320.538240
195.668000 -295.590349
-197.476000 10.649542
182.304000 -69.093348
89.756000 150.279735
-273.081000 -115.899182
42.766000 -286.668877
16.188000 201.777206
264.959000 56.924289
-158.244000 240.847596
241.933000 -58.715321
-234.933000 98.002758
182.200000 209.106065
-119.074000 -67.202852
-64.228000 -303.120575
-171.047000 -72.254071
-282.824000 -2.496798
-35.403000 -97.085522
-11.289000 -184.328018
-126.400000 117.527258
73.097000 141.205534
183.563000 261.689035
13.877000 180.776311
280.281000 26.427587
-25.806000 258.773289
67.062000 1.215759
199.233000 -299.286771
-136.108000 -41.199073
156.702000 -225.103603
276.232000 -70.245134
-34.902000 45.790568
-223.641000 78.478038
-75.407000 117.692508
-50.430000 -221.770793
273.279000 -100.968130
-23.178000 142.364534
37.198000 76.590433
-96.588000 30.758096
281.638000 -19.353240
-294.551000 -122.071343
238.069000 -16.392680
-6.136000 -243.901016
245.205000 91.216883
142.207000 6.486547
-92.234000 98.146403
224.474000 -218.842504
-217.491000 -193.127647
7.480000 -185.489790
161.268000 129.015307
-276.590000 260.454163
-293.833000 -197.368980
84.913000 -165.998886
105.065000 -33.917029
-215.785000 -137.328174
161.386000 -62.021880
228.124000 -226.332830
-82.325000 -151.392781
276.002000 244.568510
-68.699000 -154.599441
-93.845000 107.218609
-114.178000 -48.781098
-149.590000 -282.089048
35.921000 73.891000
-67.350000 -277.988709
-249.797000 197.057532
124.213000 104.672774
-212.908000 -100.109737
-193.674000 16.493505
154.985000 182.185746
-2.661000 -119.318768
-189.568000 -73.875526
-81.331000 -302.244285
-224.126000 94.586204
184.603000 -48.204555
158.633000 175.246877
-172.873000 -241.113442
88.173000 244.249990
-54.863000 -144.984577
127.608000 116.081107
-55.241000 135.171539
122.952000 -282.844029
43.658000 -234.597349
22.090000 -151.688917
-88.198000 -45.238485
-40.104000 -95.088607
-65.897000 -318.691985
-17.472000 72.671633
105.268000 225.475510
-75.887000 -1.803868
100.775000 98.046754
282.921000 -220.257369
208.220000 227.481250
-37.410000 53.221871
-134.853000 137.637748
142.872000 197.849557
78.492000 -235.914634
-164.180000 -154.759568
135.378000 -115.345759
-227.899000 -171.891950
129.337000 -253.908881
-21.233000 -188.933072
-143.734000 215.891737
68.980000 152.572802
-216.320000 -290.175389
204.647000 126.537605
233.679000 -195.788138
13.156000 -280.709144
26.362000 -11.653150
-284.443000 -32.519896
199.366000 -88.242902
-30.143000 27.156091
-74.511000 156.196349
-201.470000 103.440343
288.298000 145.020336
32.690000 78.298775
-259.137000 -15.166048
-35.589000 19.343128
-85.009000 -153.626428
-289.959000 -277.973252
204.182000 38.654925
146.652000 19.584365
125.100000 -255.930459
203.902000 265.276718
-133.006000 -98.564839
-178.989000 134.524517
-15.533000 100.166874
-211.064000 141.260497
-97.119000 118.300854
-80.917000 72.930211
144.277000 -71.844162
-7.380000 78.004195
-85.357000 -225.453448
198.634000 -100.435825
-116.227000 85.175532
88.228000 -116.285934
3.540000 251.364874
-169.792000 -308.307593
210.660000 -138.479059
-162.360000 188.953745
152.738000 -32.490721
-104.615000 134.468813
227.013000 -63.234379
-249.158000 1.611155
-160.361000 -263.108311
-67.799000 -110.467329
76.369000 -327.476621
163.123000 103.244087
196.011000 -48.047928
45.807000 -145.736220
82.089000 -165.087513
-145.320000 -173.597532
-189.490000 -204.713824
-278.275000 -225.389116
295.816000 143.156869
-132.953000 90.507748
-69.538000 -301.015374
76.545000 -73.954218
-80.594000 87.382661
-32.488000 -308.099461
-239.621000 -115.468301
89.363000 264.027577
-79.167000 -169.304548
166.510000 -254.113389
-96.408000 -47.318511
-60.247000 40.549535
-180.942000 -124.999135
196.986000 43.102908
130.411000 69.480954
15.504000 263.003284
-50.490000 175.491330
-3.732000 -265.529624
14.998000 -189.345297
-237.497000 192.658749
-281.352000 -200.974205
210.072000 -155.990708
-54.305000 92.764502
2.595000 -47.707288
-6.497000 -186.643794
52.798000 21.670416
-173.859000 216.276626
-212.930000 193.777123
-115.302000 1.094334
-280.074000 -34.877456
161.829000 -259.885962
231.380000 98.476408
162.240000 -218.302222
57.806000 -315.985561
-125.496000 77.150810
-248.206000 -135.714820
-273.047000 -314.256162
201.611000 -106.395792
138.853000 182.711578
246.875000 249.215238
-252.686000 129.492609
-262.879000 -49.461865
-115.382000 5.936951
-209.450000 -138.569522
174.669000 149.281004
-171.378000 -175.240176
-236.754000 226.664351
291.845000 -147.087123
-136.167000 -50.017306
-136.153000 110.495220
-227.018000 145.896746
198.234000 245.260722
69.287000 -57.654600
180.306000 23.468078
-162.787000 -37.811950
150.039000 -110.132272
-63.804000 -18.077594
1.467000 65.597381
6.705000 -29.122941
7.346000 -260.999263
-254.335000 74.550709
259.707000 16.707535
-204.385000 -252.168639
242.727000 221.362487
-212.440000 -186.083687
-128.463000 268.358138
11.983000 -242.898739
-3.179000 -179.416914
118.634000 -319.521088
61.973000 -304.446962
100.209000 48.142864
-85.126000 122.523832
-133.076000 -149.613900
55.856000 -55.255932
-179.186000 68.904037
-15.355000 -270.434692
159.628000 -28.459725
43.464000 147.931240
218.284000 -308.305485
-195.013000 158.183484
-185.511000 158.386444
2.502000 184.437860
-156.286000 -182.291034
177.707000 -187.757928
-199.597000 123.988480
-65.647000 -7.805414
135.920000 164.099692
-194.836000 102.802100
188.909000 -90.056794
-174.827000 166.744312
-194.695000 -240.839272
-241.617000 -126.417041
207.849000 -118.106802
-242.526000 114.463750
-261.466000 102.397989
213.502000 -121.980772
-250.485000 -321.083229
147.362000 -49.910990
69.745000 80.161249
67.420000 -235.982208
-257.852000 194.190031
-241.579000 -251.960602
-270.447000 68.556072
-299.985000 10.278439
-119.604000 226.694807
-275.584000 -207.957511
-124.188000 83.708856
-150.875000 -13.909777
-291.610000 -96.022102
-9.065000 -170.940735
-285.267000 -309.217368
-80.125000 -87.268567
52.628000 233.288924
-44.861000 -296.396584
-288.180000 -284.323783
-149.706000 117.508708
217.524000 109.844199
33.902000 226.074008
88.429000 -284.269500
28.068000 -155.981009
161.554000 209.082792
254.038000 -152.830596
184.275000 -12.182984
57.318000 -86.950061
277.272000 -177.631449
-223.300000 121.406163
-242.579000 -157.398913
220.678000 33.434698
106.853000 -107.785691
182.801000 221.184241
114.438000 -15.990147
247.575000 -106.077418
84.358000 98.367625
255.268000 174.875354
144.363000 -278.839918
49.280000 -117.932874
-86.856000 -293.415146
-258.880000 -183.740417
-188.754000 -214.860374
126.011000 -235.012645
104.584000 8.771084
-217.141000 71.762252
276.482000 -133.025906
168.540000 42.347937
259.048000 -174.120903
255.629000 191.014940
-5.880000 -17.146217
-274.853000 -4.756058
-97.240000 -72.431215
211.462000 111.539628
278.871000 -106.784212
185.812000 257.038742
230.778000 -95.220304
-204.743000 77.415977
43.134000 -248.183069
-5.731000 -204.221123
-158.970000 -39.542842
-210.688000 -304.143888
135.441000 2.854066
-67.727000 -313.124661
168.141000 72.638293
205.059000 -219.632645
218.230000 192.581738
-168.294000 -313.758200
-7.809000 -223.094138
222.854000 -7.997747
25.093000 -319.251693
-120.856000 106.547369
55.910000 111.829761
247.130000 -100.191177
-66.950000 -32.487115
249.155000 236.370375
249.762000 89.358542
21.475000 -259.192291
-75.156000 176.959200
-187.225000 -127.536633
-86.519000 181.605534
297.712000 148.067024
-265.353000 241.093190
-54.928000 145.790357
93.594000 -107.103144
-71.075000 258.344125
-47.524000 40.904394
22.830000 -51.773012
224.299000 -46.713744
103.285000 -281.028475
82.743000 -134.984881
63.732000 -90.834612
136.514000 151.091657
-247.088000 -131.592749
-0.027000 -264.617480
-215.533000 150.265887
-62.876000 227.787590
249.360000 -69.696043
-106.068000 -303.806675
166.434000 86.787019
135.300000 45.525386
-151.937000 158.674753
-201.192000 74.455448
131.820000 106.195815
56.799000 -259.053818
54.726000 247.927975
223.010000 127.837438
-124.621000 -321.038099
-213.241000 135.553701
-114.780000 131.549164
106.845000 -10.474373
98.557000 -142.604581
-232.560000 105.240883
179.207000 -216.227654
-207.622000 -61.873862
93.932000 48.061694
71.025000 -101.066749
-186.839000 242.995139
114.324000 4.527695
-260.926000 57.308252
286.254000 87.326148
-172.895000 -166.078296
-197.312000 -314.037739
28.822000 -287.855851
94.852000 18.203705
28.567000 43.513353
-7.333000 -11.526667
-109.984000 141.340980
-73.707000 27.788628
267.909000 163.552608
-211.508000 181.394256
213.989000 -81.166097
298.470000 -114.147108
-44.112000 112.587540
-131.367000 -70.688821
-83.931000 -167.646743
210.202000 54.196993
140.633000 56.690729
-259.350000 -73.453201
-125.250000 -292.480465
-194.441000 29.369271
-200.394000 47.520341
-113.623000 185.315077
25.899000 13.937814
-126.044000 -245.459108
-178.622000 -71.305295
-122.600000 -102.692474
136.398000 -307.413308
75.623000 217.571513
-139.346000 271.783335
-271.948000 -140.892508
75.648000 -105.083687
-127.847000 -18.000866
-121.140000 -247.170708
272.594000 132.113113
22.558000 -295.376983
285.757000 -200.554741
-130.595000 105.765163
-265.325000 -155.115933
58.865000 -208.083683
129.642000 -242.090779
-56.105000 158.618125
83.054000 -140.364633
-201.944000 -277.233729
2.367000 171.893175
71.357000 -251.302501
195.480000 -204.985516
-9.994000 104.162469
108.702000 -311.923207
223.675000 103.393778
-162.435000 225.713763
173.833000 -229.034905
4.848000 -302.255920
233.479000 -109.116935
65.036000 124.209389
-282.058000 -152.188547
151.219000 188.802516
280.210000 -277.339079
-193.942000 -110.926016
-1.874000 216.874048
224.180000 -126.858548
-255.813000 60.032516
215.716000 -150.881421
-267.140000 -27.940007
88.444000 -276.618944
55.051000 -0.054804
39.894000 -19.598321
-204.748000 5.604820
282.510000 -286.137040
229.559000 -226.455557
-75.314000 -261.918417
134.658000 45.511723
164.148000 -261.685794
-220.469000 144.471348
-250.855000 139.367488
-100.685000 -253.421944
-191.507000 -132.825728
-154.057000 -227.542512
251.032000 -66.281953
-0.623000 81.097263
37.783000 -265.555522
242.356000 45.237038
-103.937000 84.640254
8.850000 -75.461531
178.419000 123.355029
-15.057000 -165.659682
292.417000 79.906608
-285.617000 270.730252
-96.213000 184.422541
-216.705000 -27.184178
59.295000 74.149466
158.217000 -252.036245
-206.955000 134.168045
-201.989000 -251.600320
264.339000 -241.781031
57.602000 -81.636669
-172.540000 -270.100960
-175.606000 -55.437598
-8.411000 -75.501237
-239.356000 122.139481
-34.011000 93.643834
-199.613000 -259.975804
121.010000 80.237914
-246.450000 192.752276
295.277000 89.467638
49.534000 23.533419
-184.188000 -283.522148
205.663000 -15.801715
204.627000 47.088066
193.164000 -51.843501
191.960000 -307.786068
-54.196000 -148.202286
-28.809000 -177.308853
-19.069000 -194.247421
-124.349000 136.100370
-187.879000 65.383872
-163.172000 -90.328625
-284.905000 -309.327773
10.914000 -306.790270
198.165000 -247.190768
268.682000 -25.132915
45.036000 -253.734413
97.407000 49.789090
-167.973000 -235.930058
84.826000 228.819445
-224.273000 -55.836984
-271.156000 -195.954053
171.754000 -277.513483
190.576000 131.207088
225.958000 -169.883991
-144.080000 -316.697420
-33.110000 28.971150
-286.917000 -36.996928
137.681000 -21.539357
-288.297000 56.269213
268.877000 -213.288798
-196.893000 -92.696161
18.572000 -283.860524
-295.147000 -288.068526
-249.212000 55.639111
116.759000 100.563747
135.343000 -194.830264
-192.440000 50.166373
-103.023000 28.022010
-192.357000 -35.226001
259.132000 110.078701
286.531000 28.422402
-210.717000 189.435457
-238.755000 -226.441842
2.498000 -118.389141
46.100000 -271.410077
52.386000 -309.662376
21.965000 149.231325
229.016000 250.211379
155.362000 -253.343920
-260.066000 -58.318157
256.838000 258.660961
-117.486000 -157.629276
118.050000 85.334486
-72.936000 59.509604
257.932000 -138.740633
184.728000 78.328130
-8.544000 178.013258
-131.728000 115.234020
-296.310000 -173.939226
-41.836000 -316.282039
-292.006000 208.713783
-118.630000 -120.300395
-255.216000 -294.281216
-158.638000 101.235606
-213.840000 7.628428
205.125000 9.816606
267.877000 -99.379572
-183.111000 138.691250
153.641000 144.791437
198.783000 -138.727693
-273.661000 22.999185
-160.790000 126.450431
50.650000 -126.031691
33.230000 -178.671813
50.374000 -289.545577
3.259000 -180.747699
181.183000 -106.906820
-138.859000 -20.940585
-217.074000 225.174294
170.633000 -191.910775
95.991000 -193.652485
129.833000 26.744447
195.828000 142.480378
-96.595000 194.055677
-100.935000 -237.936391
-288.980000 -217.453460
-243.923000 62.921831
79.531000 -23.731238
-177.185000 2.260694
187.696000 133.163034
38.945000 246.509016
278.754000 94.245997
7.902000 -168.353663
30.498000 70.180319
143.137000 50.571300
-80.412000 13.126650
158.213000 -211.492369
54.218000 -286.389388
-15.392000 186.515953
139.879000 -322.246020
150.954000 -31.195993
75.183000 -311.350606
145.233000 78.506421
-280.488000 266.154448
270.870000 -121.181165
156.704000 13.349861
-19.173000 235.332888
-78.089000 263.847284
200.783000 -40.721689
271.908000 -144.397621
-68.057000 -223.879192
169.107000 24.062875
291.770000 -290.424056
-84.953000 199.622373
1.865000 -136.533559
-281.719000 -0.947491
-242.735000 -31.365063
-77.136000 -223.533995
297.730000 -133.406927
168.030000 -34.147452
-96.931000 -12.673349
-216.025000 140.942755
-208.633000 -57.136779
-184.704000 -189.070676
180.954000 150.926429
-85.718000 221.484894
-267.240000 -67.459002
-172.299000 -194.078898
-179.894000 254.315567
-298.458000 -137.695298
77.190000 231.197836
-187.898000 255.870342
-201.977000 32.150476
-30.733000 -23.081399
190.948000 230.105107
-124.294000 177.574242
-138.213000 23.455376
56.938000 137.789873
-63.480000 -264.840993
129.638000 -52.558834
-195.461000 108.857688
103.457000 -300.070154
180.847000 -307.363995
249.784000 257.384536
-274.467000 -221.480314
164.825000 266.496844
32.712000 248.233376
124.603000 -47.056465
-2.007000 -312.474306
70.862000 82.325235
-161.300000 18.278412
-271.928000 89.077589
-168.129000 98.674130
40.549000 121.441308
188.130000 -4.160515
76.893000 -128.496974
11.017000 -282.044797
-181.020000 255.285382
-215.238000 157.309932
136.302000 246.349122
-225.355000 2.576312
151.066000 261.947866
-270.162000 176.986057
206.899000 -243.476753
282.085000 55.702801
249.710000 264.067991
-172.963000 154.303182
42.218000 224.866736
112.897000 -291.050073
193.354000 -14.041875
113.328000 -35.903305
91.383000 -159.599107
-181.324000 -249.547909
51.745000 180.501653
-24.361000 97.672851
156.882000 -42.784952
-121.630000 155.140611
-96.681000 134.762809
22.410000 -182.300993
128.998000 -182.522429
274.930000 21.156771
-185.684000 42.561971
-47.551000 -139.078456
141.170000 -154.415256
-21.793000 -225.995055
275.041000 -34.079491
236.545000 -59.376290
135.048000 -261.841090
41.034000 -215.353526
-290.236000 -293.350329
-225.417000 -231.877131
293.628000 -14.411571
-271.643000 -235.831373
71.681000 93.452824
-138.291000 4.959394
-162.470000 36.083592
269.842000 -2.634210
44.210000 -121.134649
-299.481000 -120.490452
-83.155000 -184.799263
93.072000 224.748289
-37.489000 -154.756522
109.209000 -296.633334
-121.501000 -273.876782
297.646000 -148.325592
204.200000 -126.509403
-176.183000 156.598159
223.311000 221.241347
267.273000 208.129527
-176.737000 205.534074
294.583000 187.856248
-287.003000 103.121423
-157.731000 -109.949038
299.613000 -199.944863
-154.662000 -56.555689
199.756000 107.400849
53.055000 200.098024
97.065000 240.802198
85.920000 -169.701254
204.699000 27.639892
294.847000 -315.829953
-90.130000 -130.745424
-155.873000 -218.710269
-135.669000 -257.311113
-280.736000 -227.050595
-200.381000 -66.412439
98.579000 102.176716
61.361000 -173.445766
255.971000 -37.376610
240.347000 -43.344478
0.408000 12.482016
-95.799000 113.902148
20.124000 -124.668721
261.526000 -60.456218
226.832000 63.001914
-60.204000 228.833046
144.003000 102.986539
5.005000 -23.943328
-172.424000 -7.569197
76.606000 -54.302732
-29.119000 35.659371
132.881000 -150.120527
269.870000 127.511938
237.650000 -151.485960
-133.361000 274.984143
-115.198000 52.663618
151.202000 208.017721
194.536000 211.114823
106.881000 -115.676712
-267.168000 115.515357
-79.239000 241.682425
-239.030000 62.331855
155.783000 147.036925
80.894000 -238.363006
-214.381000 80.999424
-146.218000 45.870493
217.681000 165.453562
153.074000 85.589001
90.719000 80.562070
-67.597000 -109.167899
-294.244000 134.772492
60.286000 23.035523
152.655000 -137.031447
-124.446000 -151.920056
181.675000 208.984974
-89.629000 -152.037996
-260.105000 -277.176605
72.669000 -136.464574
11.725000 92.497457
-2.749000 199.081812
103.790000 95.987799
129.916000 -68.485214
-103.885000 -239.238868
131.179000 61.480119
-137.649000 174.514105
-223.465000 119.318452
124.606000 256.685439
-65.116000 44.305426
230.260000 -264.989228
-164.546000 252.846710
264.073000 88.676649
-158.960000 -17.562046
-258.215000 -167.651106
-211.092000 26.544823
290.086000 54.545128
213.053000 -178.396934
-60.522000 -1.553995
8.914000 -243.321699
289.521000 143.547239
-113.420000 -71.287874
82.406000 89.294368
-283.981000 -22.115746
52.976000 -89.970861
276.237000 180.169391
-28.134000 149.286267
-205.143000 -152.616847
-79.872000 -222.391595
-280.839000 267.855290
-142.449000 90.986176
-102.204000 43.841361
74.212000 218.137189
60.499000 -25.970982
272.766000 -37.093796
-119.674000 17.957033
-219.167000 -140.004138
-170.775000 -210.260954
-107.105000 108.692875
-102.804000 -166.188296
-212.737000 -183.783102
-3.298000 -216.408333
255.159000 165.290436
-64.977000 53.141559
-126.982000 -188.730673
277.656000 -301.889904
32.491000 -195.138781
291.287000 -162.221011
-148.537000 23.317757
-1.484000 -120.932120
161.328000 -268.579351
99.354000 -253.438647
-272.125000 -159.434580
-222.528000 52.390124
-103.028000 37.284829
147.079000 -69.985113
-168.467000 278.175591
-55.441000 104.119295
63.869000 -95.506647
29.387000 -154.233943
-123.768000 -301.811238
55.517000 -146.018249
21.537000 221.805388
165.996000 172.291024
-94.883000 151.341023
63.385000 -50.435341
-273.552000 -66.977703
8.204000 210.229286
237.604000 -38.297078
171.113000 170.761559
-102.311000 -240.150452
-256.675000 -14.264885
45.827000 6.651682
298.444000 -244.796400
-242.581000 20.280167
-158.495000 -236.798267
-159.829000 127.025660
-225.743000 -156.375773
75.126000 80.530795
-71.678000 1.278712
-24.290000 -52.519721
113.033000 42.925774
98.575000 -173.483381
-292.852000 -164.620886
-291.865000 -156.067390
-116.152000 224.515454
10.828000 30.390949
-154.236000 165.919444
251.064000 85.123298
-141.865000 122.969793
39.108000 -125.568720
-13.224000 -125.060941
-111.830000 -242.829520
272.407000 -244.766098
-105.831000 88.816672
131.293000 -52.093907
-277.244000 -276.746484
-93.725000 -288.280715
193.503000 -255.665293
-161.752000 -219.194871
276.007000 -103.146093
247.723000 168.707245
200.689000 -255.040408
218.127000 133.169294
48.035000 -167.788360
-5.099000 -82.516013
282.930000 -15.779320
-41.423000 -7.794974
131.970000 -314.944626
137.450000 -145.183933
125.991000 -92.095587
282.829000 247.920683
107.845000 248.574298
-50.904000 4.013568
-269.317000 -17.868162
-227.639000 223.823462
63.240000 -132.457269
-48.320000 -79.231999
217.574000 -14.190384
68.096000 -48.617113
71.768000 -251.093844
148.216000 140.575691
165.955000 -273.708118
157.275000 74.416073
42.396000 -129.192391
-192.726000 21.557800
91.115000 148.808991
11.456000 -216.933465
-58.042000 -139.818274
-56.176000 253.305917
248.369000 -182.643547
240.379000 50.115564
-96.435000 193.522675
-41.573000 -280.460871
-173.933000 -173.674760
109.543000 -211.696647
-125.931000 -191.778194
-120.605000 -172.056083
217.336000 205.148029
291.982000 144.789491
-266.236000 -119.173397
-7.174000 149.356634
213.872000 -48.316995
-288.070000 163.182035
-169.164000 187.979066
-98.923000 -42.017563
273.038000 32.844468
261.253000 -22.178501
-239.726000 208.969869
-285.869000 -100.057100
66.549000 -93.679070
-152.238000 -163.934773
216.464000 -46.225825
258.796000 152.871122
294.023000 -296.569591
-48.381000 80.120357
-183.174000 -314.550694
74.314000 -270.922408
271.079000 -124.958460
-116.186000 -80.591512
-152.641000 187.411774
-139.233000 186.459639
164.528000 244.436502
-292.762000 -48.504289
-114.760000 233.471574
227.090000 -201.385571
-79.465000 8.861639
-175.784000 -246.579498
69.215000 184.529365
269.554000 13.611566
285.516000 13.078429
-52.995000 222.868207
90.099000 238.806320
63.736000 -298.355902
-67.247000 139.795875
-169.646000 -279.532004
-197.109000 113.637766
-37.248000 258.969544
-215.292000 85.469665
-23.933000 -254.875557
-40.891000 2.525220
-63.556000 1.373245
-296.786000 247.633935
100.276000 187.033625
-227.278000 193.150649
-206.985000 -157.906661
47.206000 150.373031
-260.667000 -292.702945
-61.636000 219.425745
195.313000 -90.534565
271.732000 -214.486533
-257.022000 -259.856930
178.510000 -122.974328
239.387000 224.575605
-255.566000 38.097207
170.165000 214.162808
-40.041000 159.452743
-23.487000 -297.791656
-77.392000 -25.981054
-44.471000 241.406879
185.306000 -291.206519
275.516000 237.849994
-69.484000 -90.773156
299.600000 -20.719645
204.421000 -163.861133
-242.855000 -1.915290
-189.357000 -207.376779
9.715000 -110.681267
-23.689000 57.552575
-221.094000 -277.288914
-215.229000 263.315599
33.249000 -208.653652
41.783000 84.970769
-3.169000 198.706189
-168.246000 266.259947
-74.865000 26.574368
50.826000 31.393789
-124.106000 -190.695462
-267.947000 142.847959
-152.645000 175.814380
234.091000 109.416129
102.367000 45.497458
72.417000 3.192787
265.520000 -132.968559
-291.674000 163.931771
-11.927000 -184.557900
2.060000 -125.007237
149.625000 63.123092
-42.014000 -258.626580
92.044000 41.918076
-272.457000 -137.644595
1.717000 251.965640
-173.357000 -277.929801
37.450000 97.653435
-282.281000 39.046670
110.957000 41.547230
-130.270000 23.362465
-154.719000 136.047700
59.584000 2.963269
294.835000 -13.741496
275.509000 214.699730
204.735000 105.213201
-240.006000 -71.074659
-103.091000 43.819481
167.962000 -260.191057
169.811000 -288.150918
195.927000 131.613223
70.297000 -165.007315
-50.725000 -70.092175
82.298000 -122.368036
-163.017000 -158.793565
51.022000 -40.285530
288.592000 -259.255487
-1.267000 -73.241115
-158.849000 -171.046073
-233.635000 -262.806029
-86.062000 -276.604666
219.619000 32.736377
-154.578000 44.104420
129.218000 140.991783
-146.675000 -72.425173
-137.415000 259.481772
76.755000 -199.005965
248.800000 158.825980
-134.409000 -242.465075
-183.559000 -199.753803
190.616000 177.144142
-165.768000 69.795086
-167.003000 -250.474650
96.176000 175.971295
-53.193000 -188.840760
85.845000 240.186401
-176.409000 4.232247
121.049000 263.969091
-217.087000 -211.904747
253.495000 6.455097
-148.344000 65.852942
179.879000 -215.088888
153.375000 102.404957
103.817000 -183.640198
54.097000 163.934963
-228.660000 -234.148293
132.206000 -180.434551
-126.782000 121.065507
220.219000 -136.729751
201.672000 -307.146007
55.597000 19.029050
-70.780000 -7.420207
245.110000 -201.501465
-106.450000 -42.232398
-277.573000 -67.409656
90.792000 -69.140016
-154.496000 -26.712065
17.849000 -49.140425
205.097000 -78.417785
-259.172000 283.331166
132.277000 253.411805
-227.195000 259.578445
-7.807000 182.978397
228.674000 -143.380964
218.811000 -180.225325
250.650000 -292.844471
-279.343000 -73.718938
-7.516000 144.587596
-79.629000 -98.873560
-94.783000 184.564975
68.629000 -190.918491
176.179000 -250.094647
-262.529000 -210.826114
-238.713000 139.296421
290.521000 226.485265
258.177000 -17.580308
205.375000 -204.823882
106.342000 55.964862
-221.431000 -171.682712
114.361000 -51.195294
223.990000 -255.212551
-26.704000 -2.137124
-136.245000 -229.075697
118.107000 102.404037
-269.593000 186.731464
212.419000 -139.447218
147.283000 -273.882594
44.628000 144.924724
-104.597000 -242.217958
-231.969000 184.857674
-192.340000 97.068984
-92.245000 279.359302
-149.176000 -247.383066
238.778000 -36.508747
122.128000 274.514570
89.020000 -301.688917
-213.522000 -101.461709
-149.962000 -246.258499
118.936000 -133.066987
243.527000 -173.784779
175.341000 -131.261570
101.232000 -148.795057
-264.015000 -257.033848
-242.465000 -32.585640
171.715000 225.110880
-7.218000 -281.627019
-140.987000 -256.453920
-215.932000 131.021481
280.869000 -194.081420
-36.134000 139.958681
-131.831000 201.273082
-214.465000 26.455181
-109.178000 -301.234718
-226.144000 95.443683
112.466000 -20.638218
-111.257000 19.144773
242.560000 -300.058927
-224.507000 157.648064
-202.156000 7.426056
-159.119000 179.783347
80.805000 7.890339
74.597000 -23.527670
-41.079000 -239.407379
38.008000 -190.429388
-196.586000 249.579605
-204.146000 -122.303214
-148.245000 109.695671
-9.867000 -281.273444
12.124000 -219.748255
137.698000 -132.532370
217.933000 -42.999486
95.330000 -16.286303
28.962000 276.417581
82.945000 -215.600535
-34.041000 -22.315353
-55.987000 163.262426
203.782000 -50.144795
269.241000 35.023278
-287.500000 -66.921943
126.027000 129.795836
-26.254000 -293.688083
-132.822000 -150.161304
-156.244000 -40.710525
191.337000 -209.312451
292.082000 -295.825673
101.012000 163.441001
-8.390000 -168.918031
80.423000 -268.419357
-211.587000 -220.683683
56.637000 115.507285
-6.152000 168.750959
-65.835000 -285.612367
133.315000 79.659607
-187.908000 -59.783718
84.768000 -72.114051
-153.884000 81.473819
295.499000 189.653390
-77.784000 -293.454037
-101.830000 73.581825
-69.074000 -201.890603
191.224000 -114.111031
80.628000 -281.121168
-170.304000 -142.047597
-219.575000 285.255974
-200.824000 256.322846
-298.171000 -278.524691
68.703000 -46.605220
67.149000 238.740549
-177.836000 6.586020
45.644000 -4.455509
6.453000 -227.949748
208.007000 18.628724
239.646000 265.977195
257.090000 157.747955
-48.624000 -220.076572
-33.298000 100.578801
162.082000 -11.640539
293.192000 63.824834
-34.905000 -204.859792
76.051000 198.201876
250.580000 -175.706751
47.642000 -68.132376
-168.593000 -277.397716
-221.643000 33.006657
-191.695000 -266.772970
-257.189000 -109.386406
-243.423000 -27.818128
67.396000 -66.548850
-169.164000 207.131714
256.528000 80.897991
-56.419000 -139.498731
-254.857000 -153.230161
-152.951000 -274.187882
234.237000 131.316395
139.903000 -80.983042
-271.775000 240.478145
223.055000 -148.222670
117.370000 241.041799
-295.840000 -190.483015
-44.227000 227.955170
285.434000 -55.513361
138.539000 -80.263176
-159.646000 -171.856989
178.725000 -287.159513
-298.835000 -7.909328
96.564000 110.000769
47.998000 -41.227853
174.659000 93.187244
-31.684000 198.306340
-275.916000 -138.523281
-157.539000 54.394815
60.281000 -188.744089
259.950000 21.390290
249.883000 161.836387
-227.401000 256.245483
-89.754000 -308.574219
-182.857000 -192.512208
280.069000 7.833802
-175.247000 57.244092
-5.415000 198.294104
100.270000 135.536114
264.305000 93.708404
127.685000 186.160416
286.264000 -184.069574
96.951000 175.414716
-32.609000 -203.246355
-95.772000 166.839573
-105.559000 -206.034214
-271.542000 -94.687286
144.325000 -265.885365
-5.844000 166.708848
-13.123000 179.569776
41.229000 -287.763296
-39.623000 152.675910
294.914000 129.985838
46.670000 -25.369312
44.338000 -119.903187
179.461000 158.657662
-248.381000 -37.613488
-172.225000 -152.214356
154.697000 -136.261514
75.174000 58.310335
84.835000 173.053468
120.327000 -170.765683
-61.201000 -161.747834
48.929000 210.927216
156.383000 -142.863011
-85.861000 -221.389237
227.447000 178.453813
105.090000 27.928587
-193.846000 -166.779639
246.207000 -52.320589
-155.657000 -1.986815
-250.281000 153.503958
297.401000 136.021016
-209.958000 -119.560281
-134.054000 -269.164578
-194.941000 -61.963600
223.471000 -69.696897
4.609000 188.680806
143.716000 32.916783
277.913000 -154.609512
-25.509000 -199.536809
199.205000 11.449168
70.579000 -237.896128
220.204000 -202.731491
116.324000 268.298426
44.302000 -11.415935
295.845000 122.559702
180.467000 266.106612
1.637000 -20.092749
44.957000 114.617888
20.948000 -47.701202
198.817000 -212.136564
227.671000 -239.339926
131.468000 78.680922
227.821000 -30.596500
129.270000 -253.769922
253.463000 77.851933
117.832000 -102.408489
257.286000 -310.702912
-156.268000 172.527937
119.688000 -258.139485
-293.923000 -177.787908
-297.519000 269.156941
217.444000 -9.291535
-51.075000 -30.113012
131.140000 -75.093219
-280.447000 -145.437694
-251.872000 -8.303171
-144.055000 -106.618371
-287.145000 129.666152
-214.120000 24.302676
259.126000 -42.268530
-298.000000 -174.277007
-122.062000 236.417470
-284.040000 -233.237785
-257.524000 223.961691
-158.006000 28.173167
-60.721000 144.934912
129.571000 -269.123612
10.437000 79.645865
101.635000 53.228617
-79.938000 -234.515908
-206.841000 -14.632438
-171.759000 -237.923728
9.615000 -239.504294
-277.862000 123.964141
91.365000 -55.727156
-272.656000 202.971279
58.391000 -113.333286
-152.938000 261.122417
49.171000 -227.018149
-217.048000 103.757286
298.885000 88.436996
-153.895000 195.774388
135.970000 -177.585213
226.405000 53.875461
-9.266000 75.904859
70.898000 146.794259
54.435000 133.647926
3.924000 -112.640676
-69.203000 -117.267276
-65.945000 42.725390
-267.275000 -231.079210
-157.449000 -218.876842
63.231000 -203.088206
224.043000 -140.924837
-181.749000 250.959532
-63.596000 -240.181826
-251.507000 163.729544
51.891000 24.703912
-271.056000 76.857548
277.475000 223.944917
42.977000 -2.618715
156.335000 161.295896
240.054000 -145.461760
140.365000 -207.238417
-117.439000 130.099193
149.535000 163.105538
-34.348000 -116.468119
217.124000 3.868498
-225.945000 162.001842
64.458000 9.692186
-22.150000 -121.125204
-57.210000 -263.666880
-15.922000 -201.627557
-162.043000 254.699033
210.139000 -27.705643
-288.840000 -290.824319
-31.173000 -36.849730
-183.611000 -105.656405
-43.456000 -63.328082
-210.325000 -244.369485
-239.704000 141.556839
123.576000 -198.677853
-297.770000 29.787722
16.296000 -88.255970
-3.047000 167.391337
133.376000 -15.156088
-93.041000 237.814220
-181.853000 -220.233472
-150.574000 -110.653897
-211.889000 277.253411
38.755000 98.813719
1.924000 -302.729710
82.160000 267.884587
-47.084000 -180.424116
76.620000 205.339448
-121.890000 -58.695254
-286.439000 231.727044
-54.317000 261.189607
-104.082000 -260.350096
-117.917000 -168.115798
112.244000 -161.775235
261.940000 -226.535945
54.460000 -288.211653
-115.170000 179.053910
148.087000 -235.350799
-129.088000 -130.511515
267.484000 -99.961952
159.085000 245.650339
113.165000 -20.710370
-34.783000 -102.335813
-156.305000 -33.340522
153.873000 -29.457234
209.639000 -297.654680
19.111000 -270.015391
204.109000 146.018897
24.824000 -285.892543
22.755000 55.837739
247.144000 283.284027
-269.181000 -234.466412
88.233000 243.850877
78.647000 -243.324836
-134.660000 1.024720
-214.343000 224.037010
-162.303000 221.890299
39.118000 -254.146145
298.139000 102.122144
-234.230000 -191.850567
-198.876000 38.133989
55.887000 161.198279
161.882000 131.535569
196.964000 120.340130
196.893000 118.967425
202.937000 281.825721
-186.804000 -140.583719
189.726000 35.666576
64.169000 -25.214128
236.754000 267.914432
112.808000 -264.538273
281.372000 -53.426978
195.817000 -38.214417
-36.185000 162.603879
193.282000 -214.922817
75.335000 114.231759
-173.107000 -200.283936
-202.206000 156.736368
157.178000 57.436938
-46.245000 -122.048757
-54.428000 -236.533453
-167.276000 158.711118
292.015000 -302.072578
1.589000 -167.185274
271.350000 -210.351689
57.247000 31.377629
-130.210000 248.166946
161.336000 193.310538
241.452000 190.372856
0.693000 -103.425826
-29.022000 -199.547242
-189.732000 63.506075
-91.068000 -68.562606
55.414000 173.460978
-145.381000 161.138313
-68.259000 135.139650
-148.674000 -223.164748
133.047000 225.223589
293.968000 219.999924
-232.185000 -58.263467
-73.512000 -206.473130
-13.369000 266.992206
-182.166000 -39.440191
181.545000 -94.442856
191.512000 -111.904497
44.284000 -43.141871
-263.360000 -285.156512
72.577000 -96.337154
83.179000 176.221472
43.320000 -280.541169
-289.316000 -53.318810
12.537000 116.941822
202.548000 -184.142820
-231.013000 23.327533
54.819000 70.643193
-36.570000 -115.874421
-246.176000 -242.064035
135.170000 190.187618
239.840000 -143.536996
97.998000 -181.861610
224.904000 196.335044
29.907000 256.396429
-285.087000 -82.572185
28.943000 -46.104524
109.945000 -76.208115
-244.049000 -196.151698
126.797000 163.969995
-194.089000 207.958411
131.101000 189.384829
85.179000 179.756514
215.542000 147.528930
296.642000 -74.761652
-215.154000 126.704033
-159.870000 265.269451
-209.600000 207.143902
-244.844000 114.562623
140.737000 84.573075
141.475000 119.772527
187.166000 269.368255
130.683000 220.395707
193.802000 -195.900842
280.886000 -94.390120
196.687000 155.911331
-133.571000 246.155784
-85.889000 238.917543
-258.649000 226.017033
238.682000 126.496525
158.251000 -30.106716
106.654000 -250.270225
-264.190000 -62.030735
-87.943000 -45.559968
297.374000 175.954523
215.376000 155.438013
-104.110000 -263.418226
-146.207000 43.280306
-69.519000 -202.273162
240.868000 -298.199359
161.333000 -198.829827
-212.159000 5.744706
114.067000 257.053508
28.329000 -299.830960
-138.139000 -137.766427
-84.877000 -203.396618
-164.277000 234.743915
177.036000 160.652492
-106.580000 16.599341
83.090000 -74.350081
-164.347000 -21.969504
-106.770000 151.722346
59.213000 -11.635077
164.420000 -194.422500
121.639000 68.892350
-229.329000 -153.561073
121.579000 148.229505
164.908000 62.442411
206.351000 224.514037
-91.348000 -255.311336
143.138000 -254.016437
241.811000 272.752190
-276.281000 32.003816
-236.782000 257.170716
20.658000 -125.293658
135.239000 109.565968
-79.099000 -27.309133
264.910000 -196.183454
201.284000 242.633226
-245.793000 -187.438815
10.070000 -189.922136
51.031000 71.760537
227.248000 197.006496
148.424000 -25.544824
276.741000 217.095854
-146.184000 -247.162194
-152.335000 -138.451514
288.003000 250.806221
104.602000 -204.617769
-86.931000 -260.909034
99.086000 220.457701
73.576000 -57.732283
-8.784000 179.819445
204.242000 234.143181
290.931000 -270.931803
-94.021000 -216.893068
-191.578000 12.094667
-278.067000 128.546737
82.124000 21.496531
-286.087000 -12.218676
-195.557000 236.683395
232.484000 269.031188
188.078000 -59.276017
151.198000 276.157052
-49.190000 -224.602155
-262.555000 198.106640
-274.073000 69.301716
280.268000 188.113572
81.245000 -267.904573
276.397000 -159.110440
-166.047000 224.459415
-262.725000 131.600269
-287.026000 -174.605598
136.435000 -303.285743
-29.459000 128.088113
-85.456000 139.604245
-270.452000 -224.538899
-62.615000 156.769019
187.892000 -190.414778
-286.141000 -210.664859
-286.755000 -147.246941
46.105000 -131.491744
-252.815000 -28.698826
-22.840000 -195.336907
194.861000 201.418289
-267.517000 -258.538793
-118.377000 -285.374874
124.627000 -73.387613
-160.591000 -70.314630
-187.101000 -141.379648
91.525000 -267.657378
156.540000 205.007604
-46.848000 -16.021414
-121.671000 -80.792151
209.264000 -97.744169
139.640000 167.645814
241.821000 -173.203924
151.833000 136.799124
106.321000 161.875171
-131.604000 222.947499
-185.203000 -40.269453
-19.509000 91.984594
289.453000 -152.913069
93.952000 35.725978
-17.747000 -279.979974
93.814000 143.193354
-242.476000 -40.253598
-9.410000 12.250515
248.742000 64.070910
-156.084000 -304.818976
108.858000 241.551136
279.057000 -10.788468
278.518000 270.680645
-209.985000 -108.514242
139.904000 -65.408840
219.281000 -30.425727
128.653000 265.434380
-90.688000 40.417848
94.520000 -64.132973
-52.301000 207.348205
2.548000 -61.622333
262.608000 -218.084155
-205.630000 -16.248976
-226.353000 -208.362515
-221.863000 128.105663
149.953000 174.779842
-176.518000 -119.576690
-257.208000 -262.131453
-164.239000 30.022789
-181.214000 -174.953675
48.394000 -258.105433
-144.347000 -301.611189
-114.032000 95.854338
-130.988000 103.099581
-186.382000 -290.311176
-151.858000 275.737351
166.239000 -271.308405
-105.891000 139.601901
-222.668000 -153.407505
-124.027000 198.870801
-250.908000 -248.062891
134.292000 -82.267292
-100.797000 81.094016
158.513000 -238.937678
175.445000 21.046914
-78.513000 200.292222
-195.764000 185.416528
191.962000 142.122186
127.830000 218.056555
7.279000 -12.284074
8.256000 162.605583
167.003000 -198.410047
-53.186000 -26.947677
253.815000 12.483987
150.155000 -40.597642
-126.956000 -103.954273
46.040000 -127.882615
-227.929000 162.574817
193.283000 43.036250
-153.442000 136.658971
-275.906000 84.655404
244.794000 157.640836
49.116000 -43.019443
-223.999000 97.725990
-153.500000 -165.944577
-111.411000 -218.425849
-89.028000 -162.871417
12.638000 80.535077
-155.821000 -230.555139
-153.427000 -141.431645
-286.097000 182.527849
147.929000 219.068633
-79.462000 26.762127
86.345000 -296.067378
-52.238000 -29.696595
260.923000 120.274900
-91.679000 -265.195607
-89.289000 -133.351754
-132.406000 -24.951199
-132.753000 164.742355
-160.917000 -96.088799
36.913000 -267.117244
-272.598000 246.263311
6.236000 -36.593844
162.189000 42.262711
226.488000 -149.479734
-124.047000 227.798112
14.306000 55.990726
14.813000 -155.612659
-271.559000 249.001255
113.026000 -197.719130
-269.547000 -241.246524
-101.301000 292.879390
-70.989000 259.168005
-102.239000 136.038619
287.216000 240.474526
-229.374000 -6.125860
-99.275000 -113.846185
-109.495000 -137.345219
-96.989000 10.266455
-208.045000 -85.792872
-253.843000 -261.014897
77.139000 236.404769
297.023000 274.238443
-204.375000 147.759417
252.897000 146.883091
-70.634000 -38.621236
-29.453000 277.676790
71.159000 -260.148479
-180.466000 196.407253
-265.678000 -35.250721
-98.072000 -160.753990
112.177000 -141.150258
-201.307000 128.840767
192.574000 -258.530501
208.748000 -101.253770
-120.839000 -17.299736
-42.034000 261.967051
3.737000 -14.968160
289.316000 37.605922
-239.259000 83.150711
103.026000 133.419498
-117.513000 -206.842418
-108.618000 -95.260631
-192.496000 -242.312843
-126.745000 -300.219760
183.768000 167.861028
273.396000 120.671870
-4.210000 173.054017
113.105000 226.575858
-30.178000 -55.115299
-5.309000 -26.151161
-151.124000 96.903682
-72.001000 -243.800477
-21.546000 -47.301338
-254.033000 144.364504
67.716000 114.515346
-92.729000 112.351539
-51.468000 217.632433
-261.869000 -293.913671
182.844000 -207.867471
-240.934000 -48.629576
-46.919000 -289.443682
188.774000 -232.547489
-292.043000 48.773406
110.117000 -28.152699
0.314000 47.511493
-247.117000 -122.674560
-59.187000 -44.033615
-147.319000 -36.909370
34.267000 -33.654425
289.580000 282.199521
-299.106000 -180.944228
247.761000 235.425719
-69.322000 88.947664
-291.401000 189.513909
-76.658000 293.603854
251.206000 129.509849
-114.055000 -45.095858
271.858000 -55.644863
116.776000 286.529131
-187.123000 -105.090575
81.656000 -5.291581
197.082000 -198.967587
-77.833000 249.428715
-166.821000 111.962709
-50.950000 -230.080305
-127.846000 53.472045
80.139000 -81.027914
-204.822000 121.177128
280.953000 -148.437531
-203.200000 270.540511
-5.209000 -110.867448
-37.012000 273.419894
-227.961000 55.144935
198.949000 -87.166024
-249.437000 98.542325
-240.005000 -293.328595
22.281000 85.944491
-250.108000 30.548888
-251.710000 208.187974
-75.628000 189.060061
18.609000 4.758449
-183.039000 231.141536
-130.701000 -207.743378
-287.502000 -59.487989
-181.714000 -46.901903
90.814000 22.350228
-136.434000 125.269661
-191.981000 281.331792
-113.598000 205.942922
-65.020000 -35.328637
-227.743000 190.193493
58.594000 255.883624
222.863000 206.859056
-82.111000 -181.190813
83.449000 -224.457683
-197.312000 -184.772207
-177.246000 95.165965
98.757000 -13.423863
76.584000 49.091612
241.774000 113.508785
211.584000 -4.976044
-281.666000 -134.466560
56.736000 -163.059388
95.102000 -125.452216
-297.907000 -68.442741
235.778000 89.439472
236.592000 -278.027317
-44.792000 163.951199
271.172000 99.663411
-257.175000 -138.067377
-46.543000 126.899138
-105.555000 250.249351
264.548000 -169.093438
-106.770000 131.880086
186.311000 186.633297
264.205000 -51.635453
248.790000 -253.002899
-14.438000 -91.588650
209.459000 -210.464401
-120.372000 -278.658847
-273.129000 177.285402
250.497000 -274.206348
58.013000 197.152205
-62.224000 -215.275545
60.417000 10.347705
71.694000 128.047302
111.433000 282.009587
47.696000 1.706871
-209.737000 65.240461
-71.254000 122.359745
-8.520000 -53.327969
30.014000 -152.384380
-243.373000 -165.319095
-265.768000 103.777189
-99.869000 201.061780
38.060000 -101.747903
-76.717000 -94.300585
-44.200000 175.293047
146.326000 287.869365
125.794000 -56.882325
215.924000 131.772307
-232.902000 41.847625
-284.220000 117.256943
128.485000 38.997567
197.101000 259.500885
-0.056000 -0.781765
273.311000 -31.642108
-122.728000 194.478242
10.827000 -98.339409
156.568000 -225.461744
-295.382000 -110.215403
-242.740000 171.874948
-84.554000 64.474611
4.452000 -158.011038
-299.558000 266.142311
-239.266000 -206.376001
263.918000 220.912379
-106.102000 16.755760
-197.375000 199.431447
-243.702000 -249.015172
-294.644000 -78.726792
270.494000 -151.938104
148.393000 228.238276
33.604000 -183.777343
291.006000 -205.338647
-195.596000 -86.875238
-148.114000 175.395173
-120.189000 -137.000110
-256.502000 -283.573700
-255.444000 -203.917291
18.785000 -288.100573
-170.456000 91.747837
196.852000 -198.023753
148.688000 237.199964
-263.680000 248.460374
-175.926000 5.785812
-255.822000 2.366567
-203.659000 -37.064996
53.312000 231.237443
-159.280000 13.925189
268.758000 -69.977373
-276.467000 -50.748935
225.369000 258.220811
57.004000 117.357250
-27.745000 -93.417313
233.602000 119.630461
162.438000 -193.755075
-126.571000 -13.310609
260.232000 270.496172
-52.032000 245.181637
14.498000 -275.220899
47.433000 -153.222125
193.672000 -128.464660
262.079000 -79.119195
-257.084000 -229.984421
-175.594000 -301.258932
-286.427000 -140.371442
-258.597000 24.496357
-79.289000 -268.807153
-263.662000 -275.897664
-278.395000 100.251144
78.933000 118.295633
101.756000 269.260123
-269.315000 -287.363077
294.744000 -55.314588
240.320000 21.971926
41.613000 -112.276252
-14.249000 264.694262
-95.643000 -149.076226
-151.260000 58.153598
-2.606000 -289.072890
-186.343000 -65.291377
251.265000 61.655454
140.237000 154.254967
119.872000 -240.997527
106.530000 -127.364675
-69.903000 -254.642139
-22.803000 118.595395
-161.579000 -25.421760
62.136000 32.855774
29.746000 151.482309
285.730000 272.282154
224.379000 -40.437311
205.163000 -299.483777
-257.029000 18.836077
156.474000 187.782624
37.819000 -57.621822
-284.034000 -253.807948
-92.037000 -17.332393
-12.571000 -64.173838
-59.582000 246.633027
154.483000 -187.849417
223.558000 159.101137
73.068000 82.157003
198.068000 150.664558
96.949000 -267.405868
290.011000 -251.144983
-20.625000 55.299590
-45.081000 -98.813836
-112.417000 -97.416943
228.337000 -250.712369
-220.633000 156.583205
18.589000 211.444089
29.071000 -280.206337
-215.733000 199.003236
55.639000 287.358140
250.621000 285.013731
118.065000 -200.378677
-231.043000 -66.061775
185.573000 -111.489183
232.732000 217.816409
-107.445000 238.567320
74.377000 46.335911
2.737000 -14.184498
111.838000 -150.618594
20.498000 35.650014
-6.439000 294.646623
49.439000 -223.513457
77.021000 -128.929848
90.264000 35.620762
-167.195000 54.490682
22.819000 239.676291
-116.697000 -234.882101
123.588000 -154.897172
-224.315000 -132.191564
-61.310000 230.061062
-42.678000 29.670001
182.748000 -50.595374
-198.425000 58.778252
49.126000 -9.002811
-170.578000 -220.044185
-210.609000 274.774440
-298.196000 10.169379
-65.278000 162.208005
247.198000 226.383630
-260.696000 119.087593
296.876000 -145.305766
117.351000 -84.909123
-227.016000 119.913831
35.779000 -292.330527
-159.938000 -148.261884
-113.059000 -95.927930
-86.079000 -2.006288
-29.410000 179.968354
-262.593000 12.069309
-142.578000 -270.322034
16.861000 154.868625
-161.591000 -257.474395
87.374000 145.895262
-122.720000 -77.692087
-48.952000 222.387891
-19.917000 57.910550
-240.700000 275.170207
136.064000 277.231179
0.000000 -1.934162
-93.954000 -99.920489
-178.908000 127.515498
-250.300000 115.730171
180.568000 73.804845
61.640000 -72.337159
252.345000 297.264506
-174.572000 295.377180
-88.483000 277.057174
97.342000 -159.392152
-78.733000 -88.141479
-200.040000 133.442524
264.891000 -272.467787
158.824000 61.819900
-17.569000 134.824903
219.967000 289.594590
262.664000 287.243279
-266.082000 260.764282
-117.722000 179.202969
-154.055000 -107.997342
26.923000 -59.223332
92.899000 -49.278630
-142.752000 -99.096929
103.449000 112.969087
-235.780000 -265.024211
66.459000 -253.082510
-0.007000 179.475506
244.371000 -104.188793
-83.323000 -234.872091
-137.608000 229.866925
252.533000 -232.563374
51.967000 69.530339
205.000000 -70.782626
27.216000 -209.504913
-79.384000 122.979801
-235.154000 210.155827
-29.413000 9.596541
112.149000 -95.979747
-27.750000 140.378281
-25.293000 266.495993
-25.990000 131.888707
13.080000 207.957744
-99.845000 -135.673533
211.357000 -184.806810
159.289000 222.837234
180.216000 298.323958
-243.203000 186.917681
244.492000 -234.643282
288.399000 205.247441
111.537000 -50.216837
231.119000 232.143201
-168.879000 -161.742068
117.730000 183.141663
156.331000 97.428709
169.444000 -225.444561
8.594000 147.509171
-242.976000 -229.826775
-258.053000 243.001955
-16.777000 193.195687
294.100000 -115.619268
-181.622000 -0.168537
38.294000 242.250202
-82.465000 203.434254
-268.676000 -73.642007
246.598000 -187.742269
149.787000 -250.325216
142.086000 245.206522
-274.285000 61.952260
-63.535000 -256.258679
207.762000 290.247059
138.276000 80.240790
-69.362000 194.864857
-0.972000 -122.396400
-147.724000 127.994345
221.199000 163.681403
-226.863000 228.033147
-45.403000 173.917891
183.389000 107.014950
-279.455000 -46.858306
250.582000 229.006437
211.494000 91.950504
-273.936000 37.949245
140.958000 -268.338008
245.310000 -21.783937
261.080000 102.908812
292.526000 -261.692441
-265.276000 64.530622
-66.251000 251.381369
-228.044000 231.060118
180.892000 -106.320819
54.742000 -155.979072
139.005000 283.687678
-176.391000 -47.333258
229.120000 -254.553507
-28.309000 131.303243
191.513000 75.751315
-202.779000 180.367065
37.168000 123.471814
-221.981000 -120.073121
73.852000 67.060629
-278.415000 -287.334621
84.515000 298.298444
101.547000 241.566194
244.187000 -43.027057
279.418000 -80.549992
288.078000 -132.833243
-205.344000 -249.184493
113.243000 226.551580
176.564000 191.767329
69.117000 194.110080
184.238000 -222.407856
289.630000 164.472893
-28.678000 -104.139359
-292.524000 128.643704
-102.794000 -268.558547
272.554000 248.473202
-18.337000 -200.527735
-220.045000 -124.438987
213.241000 1.680761
-149.254000 284.854833
-217.900000 -33.342418
169.895000 4.810328
283.137000 -98.093611
228.334000 275.183136
-284.855000 187.511881
122.216000 140.653943
188.619000 -256.566312
-201.308000 -234.074565
-223.504000 1.311497
-217.084000 47.272242
-247.176000 89.078989
-261.902000 219.851055
118.610000 181.035797
-178.667000 -81.727460
-271.629000 164.112597
-29.745000 263.146340
244.150000 -92.970917
-41.256000 143.453140
-57.441000 12.649884
-133.126000 -107.129373
-186.724000 87.419684
-67.432000 -186.381579
-229.452000 146.398158
-201.628000 -116.283781
158.672000 239.938957
224.000000 -61.745314
210.483000 181.418746
70.397000 252.464484
-91.429000 11.101221
-18.308000 -84.432726
54.280000 -91.771989
-124.234000 -131.167259
264.830000 -71.996214
-195.362000 -76.392485
-171.747000 231.387246
290.854000 138.368299
-119.877000 217.687020
127.571000 -181.444249
172.335000 -192.550197
78.577000 -288.414467
-97.424000 89.032263
24.464000 -187.083703
-191.627000 -220.559983
262.245000 218.244737
-50.841000 73.669771
298.078000 -256.336509
-268.359000 -58.645789
-298.715000 287.183244
-24.787000 142.365965
260.285000 127.773685
163.243000 -220.286274
164.704000 230.765433
10.392000 172.606139
188.829000 -254.863840
-107.500000 -142.242133
-97.645000 -245.569427
-236.013000 -239.072406
-74.047000 241.351301
38.235000 -139.841993
-45.751000 50.453028
-250.558000 -1.282265
-275.529000 -21.275575
84.914000 98.679438
-192.714000 190.242129
280.769000 -93.221181
-78.137000 298.202823
-258.605000 45.500513
-149.823000 166.742204
-251.799000 -273.848791
125.544000 68.582898
-232.301000 0.843589
253.403000 297.400574
227.372000 -70.446755
-155.261000 19.911917
-272.356000 76.344909
-56.247000 -199.104420
-6.204000 -2.748748
89.538000 168.259237
258.450000 -64.670093
-8.425000 -126.692421
-6.434000 147.409564
165.219000 132.948212
63.091000 170.602861
-55.625000 165.858823
215.722000 133.627471
245.201000 257.567120
-288.833000 253.453089
86.198000 243.295738
-192.017000 7.426388
-50.084000 -39.589651
54.214000 -218.553002
-165.763000 106.144622
-248.286000 5.934557
7.268000 242.161181
-116.668000 -206.270195
259.728000 -245.698260
-152.981000 191.756364
100.271000 217.430989
222.058000 150.004932
146.098000 81.689556
-1.363000 -235.194828
18.576000 -166.488912
153.541000 -81.563316
-251.678000 -216.816719
107.485000 -286.415811
-192.810000 13.172786
52.334000 -41.011617
242.364000 296.968290
-157.242000 -75.141113
219.279000 40.149484
-191.136000 241.800400
-15.882000 -70.943040
49.930000 -81.618472
-80.224000 103.994415
-84.827000 -95.459017
57.836000 -194.878449
-108.883000 123.098430
-77.782000 -181.003002
157.916000 -150.768433
-267.105000 -189.541555
-6.640000 88.168013
257.765000 62.659552
-178.947000 -191.067600
277.551000 255.104938
135.803000 300.289477
16.487000 -51.594667
-47.527000 -237.743128
-271.583000 147.179410
284.811000 -102.409742
-225.343000 242.002797
-17.774000 11.599335
271.965000 195.211151
168.407000 -8.088341
52.690000 35.512166
263.577000 109.232982
136.300000 -183.056510
133.954000 28.227997
-46.139000 -207.633179
112.158000 182.817329
264.256000 12.715836
121.348000 62.627652
90.377000 -258.197873
-142.011000 139.109603
263.567000 -191.302614
-62.367000 245.644861
25.264000 -151.171664
169.374000 -124.295880
-178.572000 95.698595
-174.783000 -102.016930
32.508000 226.017862
-180.482000 -182.897663
-50.612000 -74.391221
-247.603000 -258.671471
-210.681000 270.706971
221.412000 -275.267587
-45.207000 244.830163
-234.089000 -191.529395
-8.473000 64.673048
213.673000 148.881797
-6.770000 106.380240
-292.610000 28.159682
149.733000 -231.657595
-235.871000 0.341813
-7.739000 163.786221
-170.170000 -250.089062
-290.606000 -98.452655
-9.265000 -167.872247
-90.003000 262.268469
-17.038000 -22.716124
162.972000 -40.927715
290.349000 161.662001
-263.597000 62.335373
-216.323000 -234.520254
-32.515000 -169.641566
134.397000 75.386806
283.365000 -193.668829
-163.306000 -202.536141
283.294000 -228.814769
-241.848000 -248.676396
20.781000 72.649285
-203.718000 -187.355343
57.327000 -31.354007
190.098000 -239.434363
72.496000 -140.415026
170.981000 -153.819690
187.320000 186.357961
221.276000 -87.903710
42.938000 -95.630374
-276.615000 192.605277
249.404000 76.248614
-291.870000 -202.052050
48.238000 -83.297445
234.210000 293.817854
238.222000 -194.111847
85.529000 -222.847242
-217.312000 -242.770943
124.382000 -16.343644
3.251000 170.625961
-52.632000 51.736260
59.487000 35.911559
77.915000 216.763171
-41.093000 -143.600568
125.173000 -163.681308
12.714000 -106.907743
-176.304000 82.965517
180.417000 117.747777
-243.699000 141.431342
215.073000 105.502602
-184.842000 -209.073138
-12.299000 176.408428
-93.543000 295.767687
-60.551000 -237.598093
167.025000 -234.936560
295.603000 -203.974341
-274.012000 196.684879
-126.044000 -240.402596
10.153000 198.741623
-45.720000 32.475843
-90.950000 -101.195632
102.364000 -226.212412
-252.175000 237.935807
-35.045000 -53.250710
-33.060000 -224.367531
-98.145000 11.497648
-210.516000 28.361138
-2.344000 174.343318
193.667000 274.015496
-84.105000 28.360979
135.652000 169.445158
176.756000 181.901337
-34.428000 -155.793181
152.663000 -70.003043
62.555000 -246.622906
142.718000 106.734533
95.356000 265.158671
1.724000 237.029809
55.309000 -217.357745
-26.215000 103.643393
217.149000 49.105531
198.689000 -28.576029
16.361000 13.218107
279.984000 264.844202
284.670000 182.952599
-58.440000 46.328693
-242.836000 209.750787
-214.019000 -243.536816
252.956000 220.927279
299.493000 -249.290627
-241.954000 -145.412223
-19.989000 181.987872
-46.606000 34.979958
-209.511000 123.548318
-253.471000 -82.967631
-295.675000 196.021420
-29.404000 291.327771
-194.096000 -64.233178
-74.284000 22.286874
294.692000 -280.277775
-89.604000 221.793276
175.614000 97.327327
214.114000 38.178687
214.042000 -43.853315
-50.391000 -14.633309
-278.996000 -231.773995
-119.142000 6.914010
-202.403000 171.692017
51.768000 -89.551677
12.873000 -217.074670
-109.982000 69.939335
186.103000 -242.960359
78.731000 -190.690352
258.737000 154.457607
94.005000 283.883866
56.082000 236.604826
-229.237000 259.836786
8.371000 -125.552948
-222.245000 -36.655988
69.215000 -100.830028
263.876000 -220.717769
180.840000 175.262191
119.336000 -160.129849
-87.151000 87.620361
-112.237000 153.437272
-175.558000 -278.200817
271.668000 -183.009607
33.817000 -193.351695
-112.531000 217.737216
-170.025000 -14.544566
-126.655000 204.765346
-291.031000 -109.199744
-134.354000 -45.358534
37.189000 -240.096672
21.729000 48.081189
-161.689000 189.224347
203.169000 -131.366792
253.162000 207.359070
-156.831000 175.962228
-32.276000 177.368089
-24.057000 -155.366049
-252.476000 213.679117
184.614000 -87.635023
-74.256000 112.685786
-109.410000 -7.315109
97.021000 -39.613301
54.525000 149.862507
-91.781000 129.600612
-32.517000 196.172421
-26.238000 -249.919771
-151.312000 -193.418667
-135.089000 64.328142
53.304000 -271.273049
-222.098000 5.110006
184.991000 67.034758
-213.458000 -7.492489
-9.575000 191.186559
-160.990000 232.509311
146.106000 49.708064
145.411000 239.385112
148.830000 46.733865
-290.190000 205.632617
275.247000 -157.576335
-53.818000 -85.857641
29.879000 -216.123946
-229.425000 -186.286951
264.624000 39.009743
-16.587000 277.082430
63.333000 169.185426
101.957000 -63.167881
-285.587000 155.696814
-289.997000 -183.356198
46.972000 112.975496
-254.237000 -194.567871
237.252000 178.203055
275.971000 111.040688
71.107000 114.096321
204.603000 150.394254
-58.960000 -132.634120
-205.025000 44.758514
155.170000 -102.139554
23.236000 -207.241921
-157.288000 284.875713
-38.618000 187.994574
-23.202000 128.129143
-94.589000 277.896712
125.145000 243.245573
-53.398000 -135.002857
-138.748000 30.325712
104.804000 270.738573
149.520000 174.381142
-28.069000 115.865712
-149.621000 -157.013421
-190.505000 -158.592917
-24.974000 -251.540413
80.103000 -201.710620
193.907000 -143.148117
-245.478000 -176.891613
-242.894000 41.555180
-254.666000 -37.320316
86.264000 164.975186
-197.359000 -145.220020
-49.966000 -99.079516
-243.148000 -169.207081
245.922000 172.946649
169.687000 -87.873915
-20.188000 -50.234480
-8.454000 -60.836756
-22.087000 -207.247321
197.953000 225.875114
96.355000 86.384838
-9.121000 61.776274
-231.196000 -223.176292
-210.752000 -41.402640
193.833000 -120.754275
299.966000 85.324090
20.242000 -15.640251
-166.421000 -268.341886
170.109000 215.263479
-19.702000 33.791131
201.177000 59.850496
68.001000 -175.572140
-173.960000 -256.910488
-36.522000 -7.265195
35.860000 28.357098
92.117000 275.435675
95.768000 -113.698032
13.098000 -118.333739
188.358000 212.360846
26.283000 -157.641862
-260.719000 260.044431
-284.224000 -122.793991
-234.191000 -177.731698
44.491000 -202.379480
220.218000 293.895024
-121.048000 264.520243
245.312000 -53.530538
133.466000 -11.516035
68.457000 -230.942816
-38.433000 -189.366597
150.890000 104.385914
-206.874000 -293.501867
87.399000 -243.456656
39.668000 198.964779
-179.800000 166.032924
10.094000 98.724069
-186.736000 186.084495
28.560000 59.846640
206.036000 92.149785
-182.214000 -258.282787
246.092000 105.817357
-208.996000 244.560502
114.988000 -150.028063
-19.684000 -15.223000
-177.069000 -171.273930
-122.554000 -62.958571
68.481000 63.970499
-42.224000 58.657570
-171.064000 135.440922
224.166000 -121.805008
-91.786000 -149.763938
-8.757000 163.260414
31.759000 -55.280515
244.552000 190.552481
49.458000 152.698758
-7.917000 272.515755
8.715000 -249.852247
-299.899000 -292.485963
285.936000 171.624033
191.738000 123.561030
87.419000 -160.167693
180.116000 84.030305
277.317000 -2.684699
121.669000 -186.624496
210.338000 107.443429
32.055000 -167.566646
-34.938000 288.315558
199.514000 243.343482
-129.759000 -1.343593
-78.019000 281.351617
70.330000 91.384542
-166.867000 -214.549533
-43.721000 74.834670
-165.065000 72.621524
-158.271000 289.511379
-259.606000 -52.703490
-201.737000 19.702364
-257.003000 79.727218
164.978000 -10.360650
-282.828000 -42.494796
-132.404000 -221.769942
-189.223000 -157.364804
-67.080000 -159.613949
224.026000 -98.761163
6.279000 -71.141102
165.125000 31.227683
-94.334000 149.113469
-96.853000 -13.858469
67.594000 194.441317
60.613000 232.943103
-110.938000 -268.525837
110.279000 -98.520051
-216.526000 -50.228265
-30.890000 -102.118263
-286.554000 251.301455
-154.753000 235.527175
88.472000 -12.056831
-222.913000 209.842889
-58.296000 -24.475391
-106.789000 47.739602
-71.177000 -136.377678
-237.245000 95.524042
-209.188000 -178.832964
14.344000 78.597693
225.154000 -55.615652
37.854000 186.058284
107.467000 119.193941
-87.338000 235.648590
-234.895000 -118.178474
-123.326000 -76.092818
-297.981000 -72.833162
-230.409000 222.156767
-106.245000 -243.616576
-76.906000 -218.028981
265.456000 -36.322114
162.189000 -41.352519
110.437000 -200.460923
-124.277000 -216.142049
-64.159000 105.071540
216.090000 288.773134
127.759000 219.785009
-143.320000 51.392604
-278.145000 123.746200
53.808000 171.135008
-174.879000 -214.767455
-163.717000 -255.100917
251.765000 -7.867109
151.060000 -212.387571
220.604000 -224.436033
176.810000 62.297774
-278.214000 -2.660688
-213.105000 280.534850
-37.975000 -110.508335
-194.260000 258.331148
-110.679000 -220.759370
-204.819000 307.424382
208.085000 223.499865
-227.402000 66.315348
-49.791000 -225.397899
-40.220000 237.101583
86.741000 164.918066
-224.072000 -264.325182
-190.229000 -12.084699
-183.391000 6.059732
-234.727000 73.328437
41.318000 288.353868
68.846000 -1.853701
174.683000 158.955998
-71.318000 217.443429
143.989000 256.299859
182.705000 -140.975442
-186.024000 83.608989
94.767000 287.753419
112.479000 -184.108932
40.540000 -146.816552
73.685000 123.428829
-271.291000 97.841485
172.857000 273.338866
143.603000 178.310247
-25.030000 -214.089105
-19.452000 -204.331725
-33.370000 -116.998344
144.092000 41.639305
-159.110000 290.147639
-193.998000 126.875973
40.967000 245.034572
283.156000 -0.649094
76.562000 179.888240
-162.201000 129.108848
-179.433000 163.891181
-23.856000 178.243514
-60.044000 -201.717885
-18.088000 139.664449
-128.040000 92.944738
-264.078000 -185.757707
-242.197000 307.632582
181.716000 140.327871
-212.731000 -141.247574
-149.666000 252.313715
60.960000 76.341093
79.628000 -116.952529
-212.576000 139.079854
97.568000 230.753232
-275.887000 -118.697433
-145.827000 60.503903
-2.401000 -22.218762
-197.251000 -152.755427
43.298000 106.979907
6.884000 -153.021758
248.044000 29.995578
-16.206000 -189.642087
243.385000 219.589248
13.055000 -117.164418
-88.077000 -159.467123
95.286000 84.995178
129.635000 224.460473
256.678000 -227.635232
166.906000 292.093063
61.612000 -7.428644
225.300000 -254.327349
-68.197000 12.988946
174.475000 -273.392759
-105.053000 -210.656465
-202.045000 -69.189209
134.154000 22.017046
-289.752000 94.743302
243.329000 87.596564
-158.217000 -166.398180
-238.885000 42.805076
161.146000 71.289332
35.644000 8.325586
223.714000 -159.297158
264.379000 28.699098
115.991000 78.110316
3.668000 198.095533
-108.977000 284.714751
-232.564000 -60.388033
-73.947000 6.103185
-263.488000 126.524403
-64.018000 268.139627
210.517000 -47.061155
-165.820000 238.210062
-35.133000 -114.589721
43.785000 -24.088542
286.318000 -2.014362
164.897000 -155.289183
-58.552000 -272.278003
-115.597000 -189.262824
-238.064000 177.772355
116.873000 -58.468466
-4.355000 40.486714
273.428000 137.127900
290.539000 -5.146921
160.380000 38.747220
-164.126000 14.597359
57.315000 301.487500
-214.027000 75.238640
-136.774000 27.219781
167.639000 297.871922
-75.855000 302.027062
-298.271000 167.526202
249.003000 24.400342
157.494000 12.815483
299.350000 105.186583
-56.275000 34.744690
290.087000 -171.665210
128.257000 -232.357109
-174.392000 279.847990
131.376000 -135.367910
41.643000 291.557190
-28.393000 -65.153709
117.126000 271.137391
-256.077000 150.744491
-21.198000 177.602548
-277.284000 151.846606
56.689000 40.499664
-226.809000 255.505729
295.920000 0.192787
-143.154000 -34.061155
-284.675000 -40.202097
238.333000 -258.723040
295.589000 69.112018
224.149000 -290.040924
22.457000 148.254090
-98.631000 16.492104
256.912000 -63.700883
-147.028000 -229.291870
19.991000 155.986144
226.877000 128.336157
-22.506000 -124.334823
-40.519000 -56.126809
14.768000 -12.473795
3.988000 145.383218
-45.875000 272.640184
-178.876000 42.676151
-104.968000 -156.682882
107.217000 -167.145915
158.884000 -131.838948
-270.547000 267.149019
100.867000 189.918986
231.743000 240.033952
-134.514000 -76.506075
-158.820000 11.349892
-133.403000 -85.452190
-53.493000 -234.033272
-97.835000 -251.995355
288.237000 270.705563
80.425000 141.375480
-18.868000 218.891397
118.212000 -16.444685
254.957000 -141.999767
27.690000 229.788150
19.856000 -139.899932
82.863000 -153.016067
-132.762000 -125.753196
-200.659000 -282.662331
-64.391000 -30.118465
-153.900000 -244.316600
-88.271000 -235.021735
120.331000 113.721130
222.419000 164.458995
163.824000 285.027860
75.242000 87.778725
-49.887000 47.633534
-171.919000 -198.657657
-170.401000 -22.074848
39.508000 -205.234033
157.176000 -37.353224
153.975000 197.541585
-119.670000 -249.629607
92.927000 48.518202
31.291000 -272.958989
-201.911000 123.480820
173.624000 155.835568
-229.904000 28.734316
-59.688000 -36.529936
-222.517000 -145.254189
-220.039000 -122.381441
148.219000 -12.382692
-160.089000 -7.756938
186.091000 -141.498190
96.510000 -238.627442
5.040000 -159.113694
-252.290000 274.239988
-81.983000 156.257669
195.764000 -111.805649
-229.851000 -219.515967
-263.236000 -142.146285
-7.621000 111.920396
208.694000 207.373078
140.568000 156.654760
-189.597000 -18.380552
-176.972000 188.868129
-298.562000 33.772739
-198.229000 283.711349
-272.821000 -132.655042
-200.598000 21.054568
116.175000 -7.001822
24.395000 -195.181212
-254.870000 126.105397
126.579000 157.663006
-12.923000 283.130616
114.049000 -7.604774
-74.197000 -25.150242
-172.685000 -256.655704
-47.805000 254.600828
-176.707000 219.332360
-288.435000 152.265893
136.833000 43.026424
-22.772000 -94.205044
69.074000 -216.894512
103.836000 59.312020
-184.447000 -38.158448
-242.146000 196.352000
57.581000 -176.252551
-74.455000 -115.222103
59.170000 -100.551649
-47.905000 211.264800
-136.626000 -150.830752
88.320000 239.102697
-27.674000 132.133145
120.759000 141.487593
10.810000 -235.598958
-243.509000 22.621401
-281.024000 -113.070241
75.307000 -209.478883
-218.278000 257.439476
-254.766000 19.545835
240.669000 260.623193
136.697000 -273.472442
229.243000 -136.417083
-207.013000 -208.368724
20.779000 252.993635
234.990000 -235.139102
74.257000 -41.856840
-205.811000 -225.558576
-49.517000 151.094687
-167.247000 -44.229050
-241.969000 -261.690787
25.185000 -30.280523
197.254000 143.480740
18.376000 -82.250990
-161.199000 -34.660727
228.704000 -7.934566
264.812000 -68.781404
-19.006000 -38.343241
89.478000 -88.877079
92.811000 64.044083
-94.578000 0.913245
-4.960000 284.102408
-56.183000 -160.682430
164.507000 -79.088268
118.135000 94.970894
-235.735000 271.451949
-23.167000 227.184010
-263.110000 81.663066
-130.466000 90.488121
113.661000 -264.180823
181.188000 64.269232
211.202000 250.727288
-135.925000 296.104343
218.466000 -139.292601
-283.167000 -284.888546
-61.727000 194.339396
118.928000 6.935340
-11.949000 74.741283
-225.044000 189.461232
13.963000 -268.317825
71.276000 155.578118
58.677000 202.842061
-201.315000 -236.417996
76.466000 -262.543052
-72.761000 112.879891
-180.127000 -24.515284
-166.431000 -150.305459
-287.887000 -110.363633
253.466000 19.445193
42.830000 304.885019
-98.642000 -82.152155
184.429000 3.105677
242.771000 -152.433497
-24.597000 -123.917671
87.049000 276.370154
-276.572000 80.245858
-193.918000 -167.685438
-277.243000 17.208266
274.933000 -52.019030
252.924000 -203.339326
-241.612000 35.772378
201.744000 96.226082
154.714000 240.395786
-287.494000 123.721496
217.034000 16.303200
-128.817000 -20.927222
-185.351000 -121.464644
242.251000 -142.646066
-233.798000 -59.309488
50.100000 -25.466909
-276.404000 37.026669
196.369000 -246.269753
-32.253000 -226.607174
-195.859000 -16.662596
-91.528000 -90.169018
288.885000 188.017432
153.605000 -275.865113
-213.498000 171.266336
-34.832000 -208.333216
182.856000 -256.040767
107.691000 -232.123317
-100.284000 152.303132
-187.279000 203.071581
186.904000 -98.961970
-287.837000 -71.124520
-212.461000 222.284796
218.580000 -256.573887
-154.982000 190.671430
160.088000 -155.291247
6.269000 78.444070
-125.171000 263.973385
112.029000 288.187702
-239.075000 -152.588981
11.476000 -64.150664
277.468000 210.974653
-51.427000 -156.270166
-222.487000 216.884016
-18.939000 253.631197
-230.582000 -265.384622
205.561000 -201.038440
66.566000 36.190741
288.414000 279.428928
-262.176000 -161.037890
-154.346000 268.206290
-159.209000 -225.429528
-252.912000 70.342515
208.785000 10.931559
-196.175000 -80.511397
279.364000 263.306647
-245.876000 -96.454309
31.742000 260.881734
-297.233000 24.095778
203.420000 104.379822
-249.894000 194.776872
-8.150000 87.291915
-241.307000 -79.107180
41.173000 -181.236275
249.365000 71.020628
269.890000 98.553533
-1.648000 69.969438
-22.666000 85.729342
284.350000 -107.453753
36.913000 -133.331849
-193.464000 -70.024944
-120.353000 -43.514039
-59.045000 -63.441275
-2.303000 -71.258506
-208.248000 305.312258
243.428000 1.242022
163.977000 9.702786
29.372000 -96.906451
139.597000 176.857312
-240.951000 -236.246924
0.251000 -109.082160
-216.386000 20.075604
-256.908000 160.395226
-150.872000 -53.421153
-270.021000 -67.528531
195.411000 -91.709904
62.932000 198.338717
22.689000 127.228339
238.919000 296.303961
-108.284000 -110.210418
-149.406000 -33.962796
192.461000 -285.775175
278.415000 -42.153696
-283.976000 -97.483218
-3.727000 -144.718741
-44.283000 -4.529263
2.359000 46.458215
-22.121000 310.823693
237.392000 -129.179824
92.982000 137.567655
180.473000 101.751133
-29.018000 -20.105389
-135.818000 309.908945
45.202000 -276.908721
101.969000 109.631613
78.824000 270.357947
-28.859000 -253.672719
193.175000 -227.766385
-293.888000 -129.599051
131.705000 247.887283
-26.998000 -33.164378
-141.692000 296.645956
77.999000 -187.935855
-108.846000 0.399335
-157.089000 -70.045475
126.652000 273.684715
-123.747000 -201.349095
-202.902000 -52.429905
-22.330000 95.601285
-261.476000 44.856475
23.528000 307.476664
150.226000 -79.225146
-46.402000 29.609901
90.756000 184.349952
189.643000 -53.489002
91.143000 -206.010956
178.446000 228.369090
-173.716000 -240.848863
147.036000 31.628183
27.817000 9.074229
-296.138000 -81.914725
179.403000 38.848321
-54.227000 -159.711776
3.210000 -135.038874
147.853000 -67.590971
-95.460000 311.984937
29.540000 87.826840
-126.153000 226.390743
-25.630000 262.598646
-223.024000 4.713549
-141.959000 180.671452
-142.484000 248.656355
295.570000 215.262116
-113.958000 -118.060124
-273.207000 -186.176364
-50.313000 101.376397
-88.806000 -13.262843
39.411000 237.251917
-102.859000 -265.951318
268.432000 149.294443
-225.929000 -245.348797
-18.802000 -226.956037
-142.855000 3.193582
-223.738000 -198.832800
-58.492000 307.489818
-162.252000 298.914436
-43.711000 -284.628946
35.743000 -35.767329
-256.989000 -112.931710
-267.329000 44.787908
-250.768000 -135.334469
-277.265000 158.835149
98.402000 -159.735374
158.109000 -133.259897
274.672000 -209.043420
-258.281000 -216.217943
-46.635000 292.366534
-225.758000 0.948010
-138.626000 255.605487
105.684000 252.421964
-44.808000 16.324441
73.621000 -253.773082
-18.734000 230.168255
-157.361000 138.372597
-45.664000 266.088934
189.199000 -161.309729
66.845000 -178.875391
166.701000 -143.946054
-183.113000 199.635283
193.021000 159.693620
-61.041000 -100.758043
163.332000 68.218294
156.058000 -21.742506
23.397000 66.465693
278.246000 -277.316107
-17.790000 -39.543903
-296.818000 -87.785704
-271.597000 146.926496
-152.768000 6.427695
-78.177000 -22.624106
151.109000 -144.386907
-233.306000 11.499293
-243.393000 -55.534643
42.595000 104.505421
185.888000 219.255485
-172.272000 -6.409451
117.244000 117.507613
-133.613000 -268.163323
-86.005000 95.324745
192.622000 -197.482191
0.662000 -44.851127
131.022000 291.533937
148.623000 260.356868
-29.262000 239.578798
52.658000 56.248729
263.020000 -160.178341
-247.130000 -200.520410
176.158000 53.413520
139.376000 196.041450
117.402000 -241.590619
127.357000 -213.724684
-177.509000 -130.513754
-72.345000 151.330046
-153.211000 37.342845
120.170000 -50.947356
-194.028000 48.027444
-256.031000 -9.517757
268.255000 184.057043
30.111000 -198.856158
163.207000 82.724641
-122.528000 134.818441
-43.367000 248.019240
84.360000 174.630911
102.241000 -83.216414
-37.608000 132.571256
-208.827000 171.677927
-293.566000 13.136597
-286.469000 73.390268
-88.723000 270.423939
-291.813000 290.458609
237.597000 160.122280
60.997000 202.833951
-137.401000 32.135495
75.896000 308.062039
253.943000 -121.607417
-166.314000 -125.517868
107.068000 266.705676
-298.295000 184.373220
230.479000 -225.918236
-133.420000 296.270309
131.412000 -254.382147
-283.470000 -135.441603
143.641000 -265.708183
-114.516000 18.648238
52.126000 153.928659
217.384000 288.207079
-81.853000 118.481500
-24.709000 -201.304080
-291.394000 -160.140655
-105.998000 228.193765
123.598000 -202.702814
-70.529000 293.165606
-228.836000 -282.561094
-120.256000 189.025206
-153.059000 238.302505
-12.129000 189.873805
115.424000 -189.787895
-39.765000 -285.376596
18.691000 309.684704
-16.692000 -70.124996
1.216000 121.708308
190.844000 113.144607
105.779000 14.019789
93.938000 -173.939029
-204.996000 -9.039847
45.201000 306.569335
-289.099000 -140.247483
-288.474000 120.304699
4.260000 160.531880
-27.964000 -243.331938
-241.401000 -22.945756
-243.235000 279.760426
241.699000 244.917493
184.260000 281.061565
-223.466000 268.085632
-59.459000 -50.117301
-130.892000 -154.338234
218.870000 -168.948167
-261.450000 -2.574099
-25.817000 42.474968
-171.666000 51.287035
192.070000 44.985102
73.656000 -222.272942
-148.978000 -3.106986
232.624000 -146.713031
221.661000 66.771929
-134.652000 99.054885
-146.470000 -193.886160
184.703000 -96.900204
276.438000 -96.780248
-185.870000 -248.733293
186.152000 -141.621337
-204.786000 -261.749490
-50.710000 -142.995642
255.910000 -206.988795
-136.610000 -134.933947
71.138000 -196.525100
238.344000 -68.520253
-254.588000 118.862599
161.929000 -141.275554
-173.924000 70.927294
119.666000 81.201141
-5.298000 178.043884
-119.477000 -43.504374
6.524000 -128.750631
121.191000 30.734112
43.327000 41.562854
246.516000 -174.536403
161.928000 76.766339
-283.299000 220.307082
10.171000 70.824829
98.216000 115.445571
-64.980000 -34.263788
119.875000 239.304853
65.922000 -232.912506
220.152000 228.134135
-118.244000 -2.749224
-8.214000 30.290417
-284.162000 -229.926942
-16.211000 60.515699
-233.278000 -8.898660
-288.926000 -216.287019
84.523000 -19.421477
-130.427000 -146.764931
22.221000 44.911611
-290.019000 -279.038847
10.999000 -15.046305
-105.735000 3.269237
246.827000 100.273779
252.519000 11.888322
-178.031000 -155.744136
-218.019000 90.872406
-32.792000 -99.153149
-119.485000 97.590297
-17.831000 -208.450258
-129.253000 -266.062808
188.398000 129.856637
-126.313000 -235.880918
113.691000 -140.045472
103.017000 105.268973
-246.759000 -15.859581
163.675000 267.867864
-59.533000 -27.972784
-81.337000 100.767567
-260.156000 306.703918
-288.160000 15.199269
-104.156000 35.794620
-178.539000 -101.386028
19.998000 52.062326
-245.666000 271.463678
236.471000 8.822029
-85.740000 92.636380
185.634000 78.327640
-218.768000 275.141899
103.223000 282.190159
-178.261000 -279.303581
-139.051000 -127.795322
262.455000 -267.817062
2.618000 36.780197
-168.906000 -197.972543
159.222000 -203.979280
-157.806000 100.039981
199.088000 -221.305848
168.863000 -210.330678
130.427000 -38.454507
-212.380000 218.991664
-8.237000 307.271834
-291.770000 -184.159995
-262.459000 -74.230824
-178.541000 -62.059654
-269.865000 180.894517
-251.286000 -2.052312
-49.815000 -167.910228
-150.785000 81.134860
263.126000 -129.206056
83.416000 -268.519972
245.421000 168.560112
-278.413000 92.766197
234.369000 -34.354719
171.985000 -144.452635
-294.691000 305.403449
59.432000 -56.867466
100.750000 259.628534
-161.305000 -202.214466
128.744000 204.840534
102.596000 -121.581461
-12.418000 173.403539
84.956000 50.727540
-191.230000 8.917540
-26.030000 -117.499460
-291.564000 -249.699460
-82.127000 -121.294460
290.962000 -28.898541
-238.464000 159.763378
-249.655000 312.860296
-113.963000 -203.689785
253.757000 270.236133
-266.330000 297.269052
239.453000 -228.354026
-166.878000 105.296892
217.674000 211.662811
202.580000 11.937729
-163.185000 73.915569
124.987000 -279.326592
283.474000 -236.208753
-143.475000 100.007087
-48.361000 -83.166074
222.434000 286.134765
-122.277000 -219.018395
-188.695000 -117.742556
-81.283000 178.089287
224.176000 287.468126
-201.507000 -21.122112
81.637000 306.717651
220.431000 157.755414
-193.234000 -25.433824
-138.022000 -32.056061
-72.796000 -233.903298
166.259000 155.932465
-170.969000 165.706227
-173.369000 16.107990
266.058000 141.570753
238.682000 -258.845558
148.340000 175.398137
-275.729000 145.883827
-86.312000 -59.914484
-264.481000 -50.043794
72.817000 -152.799104
97.041000 -150.845414
228.977000 287.736276
-180.036000 -81.111034
-25.399000 68.668655
196.399000 139.959277
79.858000 23.977898
283.761000 247.607519
-49.598000 278.408143
35.975000 -255.164236
-130.257000 -205.094614
-88.377000 274.311007
-46.665000 239.345629
172.914000 -266.922750
137.923000 -244.094129
-21.055000 127.503428
-65.409000 -94.327016
-35.282000 18.783541
-31.668000 -173.929903
-180.220000 260.341654
154.013000 173.414210
11.108000 280.715770
258.101000 -44.199674
-143.859000 -6.065117
274.298000 -195.633560
-243.048000 249.770936
292.240000 -80.533568
-178.294000 131.669930
168.991000 272.259426
78.427000 105.828923
128.838000 -189.265581
-298.963000 88.716916
-227.825000 51.554412
29.784000 -37.080088
207.370000 -55.369592
108.567000 82.980849
181.812000 41.351290
14.583000 -231.239269
216.923000 186.690171
-211.285000 -20.466388
-107.238000 287.356053
-182.137000 76.959495
-14.929000 -189.062064
165.950000 267.832377
27.411000 -130.960183
139.940000 -100.525793
-238.234000 179.419599
-123.849000 -168.292012
-217.172000 76.904377
243.381000 24.829766
220.383000 -128.136844
93.732000 -118.013455
291.199000 -147.345066
160.570000 -38.154677
60.150000 167.145713
104.603000 172.047054
34.625000 1.000396
-145.828000 -34.116263
131.874000 -211.643919
109.440000 -202.082577
-177.809000 -134.635236
55.317000 250.894105
-9.492000 79.914446
-45.407000 -235.863212
-138.157000 136.891129
-253.754000 64.546426
-239.665000 91.638724
-124.861000 -237.906979
289.693000 162.434318
71.542000 -268.528385
11.747000 56.135912
145.074000 -253.361787
15.796000 216.304510
-90.276000 -273.873193
-57.238000 -47.687896
8.334000 -23.367640
23.477000 23.252616
225.059000 -17.022127
-69.068000 217.076130
94.595000 277.519386
110.493000 58.537642
63.591000 47.057898
-95.626000 -110.847845
-2.708000 -6.552586
128.622000 -267.433330
-241.082000 164.761888
-154.716000 273.399107
-50.384000 241.255325
-267.650000 -23.480456
143.913000 -109.031238
-196.371000 -167.823020
51.010000 89.959198
-270.664000 210.442416
213.983000 -83.328366
256.686000 -106.558147
-194.686000 9.705035
-274.740000 -40.739779
185.496000 -155.156596
223.724000 88.585587
269.135000 -162.138230
-47.016000 161.589953
-59.639000 6.105136
-105.032000 217.564319
273.673000 -265.728499
237.387000 -103.147316
179.759000 -228.934167
-196.665000 205.560983
-160.634000 129.865132
111.979000 -90.647715
19.048000 -224.738564
-34.411000 1.894585
51.565000 192.229735
-233.385000 138.905884
210.250000 129.723034
-80.513000 -136.922817
217.925000 -240.890699
-94.497000 61.345419
-105.805000 16.554537
-258.247000 -223.823345
-83.758000 181.385773
120.961000 -120.291109
206.830000 -182.345988
198.243000 309.392130
79.838000 -211.361752
196.143000 -155.754634
170.763000 286.042453
293.787000 -72.494460
242.240000 52.589628
-277.574000 -243.485284
-141.145000 -179.925197
221.623000 26.684891
-22.685000 204.176978
168.746000 10.353065
123.542000 -199.626844
-180.031000 -21.324757
-156.098000 -1.818699
-156.892000 32.362358
218.528000 -49.663584
-167.394000 38.467475
80.967000 -203.870468
-98.437000 -157.641410
93.253000 -281.563352
-186.349000 95.078705
-23.723000 160.377763
-62.183000 -246.307179
-282.819000 38.195849
153.488000 205.512881
137.513000 217.576910
32.738000 -48.796062
-62.930000 -92.725034
-45.918000 -232.019005
115.558000 281.352023
64.855000 -3.923948
171.310000 -252.022920
73.598000 193.353108
17.259000 287.120109
-142.912000 161.679109
132.258000 -257.738891
138.446000 202.885112
292.765000 -252.948888
165.686000 -200.992889
101.063000 -28.585889
150.952000 -10.455889
-100.880000 -130.914889
68.960000 -146.060888
-13.081000 36.889084
-119.060000 -75.188943
-21.449000 -106.169971
-205.472000 231.897001
141.362000 -133.029026
-137.665000 94.497946
-182.423000 -72.542078
84.334000 -171.379105
-33.711000 -15.339132
237.157000 266.698840
-173.232000 -80.537213
-116.934000 -155.235267
82.922000 -19.559320
189.098000 16.723626
258.021000 -11.073427
182.046000 29.641520
-88.232000 106.533467
237.372000 -267.486587
-107.303000 -48.092637
84.183000 310.217310
-285.792000 134.385232
81.962000 177.142155
274.878000 207.313078
265.564000 141.865001
43.539000 6.292924
-200.936000 15.201847
0.155000 25.404769
-49.958000 72.918692
-166.097000 -225.408385
183.763000 -160.744463
-286.970000 231.457440
85.011000 -271.831656
-151.673000 -222.756754
231.478000 -215.663853
-248.607000 42.658049
150.366000 295.488950
10.166000 204.566852
-131.125000 17.534753
-220.422000 25.444655
-53.088000 276.520557
40.164000 -17.755560
-292.885000 304.484323
104.026000 -278.893793
185.919000 -32.059907
-27.866000 -207.259024
-94.749000 -149.469140
41.245000 140.014744
-169.949000 213.745627
-226.069000 194.887510
147.731000 -202.168606
99.601000 31.672262
-249.585000 -192.716870
284.618000 26.976999
-127.607000 91.459868
-35.310000 -280.727263
-50.385000 -62.736395
-122.420000 -16.880523
-9.957000 -196.261655
206.754000 7.122213
71.741000 132.426082
-290.868000 259.849940
-206.316000 -27.659203
-108.061000 291.282654
-292.955000 188.423511
-222.751000 195.330368
-237.582000 -81.950775
-266.938000 315.976082
-236.558000 -242.936060
182.638000 -221.187200
-101.084000 273.476657
226.172000 -261.699494
236.149000 311.293354
218.770000 -199.446797
-293.815000 -260.978948
49.121000 5.931902
28.617000 153.802751
-92.340000 16.243600
136.397000 309.649449
-104.069000 224.934298
208.469000 176.259146
-20.515000 -233.289008
-39.867000 -200.417160
-277.210000 -265.707316
-160.115000 41.821529
77.643000 75.112374
-281.783000 167.093218
-88.666000 -155.619937
30.489000 -213.788091
-15.559000 71.973753
-115.498000 217.037598
269.352000 271.874443
-219.168000 213.925288
-185.625000 173.137133
-26.102000 155.004981
1.730000 139.695827
244.346000 155.466672
-81.709000 91.480517
-179.913000 188.791362
142.481000 -84.290793
0.100000 -237.870948
-193.544000 157.553903
-101.343000 -48.544246
263.364000 148.544605
82.189000 -18.681545
-206.422000 112.664306
-189.757000 261.522157
-257.651000 162.085011
214.640000 -123.901138
90.640000 172.176713
42.911000 -153.627436
-8.937000 -160.233574
172.361000 -139.960711
-155.349000 -39.499849
-67.117000 28.387015
152.274000 -70.367123
54.805000 114.757740
49.471000 39.111602
-290.722000 -177.292535
-8.392000 -205.310670
-1.064000 242.142194
-49.210000 -267.467925
-142.532000 73.030955
-137.105000 -258.861164
202.522000 82.198717
-94.625000 -143.858402
-26.899000 40.160480
41.530000 -191.029640
245.217000 -225.839759
-186.412000 96.277122
193.855000 -0.337997
-185.545000 157.320908
270.601000 104.970818
-216.258000 -266.251277
-11.105000 252.356629
198.036000 279.845534
164.850000 -149.255561
68.143000 -65.309655
153.136000 89.994251
-113.663000 164.605157
240.963000 -180.955938
99.948000 143.934999
-287.412000 247.443935
-120.986000 48.553871
230.690000 -143.061188
-114.469000 2.209748
-164.313000 -230.334315
-246.231000 -141.973379
-40.001000 285.872557
286.534000 -121.111505
-76.497000 -17.824569
119.177000 -203.450595
-78.443000 278.788378
236.252000 -259.096649
-284.528000 201.329325
135.904000 61.311299
135.175000 125.329273
-89.199000 -190.977751
153.785000 -272.790778
250.930000 179.026196
225.347000 -225.607831
271.021000 -124.411814
215.937000 186.373203
-62.376000 -256.168781
-9.354000 -221.111765
133.182000 -211.053749
271.447000 -138.417732
105.662000 168.377285
115.747000 202.801301
107.507000 -146.599680
-268.305000 -30.269664
-297.576000 169.067401
-153.088000 -23.176533
-52.889000 38.353532
-198.508000 43.731597
281.311000 281.514662
-148.683000 216.618726
-85.580000 -250.443208
-8.003000 79.344857
239.788000 -53.967078
275.338000 -95.268013
-288.806000 -37.555894
-177.572000 -233.681773
76.556000 134.929347
230.063000 274.946466
125.141000 -240.454415
203.914000 -182.388297
112.584000 -40.458178
-182.545000 -252.306058
227.360000 -270.221939
-50.015000 315.006179
-147.893000 83.093357
268.388000 259.111534
16.352000 -206.425288
274.544000 -159.235108
-90.424000 49.908069
-251.304000 33.729247
149.932000 -260.482576
126.915000 251.352601
-49.379000 -153.155221
278.149000 310.747956
143.565000 -88.360803
224.178000 -282.042563
-171.534000 -260.198323
106.974000 -230.217082
11.526000 26.412158
294.467000 284.633398
-89.835000 -278.445358
-65.476000 211.372882
-283.383000 -182.512877
129.321000 -276.844637
30.141000 280.063671
268.335000 -224.197022
-73.044000 311.378286
-178.315000 267.002595
103.796000 -121.054097
-239.854000 60.250210
264.104000 -101.834482
271.261000 -100.598174
-87.441000 -95.341863
2.155000 23.882445
78.921000 5.554825
32.843000 294.661204
-281.291000 -216.499416
127.192000 260.354964
12.098000 -8.399656
-242.258000 102.812723
206.481000 300.883103
-285.794000 76.021482
-147.612000 96.273863
-15.769000 -276.995758
10.362000 -79.822303
-162.917000 -98.304845
203.198000 -110.749390
173.845000 63.718065
214.608000 -53.610480
187.042000 285.035975
138.428000 -10.178571
237.165000 -183.895116
-277.291000 -166.827660
-10.742000 182.880795
-74.185000 -250.656673
215.046000 -10.135140
-93.462000 56.363393
296.020000 -166.635070
-45.589000 -91.698537
69.895000 285.005996
-162.880000 107.933529
82.913000 -85.830938
109.150000 312.677595
119.043000 23.836128
-125.778000 15.774741
55.049000 -42.520646
-229.437000 221.877968
-22.489000 91.439581
108.564000 127.190194
-109.526000 57.020807
162.327000 75.314423
-101.229000 291.313037
-104.469000 -49.663350
-121.150000 -193.024737
83.588000 -257.120043
-273.296000 310.629651
-17.018000 97.314346
-104.735000 -257.846961
-5.875000 -166.798267
68.527000 80.747427
-177.345000 63.162121
6.682000 112.911815
-0.036000 8.055512
177.818000 -240.182794
-137.590000 -277.020021
-118.472000 283.821754
188.010000 -26.296472
39.955000 297.787301
289.799000 -197.779925
-73.607000 70.402849
98.491000 288.485623
26.038000 9.234396
-180.471000 186.225170
76.075000 -212.259057
193.527000 -119.675204
88.461000 -229.811350
168.253000 -173.846498
-223.050000 -181.080647
-53.491000 -117.298794
235.416000 126.712057
9.523000 172.046908
-152.541000 131.083760
81.865000 127.698611
242.705000 -39.485537
-198.502000 74.897389
-268.583000 84.880315
2.262000 -27.328759
231.891000 274.486171
256.981000 -160.338903
-274.877000 249.398023
156.300000 77.365949
297.820000 -82.928126
-221.079000 -3.559199
-63.803000 -243.827273
-19.986000 74.786722
45.915000 22.680718
-121.050000 31.799714
-8.761000 17.074709
77.952000 93.296705
-4.783000 225.974700
25.809000 -156.295300
29.908000 -22.029305
144.398000 317.271691
99.795000 280.310686
-247.186000 52.230746
195.880000 197.321806
234.133000 -40.811134
117.991000 7.003925
-226.671000 -117.046015
239.257000 -96.638955
-226.517000 259.963105
34.540000 -51.256836
-11.024000 270.054227
-297.921000 -174.934712
-154.156000 -75.435595
255.453000 -78.626477
-149.555000 -87.000360
177.245000 -137.237242
-147.035000 229.570876
-250.728000 -258.289006
-240.249000 -248.112889
260.863000 105.507229
-162.173000 -242.932653
90.398000 -58.867535
43.347000 -137.458367
154.035000 -169.203195
44.340000 -198.098026
-272.844000 -14.629857
-58.806000 288.571311
-230.403000 -11.620521
-246.489000 -97.352351
171.460000 -256.325183
174.005000 234.190985
-29.444000 -237.172847
-166.362000 -143.560635
-58.406000 135.541576
-292.806000 -177.217213
231.771000 -12.264998
-209.108000 55.607214
-178.823000 33.412425
-257.272000 67.675635
250.851000 37.366846
-127.965000 275.741058
-67.860000 -94.962731
56.889000 -52.038486
-36.009000 266.399760
20.179000 257.802006
-198.996000 91.542251
-147.695000 -115.197504
-14.518000 -20.649259
-52.137000 311.754991
36.332000 110.455237
-38.614000 -172.390518
201.673000 76.480727
64.630000 143.374999
178.954000 268.069270
275.185000 -225.981460
-228.095000 151.203811
231.010000 -106.818917
284.353000 128.282353
275.490000 -184.273376
-267.674000 -92.715105
14.850000 168.350170
198.633000 -231.249559
-286.631000 -174.988272
-24.427000 155.434015
230.432000 -39.773697
-122.499000 -279.804409
-21.444000 84.131878
267.060000 61.468165
33.943000 -150.358547
-229.083000 -196.147260
-13.220000 227.479027
-281.047000 97.573314
-45.568000 270.756610
-228.513000 -58.677091
-104.138000 225.494203
-230.371000 -198.029502
215.790000 87.990794
-274.435000 109.932089
56.265000 197.897383
154.217000 144.380678
-42.895000 22.969974
283.172000 -257.388731
94.519000 -172.723438
29.541000 48.851856
234.429000 202.662151
-293.747000 -152.083551
-13.214000 -11.598258
-168.706000 201.774036
-73.394000 9.435331
15.802000 -274.716375
183.735000 -226.778081
36.117000 198.060214
203.676000 30.933499
192.710000 -41.641216
298.533000 67.094069
-71.790000 -84.433645
-214.007000 242.976640
-69.448000 -28.947075
88.291000 54.772214
-218.380000 131.231500
233.775000 12.569785
-218.348000 54.048070
-284.663000 161.929340
-10.638000 -123.118389
168.489000 264.701880
183.832000 153.415150
-268.956000 114.088420
22.058000 -121.015310
-291.787000 40.134960
126.768000 -253.114771
-238.448000 276.249504
93.290000 198.953773
9.840000 3.136021
-137.782000 78.368269
132.393000 -252.462482
-232.253000 75.454766
83.821000 214.562014
-133.358000 -177.865737
-25.656000 -186.917489
-162.324000 -5.908241
36.753000 174.767007
-289.522000 192.314256
-266.735000 -198.445523
-99.526000 -97.071298
-170.837000 -270.986076
-220.766000 -33.015854
-117.189000 134.861367
248.292000 -161.931412
-242.079000 9.312811
130.885000 -214.069968
236.972000 103.031253
-153.458000 29.702474
-177.568000 72.266666
-161.002000 -242.034143
52.656000 -278.603953
-259.396000 -60.980758
-4.766000 -29.350567
-262.396000 -72.338377
188.028000 54.049814
-239.149000 -41.888994
-144.376000 -43.718804
-20.906000 308.395387
-13.154000 -100.489456
96.206000 -100.317299
35.312000 -49.059143
-78.190000 -273.443986
-271.829000 -148.290828
-170.791000 157.547328
226.652000 238.966488
276.697000 236.873646
-151.569000 -50.002197
76.812000 18.775959
-82.679000 -197.582921
-172.903000 77.203201
-32.812000 286.475321
-93.837000 -34.198559
-97.454000 199.312562
-31.751000 -32.373317
295.524000 284.796803
-139.578000 45.910923
152.540000 -232.578952
165.836000 -189.610832
-147.065000 -82.597750
37.981000 42.418333
-220.730000 238.260415
-180.721000 265.914497
121.829000 297.073579
273.258000 83.007662
49.505000 116.729744
150.481000 197.820826
-209.904000 -83.235091
-14.493000 50.999991
-212.519000 -15.182967
105.706000 -56.561922
-132.155000 276.546120
-42.481000 -221.688838
-114.550000 -279.406796
-29.658000 27.481247
-262.665000 71.625288
-260.798000 -224.559670
-91.997000 219.285373
-95.788000 -142.290586
-239.890000 -127.288586
-186.287000 214.426413
101.868000 191.115414
229.212000 -44.666583
143.954000 84.578417
-142.276000 -34.018583
-201.405000 -158.416583
6.049000 -252.657583
-164.408000 215.915417
-18.247000 -89.205583
-133.938000 -219.644627
220.974000 -98.195671
104.143000 -37.960713
174.178000 -253.927757
124.890000 191.692199
155.194000 -177.247844
42.484000 79.547116
-45.140000 117.718072
-229.274000 298.723030
-186.454000 -155.547014
41.340000 -173.517102
145.966000 -136.331191
-266.461000 194.739722
-128.361000 68.825634
-150.258000 2.300545
-220.772000 -53.855542
-250.308000 116.543369
-42.291000 143.172281
-135.256000 -82.974803
-94.396000 137.287109
248.675000 275.008975
-280.695000 192.316842
-74.640000 -142.814293
206.267000 57.414573
196.044000 85.754439
81.276000 -126.852694
24.126000 -180.431829
-59.874000 -36.885963
-156.071000 -244.874096
9.265000 294.812770
254.674000 -92.035411
-206.723000 -215.072588
97.571000 189.562231
-151.065000 167.210050
89.331000 -254.884130
-288.003000 -30.517311
167.191000 261.114507
132.736000 245.543327
-60.291000 -250.907854
78.833000 -87.992035
-182.334000 280.251737
174.491000 69.197509
247.466000 25.440281
121.943000 56.400055
-58.612000 -171.951172
-27.112000 49.270599
236.772000 248.415371
282.467000 221.703143
142.143000 188.832915
295.981000 188.026686
294.913000 -3.186589
-220.196000 256.658135
132.777000 -263.089142
199.968000 2.168583
-68.589000 -243.794694
242.561000 206.965030
166.664000 -185.946242
-16.527000 0.116481
194.083000 310.407205
39.702000 -257.073070
-33.938000 220.360605
-122.346000 -25.605719
173.516000 -44.780043
-177.099000 239.021633
223.999000 -39.094691
156.436000 -120.097015
163.653000 -120.954339
134.258000 115.939337
236.487000 -58.310984
41.529000 -78.664307
102.407000 69.013321
-28.616000 -209.670051
155.530000 -20.258421
190.950000 282.452207
91.001000 -173.013165
-255.784000 -90.945535
-198.365000 291.721093
-281.333000 295.449722
69.232000 -34.801649
-139.377000 -174.312021
-47.765000 -79.809439
-50.394000 224.014146
237.801000 -100.785272
-44.142000 -253.736691
-61.741000 148.505891
112.527000 -194.220527
-75.953000 -176.505946
-285.047000 273.374637
2.145000 -72.117782
-201.734000 -240.575201
96.997000 -274.809665
19.602000 -170.784131
-101.679000 -272.535597
-148.619000 101.633942
145.849000 -128.180523
-216.898000 132.911011
-113.819000 94.334546
264.285000 -115.220919
-231.595000 -136.766385
-176.900000 293.909150
-157.587000 -32.156362
226.548000 306.870126
160.592000 -64.354385
146.663000 189.010102
191.497000 -174.102410
250.330000 -52.457921
-31.837000 21.718570
-202.803000 194.637058
-195.434000 125.388546
-244.233000 162.426034
-86.457000 281.176476
114.654000 146.979919
72.110000 -46.545639
-224.811000 126.484804
-169.038000 171.850247
-212.719000 117.752689
-37.035000 69.685131
101.763000 -182.437426
166.534000 -58.821981
272.142000 130.929462
-103.107000 211.273860
191.092000 -201.786742
268.222000 54.824657
90.519000 -157.399945
265.066000 -209.901547
-69.984000 183.831852
-122.770000 -81.620750
-189.833000 288.362648
-227.599000 2.207047
299.260000 -79.209555
-4.221000 288.970801
-191.635000 243.910160
181.007000 138.762515
-92.495000 -106.414130
111.065000 97.336227
-243.905000 -93.388418
35.214000 276.944937
189.461000 -233.427707
13.888000 -0.415351
257.478000 152.656004
119.374000 79.265318
-237.915000 13.656632
103.007000 -30.655054
-154.777000 -41.867737
-11.146000 49.507576
74.941000 49.135891
29.128000 -59.664796
-182.639000 119.853518
244.310000 -2.587168
-225.959000 -273.997854
167.293000 -209.122581
-192.986000 146.567693
-74.828000 -186.414034
-34.472000 83.699239
-258.806000 -55.295487
5.072000 267.354786
-240.554000 -191.676937
-5.409000 97.303337
-201.081000 -33.209390
-27.314000 -169.553116
-201.372000 16.336119
68.981000 -17.143646
-184.896000 135.520590
-88.225000 148.638825
168.456000 107.868059
-71.752000 267.467295
-125.348000 -134.718470
-70.881000 -9.372235
-226.618000 -195.933996
-185.197000 -113.055761
-203.100000 61.299438
182.678000 -220.647363
129.391000 -119.366165
-252.179000 -238.909965
-25.370000 101.177233
36.054000 -227.824568
-62.697000 288.648631
-79.533000 79.292830
-281.087000 38.871028
74.019000 268.720228
-219.385000 309.505391
-88.982000 117.068559
288.176000 -19.717278
205.828000 52.672886
-186.376000 -72.463950
-24.516000 252.419214
17.975000 76.536377
-287.797000 -42.000458
-111.983000 315.810705
-113.175000 178.963869
-299.122000 309.370999
-89.119000 -75.146871
101.182000 -58.789740
-206.907000 -194.604607
-43.114000 206.186523
238.664000 -233.720346
282.988000 -190.303216
202.738000 -209.820087
-242.819000 -160.221956
-176.219000 -64.432826
200.540000 277.675273
98.789000 292.940370
18.117000 205.599468
27.471000 -224.277433
26.295000 -13.803336
-62.719000 168.691762
-86.584000 -222.690136
-30.049000 -273.632039
-234.749000 -241.195940
-167.808000 186.492158
-85.682000 -59.549776
-204.818000 201.924292
-299.710000 234.042359
188.814000 -26.384574
37.473000 -171.560506
-216.561000 264.289560
-106.122000 -202.479372
-114.138000 -78.294305
297.100000 4.570765
-48.461000 264.304833
279.109000 -224.633130
48.173000 102.381908
-251.294000 -34.832054
-123.028000 -234.006016
-57.194000 3.720022
-1.400000 -83.176940
-48.269000 267.501097
127.808000 316.846136
232.386000 -208.351827
-226.379000 -123.802788
143.457000 -210.038778
137.803000 56.233234
-299.830000 -15.179755
88.951000 -225.316745
204.886000 24.731265
-10.083000 -199.308724
174.514000 244.374285
243.594000 127.440296
1.323000 272.653306
93.089000 -76.032684
-96.354000 183.648300
-53.384000 -241.760717
-62.737000 -146.944733
12.057000 98.592253
-30.459000 200.936236
171.587000 198.246221
-241.335000 -238.669796
156.498000 -171.512813
-253.854000 287.207171
-234.795000 -206.486846
280.495000 185.509112
279.408000 -216.863932
251.622000 -135.568975
246.884000 228.508983
37.861000 -70.837061
-1.807000 49.359897
-101.025000 138.158857
199.746000 162.111814
-127.858000 101.819771
236.382000 -60.758272
-269.474000 -87.820341
62.540000 -150.442411
86.185000 99.054518
-175.653000 15.331449
151.032000 -211.641621
-83.045000 245.573310
-239.351000 -144.135760
-118.253000 193.181170
257.057000 15.618103
61.764000 -45.799967
181.412000 202.852936
3.273000 1.184838
-248.024000 -161.784261
16.287000 -170.429358
202.387000 -150.623456
35.942000 127.329446
240.768000 -272.722652
-218.867000 307.248250
-66.016000 -15.033847
-6.909000 241.266054
11.690000 298.916927
-282.335000 -210.295199
251.524000 -230.088327
-284.420000 131.360546
-15.626000 120.558417
269.235000 236.685290
-71.776000 -135.323838
-228.972000 -221.176967
30.688000 -173.866094
279.911000 -82.521222
-199.574000 286.114618
83.189000 -167.478543
124.775000 36.313297
-268.246000 -30.993860
181.523000 -133.348021
12.817000 269.256819
-137.924000 -225.656341
-252.974000 313.754498
148.722000 142.776338
258.522000 171.378178
235.896000 155.750983
241.767000 83.929787
85.619000 222.274593
196.916000 148.382397
-272.498000 244.673201
177.421000 -111.446993
-45.021000 239.634814
179.613000 99.928619
6.204000 194.216423
116.061000 -223.679772
54.862000 -47.661005
225.827000 15.617762
-237.801000 130.768530
83.918000 -256.387704
-22.934000 204.452063
-260.146000 -239.876169
254.527000 -143.258402
-69.813000 -192.748635
285.555000 170.204135
143.413000 19.535902
197.819000 314.092629
-184.694000 235.795355
-27.171000 -118.549918
24.514000 -141.985192
210.644000 105.675535
-155.088000 -64.989739
228.964000 58.463987
223.875000 14.136714
36.388000 178.889440
-228.948000 173.999167
156.300000 299.729849
14.884000 266.098535
214.937000 -15.785784
-98.709000 -224.147102
55.309000 213.918581
-198.600000 242.103263
-94.398000 309.898946
-275.002000 -153.681372
-187.119000 36.886310
-22.829000 14.412993
-68.485000 7.311628
-171.297000 191.063264
42.431000 -87.963101
-277.477000 -149.305463
-22.119000 -219.746828
224.946000 212.360807
-106.285000 267.976443
192.568000 -105.954923
-25.165000 87.650713
83.193000 289.829348
230.547000 -276.038067
-21.981000 248.889518
-222.659000 -220.005898
-281.508000 -189.721312
250.116000 -156.103728
-83.484000 -267.038142
-255.794000 312.140445
251.861000 -43.327969
-124.033000 253.408615
297.677000 -168.203800
271.301000 296.734732
-48.507000 -33.499736
278.559000 24.596796
-246.358000 -245.899673
89.029000 -165.183140
-240.900000 -148.426609
224.519000 179.325922
-52.139000 -232.637545
88.192000 1.957989
-8.364000 -193.135479
-171.154000 -155.228003
-61.960000 -3.696527
-22.697000 -271.249051
-53.501000 -205.061575
-267.098000 107.639900
-133.811000 109.961376
-197.943000 258.039852
193.265000 278.516327
-125.025000 262.332804
34.877000 122.194279
-159.398000 -180.424304
-143.937000 136.642115
124.604000 285.596532
-182.053000 25.976949
-72.580000 -44.042635
263.552000 161.825782
74.136000 38.071199
148.388000 -128.822384
-283.735000 148.825032
-114.384000 -192.295551
26.621000 26.888803
-99.898000 242.311156
106.885000 205.136511
-91.897000 266.075867
-272.512000 190.047222
-154.394000 251.820576
-232.278000 43.386930
55.928000 124.325284
295.693000 -111.280362
-75.969000 169.790992
-72.056000 -125.881721
-120.602000 -216.046432
64.675000 98.228855
-118.056000 -112.441857
-60.373000 223.924430
187.794000 150.395719
-8.994000 -49.954991
-232.273000 -93.596703
199.879000 242.154584
274.339000 238.728872
140.599000 -168.056910
108.968000 -4.443692
93.712000 288.578527
104.134000 -35.893255
-199.160000 -154.304036
-224.506000 132.906182
-25.210000 294.304400
-251.022000 185.085618
68.147000 6.934840
-204.105000 -18.366942
180.119000 26.204203
-245.832000 163.216350
294.929000 -143.607505
-76.967000 316.961642
100.145000 -54.366212
58.972000 -249.751066
284.116000 29.000080
298.515000 314.755226
80.034000 -71.134628
248.507000 -139.741483
-138.461000 -155.650411
-118.518000 26.426662
134.097000 -191.377266
-26.973000 -235.119196
103.930000 297.910876
-238.407000 169.018946
62.359000 275.175018
142.054000 -241.980912
222.176000 -260.781840
108.701000 269.313230
62.072000 -165.692776
45.356000 -242.645783
-232.610000 -78.416790
-191.405000 -119.198793
-225.036000 -195.505800
-271.731000 83.649194
-285.819000 189.150187
173.516000 165.334181
-280.412000 250.041174
276.001000 -122.525832
171.893000 -261.451918
213.751000 314.283996
205.106000 256.069910
-281.549000 -226.166176
-260.021000 152.981738
-119.044000 217.553651
-261.118000 213.730568
101.443000 -244.559518
-63.285000 -201.100603
182.662000 113.376310
136.045000 230.650143
-48.951000 -144.456025
-236.316000 -8.949191
-89.271000 60.030641
-29.327000 -267.319526
271.517000 34.698306
-201.274000 274.920139
-57.791000 94.189971
39.723000 278.758807
157.871000 283.047639
-253.737000 38.790388
255.959000 -8.662862
13.996000 126.039887
-54.056000 -134.206363
-3.683000 230.859385
-29.728000 -36.432865
118.846000 -13.877116
-121.694000 -111.627366
211.782000 154.640383
99.729000 -255.070867
-294.419000 134.504797
70.749000 169.451464
-45.260000 -195.201872
265.839000 196.021794
-136.328000 125.888458
-268.020000 -182.666877
204.989000 -76.760213
-291.438000 -17.749548
27.142000 -251.381884
220.050000 293.917781
-25.770000 -172.224640
-170.605000 -67.781061
8.557000 109.405519
-113.837000 -133.583899
109.553000 -242.387319
130.437000 255.940259
-62.555000 -17.631161
90.543000 -48.239582
-167.574000 178.719998
256.570000 -134.987423
-235.187000 153.879073
-107.104000 -69.163433
-44.941000 -34.122938
-186.296000 268.002557
-259.393000 249.827052
-170.885000 -100.486454
-16.933000 265.462044
-221.007000 -68.376462
30.969000 -189.292966
-5.587000 -251.542472
-76.839000 254.565940
272.398000 154.363351
-26.052000 154.841763
-267.049000 -104.888825
6.078000 -129.007413
194.197000 -107.258002
-61.440000 -120.819590
-257.951000 310.301821
261.490000 185.764236
209.640000 212.459647
150.853000 82.529978
-12.699000 198.947310
-234.051000 -203.479360
187.896000 -134.261028
-198.595000 -254.674697
193.625000 -238.249366
-121.876000 229.266965
53.193000 -127.507703
-180.253000 86.874627
221.792000 98.185959
25.866000 -136.881787
-33.818000 -27.101530
248.821000 258.682723
147.486000 -23.712024
-266.371000 300.112230
162.055000 47.739484
236.141000 16.634738
-140.314000 -165.324003
209.501000 -240.793749
17.792000 313.502506
189.407000 -7.615314
116.552000 -259.074133
-22.691000 297.147048
135.246000 -62.039771
127.707000 240.476410
216.820000 -125.712409
-202.249000 -182.140228
26.744000 -92.767047
74.467000 202.372134
165.436000 -48.071685
251.204000 -6.614573
-84.412000 -237.276461
-17.420000 -88.978349
11.391000 57.653764
42.074000 102.522875
82.710000 -237.021012
179.297000 -178.303900
160.171000 86.484212
100.076000 -172.786676
-256.278000 -28.091564
105.823000 -54.244516
13.597000 126.581532
-108.309000 -213.940417
-106.544000 -57.362369
-165.070000 -236.209321
139.097000 -76.915273
-72.361000 -180.650226
-55.048000 315.539822
-13.519000 -76.174131
206.677000 44.390918
195.170000 -223.687095
-175.020000 -138.246107
53.779000 295.690880
-56.280000 -77.746132
-266.858000 -87.352145
278.117000 -275.905157
-13.154000 296.645830
185.254000 -84.761182
118.432000 -250.527195
-3.527000 321.266793
-81.386000 -28.930277
-220.454000 109.330655
115.561000 279.591586
-67.486000 -88.903482
15.435000 -244.411550
222.999000 -96.939619
126.417000 -132.542687
-120.143000 -219.887752
156.578000 304.485180
79.768000 259.234111
240.963000 -33.543009
-157.858000 -77.619129
153.258000 -232.204249
236.049000 315.688631
-145.135000 249.128511
39.808000 -162.745609
-179.526000 170.986272
6.002000 187.939151
197.266000 -12.831968
120.018000 129.282911
-133.123000 129.643745
-193.382000 -24.935422
29.059000 0.455412
252.819000 -41.726755
83.838000 -199.733921
-58.657000 -203.502088
73.778000 -48.660254
260.603000 279.642579
-37.813000 -260.058587
-76.490000 310.716246
249.950000 319.187038
-12.657000 322.336829
167.220000 -41.762375
-23.834000 -234.959583
-47.823000 285.577208
243.240000 249.864000
290.041000 35.404791
-127.304000 -69.014417
-270.413000 -139.653626
-213.380000 113.121166
-285.196000 248.310920
85.461000 -240.229324
-289.124000 264.974430
188.015000 -85.982815
208.052000 217.562939
201.966000 33.522694
247.540000 11.579448
-252.552000 298.054203
198.847000 -24.624042
219.123000 112.482713
161.848000 -40.552565
-161.053000 317.936158
62.165000 168.877880
54.659000 140.799602
-171.334000 1.474325
137.854000 -232.049953
231.220000 20.502770
-94.982000 298.978496
-260.207000 -136.608782
-14.860000 -100.213060
-60.922000 245.533635
111.661000 14.824329
-165.470000 105.579023
-202.567000 -221.290283
-217.551000 -184.071588
-62.413000 247.272105
-251.400000 186.043800
15.265000 46.894494
-187.095000 -265.282812
294.083000 -138.020117
102.788000 -172.132448
277.955000 49.334222
65.949000 -53.668109
84.566000 -63.102438
-227.541000 -128.841769
-236.984000 130.679901
184.146000 -202.827430
247.921000 -194.663760
-109.697000 -41.163091
56.428000 197.660580
275.193000 81.226228
-63.948000 -253.665122
100.157000 -225.041469
-257.862000 -77.636820
265.501000 -59.927170
-107.188000 236.823478
42.010000 -190.518872
-288.696000 58.488777
212.961000 -8.433574
289.159000 98.910075
-250.255000 88.289709
247.077000 318.610341
171.334000 62.539975
281.605000 157.924608
215.233000 180.486241
109.106000 309.231875
-3.343000 128.737507
110.801000 269.825141
-165.134000 -216.666227
155.030000 136.678407
-141.772000 -3.076973
-101.625000 -158.098351
264.665000 -44.489730
-135.855000 -132.792109
198.535000 45.782513
60.773000 78.794133
-262.061000 -232.318245
255.511000 156.294379
-155.954000 -115.183999
202.929000 310.346621
-175.691000 160.147235
188.454000 53.081848
90.430000 322.456461
-27.879000 144.299074
-214.923000 3.997688
174.104000 -94.126699
-276.788000 223.796914
-177.177000 -223.403472
-159.768000 -144.301860
213.187000 317.801754
210.366000 -18.966636
-159.077000 289.882974
-150.195000 172.250583
-211.794000 -145.405806
211.916000 -179.048196
-250.533000 97.388413
9.778000 164.063024
62.199000 -184.043367
-214.602000 -171.496757
-230.351000 -242.198147
146.712000 -85.079535
275.610000 -160.379924
-295.600000 152.238692
270.531000 107.098304
-64.900000 131.132916
105.399000 -268.587472
54.373000 -26.991861
184.993000 -194.678248
149.406000 -71.097637
108.877000 123.461975
101.066000 -9.903406
-59.395000 227.068214
267.964000 240.032834
-267.347000 216.544453
258.794000 230.752073
246.989000 4.577692
95.564000 -61.318689
-229.903000 -11.153070
247.095000 240.754550
158.109000 147.915170
68.268000 -2.605198
244.898000 -93.570564
244.401000 309.345068
-231.635000 101.911701
272.606000 24.859333
-214.350000 -43.936034
-112.020000 -185.100401
-231.043000 301.952236
271.310000 -27.885131
-297.472000 -14.620499
-87.967000 119.302153
123.201000 67.500805
-104.151000 -80.951543
-129.566000 263.465109
-16.962000 -154.504239
25.514000 219.017413
-273.547000 -207.756935
-242.714000 241.086717
259.584000 -152.278631
-63.316000 -101.855979
277.407000 35.829697
277.695000 -201.936626
164.727000 178.839052
267.980000 -27.000272
-12.440000 77.355405
-58.306000 -111.667919
-261.437000 240.960758
165.639000 206.701435
167.476000 313.062112
277.361000 -139.656211
-51.562000 81.179495
-212.883000 -255.247797
-68.977000 300.385913
-82.519000 247.126620
119.017000 258.847327
-126.987000 317.513034
238.240000 -244.649259
275.522000 -25.532553
-280.631000 -54.695846
201.843000 76.998861
180.501000 270.676604
-113.179000 140.405346
-36.411000 158.202088
163.787000 254.302831
-122.185000 -225.852427
-264.895000 -84.068684
89.420000 201.919058
-237.533000 -5.872200
-76.279000 41.642543
89.430000 235.441285
-232.990000 -99.170931
139.034000 -261.959149
-218.570000 41.909635
-68.224000 -107.775582
127.417000 280.914201
278.780000 220.151984
-262.129000 -272.827233
186.377000 95.940554
-46.229000 94.626337
-94.918000 -174.152880
82.263000 24.852949
-293.494000 73.991778
287.719000 -200.483393
-186.137000 310.755435
-74.848000 -107.220736
-72.138000 55.575093
-247.322000 -46.864078
-293.005000 207.622751
-179.012000 91.559579
125.530000 270.117408
-186.355000 -247.171712
-33.506000 308.166166
-2.177000 281.251046
122.899000 52.636924
282.548000 -66.782196
281.871000 -223.667318
-149.876000 137.836562
-59.076000 -174.258559
-61.701000 -124.508680
-67.003000 206.004199
-166.303000 -190.853868
-37.337000 221.465067
61.555000 257.762005
-33.405000 -129.321061
-10.548000 -153.384127
-96.227000 -226.776193
283.634000 219.513741
-248.576000 -135.941324
-224.927000 169.926609
12.750000 188.693544
-252.863000 127.757537
231.372000 -34.008468
-228.309000 98.041526
201.856000 233.142520
42.947000 21.060514
86.172000 14.118508
222.764000 -87.782498
-227.916000 116.521497
-66.010000 40.203490
69.257000 255.941485
250.609000 210.349544
-123.185000 -44.026397
74.089000 36.347663
-73.778000 192.452722
140.976000 -214.480218
-158.280000 87.443840
-83.277000 -232.745100
212.409000 -32.809036
-104.442000 274.003023
211.302000 -95.562917
283.363000 -220.203789
-191.563000 -220.916659
-265.003000 126.943471
-162.683000 139.618600
220.079000 -66.108270
114.925000 163.861859
133.366000 54.756988
-258.669000 21.388118
292.047000 -97.427753
-260.263000 -270.023623
-38.736000 283.303580
-198.951000 -238.788216
-195.495000 158.938988
-291.508000 -6.292809
174.773000 219.524395
42.065000 321.382599
-139.844000 264.790802
248.066000 -39.863994
-262.818000 -10.620791
91.321000 -100.359587
9.730000 246.180695
235.039000 122.898976
121.803000 280.539263
71.151000 137.293544
159.767000 -24.003173
-29.220000 -19.721891
80.227000 209.690390
-204.941000 -68.653328
146.795000 -120.205046
134.513000 -156.847764
-98.093000 -252.110400
64.437000 93.260963
49.399000 -46.062673
-35.363000 -276.230310
249.416000 301.717053
25.016000 -35.896583
-242.770000 249.205780
-4.186000 -230.757856
263.682000 81.682508
-19.651000 86.632871
78.769000 -80.895681
-201.259000 -141.759233
143.194000 311.306215
175.980000 -255.778336
16.019000 167.525111
-298.191000 -264.659440
228.172000 -242.999992
-32.376000 115.667460
38.594000 236.249909
108.278000 179.054356
141.800000 -189.050109
278.477000 -84.915574
-210.250000 8.523960
155.080000 163.067495
-139.299000 -75.778970
41.393000 51.706564
206.782000 172.079100
-234.961000 -106.546366
-288.340000 92.746169
205.946000 -114.812296
-212.951000 -260.776674
-264.818000 79.173949
283.514000 -185.206427
-67.646000 135.376195
20.563000 147.527819
-147.924000 -215.154559
-214.746000 123.621064
-156.648000 130.682688
73.927000 16.243310
-17.793000 -187.729067
-298.462000 -35.998354
-146.232000 -187.590642
273.932000 295.081075
194.808000 -25.430213
-1.875000 -144.631500
201.734000 27.747212
-8.722000 -124.251076
239.206000 233.964637
224.659000 -137.933651
-165.124000 -41.142939
103.547000 -36.403137
91.036000 204.869665
-84.992000 -106.034534
-255.753000 187.013268
157.289000 127.651070
210.943000 192.764872
114.563000 288.932674
-94.460000 161.019475
85.713000 -184.838723
-279.895000 124.691079
227.971000 -82.289031
-83.392000 224.196860
-280.416000 156.754751
-260.435000 -185.562359
160.055000 -22.474468
210.220000 217.733422
239.041000 159.044312
171.181000 201.447208
-245.869000 265.284098
243.772000 -193.945011
-288.582000 -242.811033
68.264000 -273.456055
-8.961000 -216.773077
-186.375000 198.280901
116.654000 -84.142121
-194.119000 -236.373143
-288.180000 55.753834
235.904000 174.442812
93.668000 -256.543209
-286.754000 165.234768
-2.563000 -210.691168
-37.981000 -223.224105
196.860000 112.763958
-49.775000 -12.683978
-144.552000 283.999086
-150.163000 -246.669852
4.067000 -122.539788
-253.203000 -64.436724
-181.998000 191.213339
-290.663000 -107.315598
-220.138000 247.477550
219.281000 -90.419304
-156.653000 69.806849
14.114000 135.591996
-161.725000 137.131143
-43.976000 181.795290
-100.790000 -33.183563
-56.258000 -1.911416
150.737000 -261.744268
233.512000 223.868878
145.592000 -104.225893
-165.005000 225.649337
-57.339000 -216.726435
162.371000 -35.770206
32.316000 97.110023
-13.030000 70.534251
-124.795000 54.343481
276.979000 -103.337290
-173.458000 70.390938
148.110000 171.690167
204.530000 -18.775524
-5.672000 164.912785
-279.843000 -176.246906
-174.814000 -219.959597
123.828000 -56.423289
135.613000 168.980020
-207.859000 -146.896671
77.073000 128.770643
-185.405000 294.091952
204.778000 -234.073739
-130.744000 138.759649
61.028000 -195.542963
3.697000 -131.175576
130.068000 -178.019188
-273.566000 -168.712799
-12.024000 -234.752412
-223.975000 -85.068024
-187.785000 302.541364
-0.919000 22.659751
-118.978000 -231.201861
-145.556000 200.628606
209.131000 -74.840928
275.701000 220.465539
-22.010000 -176.247995
-235.793000 -149.612529
121.193000 -59.433062
182.892000 189.285405
-94.683000 127.476870
-238.940000 -171.647663
-131.907000 181.616804
290.353000 -22.071652
-190.022000 -106.706106
-295.440000 143.338445
-223.132000 -11.187010
-141.867000 -253.217464
17.108000 -228.537919
164.187000 -93.125374
153.120000 272.290172
-89.322000 197.468717
26.764000 217.942262
253.776000 -111.730113
-114.110000 52.251513
-120.362000 -90.435863
-199.333000 247.832763
167.550000 -148.448612
296.257000 -72.763987
-98.423000 -35.256362
-257.733000 -201.689736
-219.525000 71.426888
-222.478000 -61.427486
23.420000 42.684220
-254.114000 -125.233074
-271.335000 94.107633
129.187000 25.502340
222.368000 -104.831954
-92.515000 303.436752
206.857000 146.558459
103.864000 154.145171
117.238000 88.189878
-38.154000 185.330584
-57.860000 71.320374
-67.361000 311.974163
-251.571000 10.911952
12.750000 278.126742
229.337000 -6.361470
134.858000 -96.757680
273.278000 320.557110
68.150000 -262.280102
46.216000 -24.964312
-65.117000 -195.820523
87.242000 286.608350
-25.073000 107.476225
76.114000 200.650099
-205.075000 -25.109028
273.231000 -101.545154
-21.630000 297.099720
-298.422000 -34.892407
-230.010000 -166.349533
115.528000 -155.762658
-100.362000 295.354215
22.877000 16.175175
122.414000 -250.491865
12.294000 322.564101
-237.437000 -170.458939
119.138000 261.421022
-112.218000 26.157982
-178.924000 259.206942
148.549000 -173.251098
60.658000 -135.996137
-244.735000 208.191822
-258.004000 -227.818129
275.256000 -188.952080
185.190000 203.824968
-168.747000 226.125018
69.651000 30.832067
-64.633000 -7.315885
-138.981000 272.837164
269.605000 -255.736787
-224.688000 -86.248739
100.474000 29.967311
39.669000 48.751452
114.534000 -96.377407
120.323000 -105.498267
-186.567000 56.061874
216.808000 46.442015
-135.905000 -58.304845
-213.047000 -222.400704
280.328000 -230.193556
167.479000 -148.594416
-249.203000 -206.017275
-135.358000 -191.472039
37.410000 -220.146803
-279.816000 218.648433
-72.159000 -93.301331
179.463000 -8.955095
105.001000 -146.245859
-28.387000 -268.410623
-78.222000 22.198613
-145.368000 10.680849
-169.015000 -83.880915
-111.528000 -12.764581
112.991000 -103.508247
-119.545000 53.172088
-197.725000 132.929422
-298.121000 -128.653243
131.307000 190.004090
-87.967000 139.110425
-10.407000 -80.476241
-138.709000 -263.477907
-154.998000 -5.636573
-11.213000 -67.897137
-215.054000 -95.672702
179.859000 -243.118260
-152.934000 -260.337825
216.548000 -219.228389
77.616000 16.288046
-93.237000 63.354481
269.627000 -241.529083
-255.911000 -97.035648
-116.194000 -169.183213
55.341000 -176.688673
163.021000 128.178865
-130.232000 173.651404
-106.543000 253.349944
49.434000 -1.307517
269.877000 273.665021
-153.276000 -236.201439
185.103000 -177.964900
182.509000 223.298639
115.385000 308.373178
-158.976000 148.112824
200.886000 -55.477530
5.158000 -188.272885
-213.798000 37.085760
192.598000 -256.413594
191.053000 194.810051
209.893000 -181.841303
18.303000 196.484350
-223.080000 -95.066004
115.409000 -74.554360
214.815000 204.162396
195.975000 -54.042848
-143.017000 -118.296094
-150.826000 11.601662
62.410000 162.378418
-260.340000 317.325173
6.408000 173.217928
-248.991000 -263.551317
38.947000 -114.092561
-111.819000 182.318194
-290.859000 -230.559938
-152.187000 324.539931
-293.108000 11.012800
-148.102000 251.277668
-35.944000 -264.297464
-110.040000 -130.830595
-37.275000 -192.320727
109.499000 -8.046859
76.731000 -194.208990
169.130000 -66.852121
-158.251000 -208.946137
-103.629000 324.647849
13.837000 -65.002159
-94.981000 87.174826
-209.933000 -254.893189
129.628000 -221.868203
-102.771000 -62.278218
-297.316000 113.899766
-64.800000 -250.428248
71.363000 150.248737
-88.134000 252.737843
72.612000 -58.485052
-63.660000 -10.118946
-193.562000 135.998160
255.934000 97.662264
-62.653000 -152.939630
-266.743000 -239.039524
-258.406000 17.785582
-77.466000 -128.364314
59.485000 -268.388208
85.484000 140.212022
-195.712000 49.934252
107.334000 135.640482
214.964000 57.569712
-5.129000 109.146942
-285.410000 81.392171
232.808000 279.610402
-119.608000 -131.861361
-259.783000 26.016869
227.700000 151.234099
-159.947000 -113.922542
-58.147000 180.982818
-154.450000 304.232177
-2.006000 -15.948464
117.019000 -49.554105
-164.871000 215.715254
182.598000 176.187613
-231.208000 84.818972
-292.688000 -125.344668
116.276000 -128.862309
-101.827000 -235.717816
196.068000 137.042678
-196.149000 201.678172
-192.983000 101.963666
254.956000 -184.994841
115.498000 -192.285347
225.579000 321.256147
180.369000 4.139641
-277.236000 -218.911866
-202.923000 -222.641372
-106.552000 283.565261
-257.607000 125.663894
6.399000 -193.651464
252.796000 -120.778830
-0.536000 265.614803
-178.292000 303.047436
35.036000 211.992070
-147.070000 -10.640296
209.912000 70.830338
15.625000 155.743971
48.789000 -87.987250
251.709000 40.721529
-99.445000 45.467309
-188.187000 -56.703913
-15.354000 305.803867
-258.095000 230.491646
114.255000 -28.297575
205.312000 -240.250796
-196.190000 -178.501017
-68.722000 -0.649237
-118.206000 101.928694
-142.037000 244.545624
34.638000 319.438555
79.432000 -9.607514
-201.934000 -203.830583
-299.167000 45.764347
71.678000 -202.669722
189.304000 303.049217
-199.855000 -199.253852
-206.755000 190.024078
69.661000 212.928167
157.523000 -163.178745
-140.128000 181.286343
221.988000 -123.887569
-107.461000 314.300519
110.503000 270.920607
-24.143000 43.242696
-227.043000 262.954783
126.689000 163.205871
8.841000 -18.865040
178.683000 54.228211
-68.097000 -78.662539
-18.088000 -235.289288
-211.484000 -27.206037
177.318000 -67.117786
237.547000 -134.817536
-74.742000 153.927715
-232.258000 19.362966
-127.765000 96.364218
266.250000 31.554468
-92.781000 -128.016114
-19.120000 125.753305
-14.181000 -131.234267
-162.123000 -66.406849
108.730000 156.824569
36.419000 240.962988
-72.127000 68.699407
-177.499000 285.158825
-39.227000 -13.271756
62.955000 192.910663
235.519000 -61.174746
-10.901000 217.970844
95.443000 -197.785564
-241.808000 -116.554973
62.778000 166.476619
-103.729000 82.110209
-274.306000 -268.785199
-108.785000 105.828392
-268.463000 -40.033017
-139.557000 -192.675425
19.574000 -73.333657
-66.600000 19.943112
252.981000 -268.703119
-162.531000 31.887650
-66.594000 188.218418
-285.109000 -130.048813
-268.767000 256.707956
92.007000 157.285734
130.068000 -62.629499
252.879000 278.832270
236.493000 126.966222
147.734000 -244.316827
-108.008000 144.992123
8.212000 -221.876926
-46.713000 -145.385975
298.363000 -0.818024
79.120000 314.719928
-270.151000 240.832878
127.544000 -53.333171
270.530000 29.886780
150.077000 195.968918
-289.762000 3.635055
-85.895000 -44.877807
-127.078000 -229.475669
174.600000 281.454469
204.998000 56.211606
59.988000 236.607745
-290.290000 13.776883
-236.700000 25.618021
-93.428000 291.449159
-162.554000 128.507487
14.081000 -2.203183
-74.672000 77.501156
-214.449000 -81.051514
136.852000 29.228814
-186.840000 211.253144
-264.751000 -40.080526
-137.609000 248.920803
226.525000 -63.066867
277.773000 70.212461
7.412000 -203.432013
-136.856000 -58.052487
189.125000 -81.538961
-168.509000 -84.440436
7.664000 -205.060910
-66.725000 79.653616
218.353000 252.543142
87.375000 204.318667
259.670000 286.564192
-276.621000 -264.568282
-65.075000 182.252445
149.832000 -20.212829
284.199000 -150.514104
-159.580000 201.059623
64.406000 316.880349
264.761000 -37.935925
-58.094000 -167.783198
169.688000 -116.705463
200.758000 202.251263
95.178000 299.608990
-126.395000 -100.541079
-65.829000 91.367852
-163.014000 166.654782
-147.708000 17.215713
152.229000 173.546644
289.791000 -51.958425
219.157000 -211.136495
-119.649000 5.314436
293.700000 103.527367
213.211000 177.577298
236.831000 284.125438
-89.396000 -200.760423
78.912000 -219.250282
-95.491000 61.836858
267.773000 -112.606002
19.439000 206.854138
156.979000 263.191277
69.393000 92.616417
-162.739000 -131.532443
-135.667000 116.491697
123.368000 265.445051
-280.036000 -46.499597
55.795000 229.313767
-222.755000 276.057120
-214.477000 64.733473
-296.305000 93.464826
-240.700000 156.064179
21.361000 -19.829468
-109.027000 -154.404114
-255.882000 218.039239
186.685000 208.130808
221.678000 -216.489622
264.444000 75.704947
-233.331000 -134.372483
25.276000 -51.494913
-226.112000 143.121656
189.456000 -225.790774
-256.959000 -6.113204
-236.905000 -149.908634
-70.104000 -251.458064
-256.272000 -105.839275
202.457000 188.170514
-287.488000 -33.859696
-190.523000 17.451094
58.906000 19.116884
-276.022000 127.298673
-92.548000 -148.167538
203.189000 163.878263
-38.106000 231.562053
-80.168000 98.623843
-272.241000 -51.508145
299.028000 -223.332132
-173.597000 112.232881
-275.401000 234.723894
234.466000 -168.357093
12.149000 -18.434081
29.766000 211.690932
90.982000 -91.592055
83.642000 -71.063042
-110.305000 -191.951029
-159.028000 -107.415792
102.162000 -67.918553
-203.247000 193.493685
-236.262000 42.276924
107.504000 7.830162
68.381000 161.201401
-266.912000 -172.348361
-220.252000 -148.559123
144.157000 189.903116
176.726000 211.332354
14.434000 -233.912180
233.268000 144.121285
216.840000 185.796762
-258.584000 105.550228
-2.155000 -222.923307
-203.856000 280.264159
-182.850000 -247.400376
200.176000 66.178089
83.263000 313.060555
-69.319000 -84.908979
83.771000 130.142715
-159.069000 -221.598591
44.594000 -92.597898
-183.546000 159.549796
20.025000 -175.505510
199.226000 311.329184
45.829000 -234.520121
263.606000 126.185572
-240.472000 12.767266
28.840000 317.813960
-106.507000 -32.404117
153.259000 -0.279194
122.152000 -68.075271
140.547000 -105.127348
-114.406000 187.770575
-6.185000 -74.334502
-165.313000 -213.244579
-253.468000 -111.688643
-169.051000 -89.916721
-131.029000 -140.492798
106.013000 323.342355
-274.019000 159.864507
-271.021000 37.814660
-44.364000 -107.303187
40.295000 -78.407036
135.093000 -116.601883
77.087000 -147.159730
-106.441000 44.569422
15.589000 -25.160425
68.351000 -134.355273
-233.872000 177.210109
-133.387000 325.073491
134.328000 -134.114126
-4.113000 -85.124744
211.551000 -8.466362
286.586000 30.863019
269.395000 -114.276598
94.997000 319.916784
15.974000 -113.049834
288.913000 -60.247451
20.983000 -127.021840
-223.529000 248.408771
-44.788000 -155.019604
233.739000 166.019008
166.260000 167.649620
-170.456000 -207.779769
282.242000 283.011843
168.590000 -41.383546
45.769000 108.237066
-79.704000 214.386678
-260.352000 -164.579482
27.555000 246.837359
-47.163000 -236.869801
-248.402000 -87.859960
-227.775000 -34.330119
232.884000 -212.311279
171.845000 235.182562
39.627000 248.108403
111.747000 -88.982757
61.028000 -21.375917
167.223000 -84.796848
224.253000 5.728222
-96.641000 142.123291
-59.909000 -28.753640
-137.262000 86.512429
293.072000 77.170497
28.189000 10.673566
-165.714000 163.876648
96.263000 -86.161283
-277.712000 136.424786
-2.198000 -12.577918
-279.204000 -19.739623
115.764000 -71.160327
198.871000 -181.256030
64.901000 26.022266
281.114000 225.371562
197.436000 -196.156142
65.896000 -266.509847
201.591000 149.907449
126.891000 260.206745
-247.403000 -46.347734
-83.914000 -67.481213
-193.976000 311.932309
-125.839000 250.180829
234.690000 -1.502650
-265.077000 -133.711129
165.476000 90.480393
25.448000 33.479914
9.835000 -49.248565
279.651000 51.212956
292.080000 93.237700
-270.343000 -246.369556
49.240000 58.680202
-42.136000 -227.997054
-231.102000 -85.414310
66.698000 -204.586565
-226.083000 -126.444822
167.316000 88.636922
-187.290000 229.683666
-72.943000 -167.861590
-264.028000 -42.988626
-99.288000 -78.107661
206.859000 -120.848697
67.423000 -171.812734
107.708000 34.744230
219.235000 -229.574806
-269.468000 63.434158
-36.819000 1.548122
-176.395000 68.599086
-238.713000 -207.402949
298.408000 -5.362770
258.982000 -135.999589
8.224000 62.897591
285.337000 93.340772
228.278000 57.339952
-73.416000 301.958133
50.259000 29.519314
167.303000 -15.104492
123.776000 212.572688
-224.540000 -90.129131
29.646000 262.582262
42.635000 -269.314345
110.288000 161.544048
110.419000 53.198441
-114.497000 64.768834
-266.990000 279.343227
-99.557000 -68.381380
145.833000 198.390013
-246.394000 228.542406
71.351000 321.220799
87.034000 301.551401
8.190000 154.630001
142.266000 -46.323397
-119.846000 301.967204
237.389000 98.511806
-221.823000 123.425407
-207.895000 162.886009
-162.295000 91.332610
8.357000 -181.421789
8.933000 157.763812
123.612000 188.590618
232.171000 -214.320576
199.527000 159.363244
74.152000 -198.280950
-240.518000 -193.349145
-91.686000 202.797660
206.595000 211.878466
294.480000 -133.278729
-265.296000 228.615077
-176.335000 57.467882
7.918000 -190.824112
-61.776000 -246.774106
-72.798000 -230.022101
-239.136000 44.233904
-45.098000 219.510910
201.726000 175.893916
-211.026000 50.810921
-60.515000 284.611927
246.205000 185.068933
147.032000 152.365938
-124.016000 -227.000860
-152.983000 308.534341
-90.716000 82.480543
-205.976000 -90.162255
-188.174000 -44.047054
-288.640000 252.676148
-164.056000 160.657350
11.598000 -58.741433
-93.493000 117.614769
-31.508000 -148.603030
236.464000 81.071364
-254.342000 -154.517242
-142.668000 -104.220848
-217.864000 -254.745454
-244.120000 275.291940
-7.172000 303.407335
278.825000 99.319729
85.731000 328.153122
-283.918000 263.661516
-233.453000 -146.108090
82.288000 -78.628507
236.164000 -45.188925
235.863000 106.897658
-289.846000 -97.283760
-138.147000 173.705823
247.936000 22.894404
156.581000 73.756987
-52.922000 215.393569
72.074000 108.242152
155.992000 138.252734
-132.486000 203.505502
33.258000 305.364269
-214.608000 -112.493948
119.398000 318.215818
-12.749000 -132.797414
-277.211000 176.807353
29.489000 117.083120
-87.981000 169.566887
-216.507000 252.932655
-82.511000 -75.511578
71.919000 153.836370
117.103000 30.811318
-1.273000 -51.583735
-12.449000 163.069213
37.658000 186.257161
86.372000 227.552109
258.145000 178.997057
-159.241000 -143.213995
-268.836000 283.190953
-128.801000 214.532901
88.547000 225.274026
-53.056000 -121.860851
95.623000 -108.446727
104.023000 -68.888602
88.662000 27.432522
106.357000 248.031646
-224.605000 110.613771
241.503000 268.907912
163.849000 168.898036
10.818000 156.752160
230.628000 27.557456
9.448000 -158.529248
109.654000 66.537049
119.328000 -104.165655
-180.701000 243.583642
-215.223000 -245.198062
-192.157000 86.421235
-160.752000 -48.523469
-170.188000 43.146828
-112.930000 179.530124
-187.833000 173.334588
270.518000 106.900052
103.711000 148.151517
-237.985000 -175.744019
-132.833000 -245.215554
-9.287000 108.844910
287.960000 262.101375
139.922000 238.017840
-187.847000 163.736304
23.231000 57.464769
-16.329000 200.099396
160.602000 155.723025
170.596000 -38.090329
137.792000 -106.634701
-100.705000 127.938928
-27.893000 -248.725443
-70.792000 -200.513815
226.985000 297.723814
101.780000 -217.446557
-193.229000 -72.286929
-96.259000 -161.722142
174.083000 290.371646
-26.566000 101.893434
-152.625000 31.458222
72.296000 141.376010
156.386000 166.314798
-235.276000 250.766586
38.922000 -148.064626
53.322000 -66.912838
-184.858000 -39.470050
-208.498000 61.029891
89.676000 4.311833
-63.075000 -58.473226
-46.872000 -145.886284
-221.730000 139.335658
-297.418000 45.399600
101.435000 -259.511458
178.732000 178.369501
201.067000 137.433442
77.405000 128.338384
-127.867000 270.611474
-39.171000 -141.201437
168.591000 -72.791347
35.825000 -202.561257
-299.774000 268.726833
242.291000 298.598922
-224.559000 196.392012
19.232000 280.284102
123.662000 -45.134808
70.080000 86.969282
-176.970000 80.778513
37.029000 256.972745
209.683000 43.331976
-290.243000 275.162207
-286.359000 297.514438
100.645000 247.699669
-187.525000 -130.770099
216.849000 -44.339868
52.409000 219.870364
-86.075000 171.979595
114.094000 122.296961
-84.404000 -97.716673
30.778000 112.194710
-237.276000 154.741076
164.258000 71.562442
33.877000 -148.665193
-56.530000 -245.761827
130.905000 -230.389461
-91.564000 -65.754095
-192.742000 45.402270
171.824000 125.515764
165.288000 68.196257
240.875000 -43.470250
-10.819000 14.155243
-148.005000 -211.880263
7.050000 -258.913770
100.526000 -248.263277
17.808000 -205.666784
129.135000 168.948708
250.931000 300.458202
-254.173000 -207.258184
132.399000 306.063429
174.501000 28.552043
268.070000 -109.735343
290.946000 109.164271
-275.856000 207.096885
-181.541000 88.452499
69.128000 253.453131
101.318000 -38.616255
21.333000 -52.763642
-210.617000 9.632087
-38.553000 -135.001185
183.333000 -227.960458
-182.013000 55.087270
79.829000 99.819998
-21.101000 29.269727
-98.378000 -75.833545
12.323000 314.010183
-258.730000 209.198911
-195.715000 265.323639
61.371000 -157.839525
-199.868000 -143.607688
-142.533000 9.588148
250.755000 246.723984
275.800000 -255.668180
243.332000 198.568656
-9.193000 -244.819508
150.397000 183.664327
-123.439000 -87.953837
-187.111000 1.146999
-225.014000 -246.465063
50.633000 184.975875
166.009000 -40.176169
4.967000 184.854768
274.011000 152.410706
-4.235000 98.378644
155.284000 -239.270418
97.076000 186.620520
-275.272000 -77.010543
280.933000 -230.841605
62.097000 -238.211571
-40.933000 187.554463
-246.940000 289.044497
-154.828000 211.557529
247.935000 212.890563
-90.701000 180.520597
273.433000 186.207631
171.451000 289.774665
-129.194000 -93.167301
167.810000 154.739732
273.788000 286.492857
-193.583000 -115.835018
117.761000 -3.692893
158.185000 296.958232
-195.113000 -66.982643
16.846000 -189.068518
-123.750000 46.850607
-231.559000 -66.844249
42.716000 308.196876
-34.274000 219.488001
201.562000 237.182213
17.667000 -0.555576
99.434000 -99.653364
-26.484000 -61.329151
199.993000 96.875061
186.793000 -184.703727
-11.353000 210.657485
-154.596000 40.738698
66.625000 192.189910
-195.062000 147.209122
-181.506000 -70.623581
-25.853000 135.652716
-268.266000 -188.559988
-123.944000 280.766309
-181.772000 -110.035394
109.729000 310.130902
-228.886000 211.029199
-2.823000 175.355496
44.288000 75.502792
7.334000 -122.582911
153.604000 52.422468
151.175000 269.441847
286.426000 264.507244
115.269000 -197.050377
217.858000 236.940002
-131.578000 -109.067619
-115.723000 117.956760
-39.775000 160.653140
-14.429000 333.163519
135.809000 -92.105102
187.833000 -83.978642
277.066000 -252.712183
263.025000 -61.244723
222.746000 35.552737
7.308000 -28.126803
-41.685000 300.234657
55.214000 298.609117
-115.761000 -191.716424
57.165000 285.445036
198.505000 -153.163504
294.767000 3.498035
45.809000 -217.556426
-44.276000 245.526113
220.810000 -225.823348
261.357000 -221.144809
-104.347000 278.703730
73.951000 293.249268
224.294000 -203.344174
286.568000 78.122365
-261.583000 148.232904
128.558000 240.727521
-131.345000 -46.568862
255.720000 -190.642244
110.304000 281.902373
264.733000 -64.470010
-128.490000 -70.380393
31.885000 138.824224
-125.435000 -56.471158
23.770000 195.290459
210.450000 -186.635924
77.652000 328.263771
260.432000 -203.260534
203.372000 223.526161
152.787000 -43.808143
-175.220000 53.049552
-167.462000 -0.911753
-26.547000 317.190942
-195.904000 58.091637
16.185000 -140.836668
160.813000 145.757028
14.928000 127.289801
-121.637000 164.177574
-57.916000 3.576366
30.712000 150.176140
-132.405000 -99.795087
279.027000 -35.357314
-293.399000 291.249459
33.394000 271.556232
134.822000 62.017006
-63.798000 -60.772221
-145.880000 -61.979371
4.333000 215.776481
-46.588000 -11.523667
-173.171000 105.200184
-122.804000 -60.092964
-284.611000 111.811888
-224.848000 202.246739
-221.666000 115.936591
-194.184000 -162.799558
-249.553000 73.870294
-130.669000 -129.014776
-152.001000 251.153155
-178.065000 219.605085
19.581000 -70.474985
-15.422000 -209.530054
-202.352000 -165.052124
-123.407000 -33.895194
39.672000 303.303756
-275.185000 -200.215314
-148.742000 -184.486383
-110.337000 146.677626
-20.887000 -116.122365
-48.520000 -231.261355
-97.027000 113.242654
159.756000 -96.961336
153.894000 171.565673
-248.833000 -74.728318
6.540000 -126.276308
289.299000 -62.094299
187.566000 153.479710
162.280000 224.990799
-76.788000 -138.228112
-257.321000 139.129976
218.256000 260.995065
97.164000 189.701154
66.343000 142.830242
-81.644000 -140.748669
-161.966000 -188.652580
111.505000 108.180508
127.641000 86.056597
-113.682000 -177.429235
-136.047000 77.008934
-219.693000 216.675121
58.872000 -20.143710
-25.391000 335.028458
-181.581000 56.643627
-51.309000 -97.832205
-276.722000 116.575963
-116.332000 247.514132
-225.183000 -79.092700
-229.045000 -231.976452
194.036000 20.160796
199.679000 31.757044
138.387000 -43.185707
-148.988000 -227.712459
181.538000 -141.555211
12.494000 293.457037
17.522000 -207.595715
294.558000 246.195533
121.728000 333.356781
227.450000 265.076109
271.482000 178.812436
-128.650000 -214.674236
87.277000 253.893091
-204.456000 -189.338581
247.130000 -131.292253
171.565000 -21.385926
20.359000 -235.952579
202.725000 14.848749
0.173000 -135.848924
91.555000 -43.626517
-77.467000 332.641890
51.826000 -103.028704
-89.742000 -137.527297
255.010000 -76.478890
-166.980000 -171.334484
-41.110000 108.744923
249.123000 39.277330
-71.305000 307.481736
130.481000 54.080143
133.531000 -116.666371
43.763000 -76.352886
127.553000 154.138600
183.645000 268.958085
-189.667000 43.811571
288.234000 79.340057
-210.752000 -225.157458
-111.193000 136.781028
243.086000 -208.599486
-63.419000 210.687999
185.700000 -80.701437
134.228000 -254.019873
241.807000 173.000711
210.828000 335.314276
-140.388000 294.381840
-207.222000 136.494404
-241.160000 -205.447032
106.527000 -35.774468
129.512000 -86.643904
9.743000 96.742660
-155.445000 -111.338697
-69.832000 188.681945
141.019000 -168.218413
269.135000 12.978229
239.111000 50.282871
-17.587000 237.451514
-208.762000 -216.529844
-173.035000 321.511798
-208.231000 -8.728560
139.630000 116.147082
292.658000 -238.495198
-172.857000 -250.480479
-1.677000 -15.988760
-24.328000 -95.422041
-53.081000 -38.423322
-263.423000 130.791397
105.864000 -36.285884
110.226000 -171.896145
-110.177000 72.895574
172.065000 322.261293
-264.547000 -79.697913
-129.335000 295.641881
-244.615000 -8.212325
-48.756000 4.113469
-7.606000 188.604263
149.678000 36.333057
-39.726000 -231.228149
-197.821000 225.522646
-179.139000 105.776440
10.037000 -153.041766
-82.646000 -121.934900
-88.428000 -104.876033
254.822000 -65.408165
143.529000 147.239701
-280.013000 229.807568
143.981000 -239.498565
245.695000 -172.989699
-165.994000 -91.156832
31.154000 -232.349965
82.906000 -10.650098
236.611000 -211.718162
156.269000 -255.245225
-194.096000 -175.472268
-185.017000 58.457669
279.490000 -43.693395
130.993000 -243.104458
228.522000 253.489479
175.194000 252.860415
180.378000 304.090352
16.003000 197.485289
-240.903000 -220.875708
229.463000 -214.012704
132.309000 -71.059701
-68.410000 -110.754698
-66.686000 99.309306
290.576000 -138.642691
-80.547000 255.215312
-248.534000 162.518316
17.192000 115.450319
86.342000 -248.912678
-140.148000 -29.385611
-84.421000 -1.112545
6.574000 -85.363478
-271.933000 119.327588
-165.667000 145.519655
197.175000 -102.469279
109.469000 -70.688211
61.920000 181.019875
259.932000 -232.631058
-122.445000 228.718008
-226.847000 202.340134
123.293000 58.039260
-290.530000 324.467386
-60.854000 263.674512
199.628000 307.257638
212.626000 264.462764
-99.118000 -168.500110
186.815000 184.086016
9.938000 -19.501859
102.021000 -114.649733
57.940000 311.433449
137.140000 37.948630
76.769000 -254.566189
-186.290000 -71.979008
246.059000 -9.556827
215.265000 218.086355
-156.004000 225.285536
209.300000 173.083717
-75.221000 332.053898
122.325000 -154.316921
-165.959000 -102.488688
-31.601000 -96.859457
59.774000 207.644795
66.747000 247.281027
66.152000 153.682258
217.159000 130.436489
-181.120000 322.749721
150.576000 277.982952
-9.421000 -226.259816
-63.964000 180.187415
253.376000 -196.045309
276.201000 19.078967
262.669000 293.617243
-240.562000 261.056518
-144.978000 -210.718206
201.860000 282.039070
59.706000 179.897346
215.017000 218.176622
237.486000 71.450897
107.876000 289.556173
-276.608000 -221.092513
298.367000 54.213803
269.660000 181.318117
39.585000 -258.014569
98.330000 254.893745
-250.597000 241.354060
-89.415000 125.390374
163.703000 156.341709
-146.289000 -212.985977
251.984000 85.710337
-270.444000 60.555683
-88.288000 -231.107970
-38.781000 323.966376
170.230000 -211.251278
15.002000 93.670069
123.423000 126.518415
180.383000 76.860761
49.009000 43.544108
-248.938000 233.049454
-166.135000 107.357802
256.156000 -169.633827
161.598000 -91.285455
216.064000 -230.235084
-4.943000 242.272288
-200.440000 291.068659
-145.153000 -104.587969
189.247000 -236.967598
139.967000 164.790774
-160.362000 -146.550854
295.253000 113.068517
56.162000 135.402906
-298.099000 -244.520705
68.915000 178.696705
200.008000 167.135095
-6.769000 207.056484
35.514000 327.859874
114.599000 183.170263
-161.519000 278.207652
-239.959000 144.055041
-164.888000 -214.874569
169.766000 -9.662171
-209.389000 -16.876772
50.287000 104.216627
96.514000 -71.315974
5.286000 215.023425
-276.330000 -123.959177
213.768000 22.923222
-99.303000 -250.646379
-171.281000 -145.727980
132.778000 -114.373581
-11.555000 27.960820
13.490000 -212.256780
-205.432000 -49.422380
-45.814000 331.660020
280.885000 140.832420
-85.385000 305.739820
167.335000 261.366221
41.606000 -40.766358
-151.659000 -49.127958
-24.238000 218.288442
126.866000 218.564835
-194.760000 -183.654772
26.676000 251.270621
134.102000 162.731014
-252.952000 33.238408
-207.062000 285.872801
122.075000 -50.027806
-120.479000 -91.022413
-44.939000 53.854980
-225.173000 2.794373
167.130000 251.777751
-129.378000 -249.209871
-185.619000 287.164507
164.094000 -30.178115
-295.766000 165.411262
-89.274000 216.675640
-50.274000 -202.056982
180.184000 190.512397
250.055000 -17.777225
96.349000 87.401153
-171.437000 -228.132493
255.630000 -89.902138
232.848000 -86.077762
94.826000 -12.296408
245.283000 -19.319053
-278.699000 20.869302
103.706000 124.669657
196.818000 4.067011
-27.443000 276.467366
274.392000 -252.991278
65.932000 68.344045
280.945000 90.155369
-70.740000 -159.274307
86.595000 77.051016
86.610000 288.983340
-210.045000 91.288664
-261.526000 89.051987
-217.524000 -102.935689
-295.384000 128.496635
-32.352000 309.511958
-275.063000 18.762244
-293.411000 -236.726470
-30.049000 117.847816
-66.707000 134.046101
-267.438000 205.774387
-160.464000 -53.726328
81.959000 -37.462042
10.365000 296.574264
-82.208000 127.056550
140.595000 -216.498165
-52.402000 104.810077
20.014000 100.263318
-272.590000 -60.823440
-246.949000 -151.153199
-38.576000 303.758043
-282.156000 -205.408716
-176.337000 -102.558475
232.365000 150.195767
223.548000 34.553008
-181.053000 227.316249
-221.959000 296.727441
-294.546000 202.960632
-80.445000 -100.988175
47.898000 95.145016
-141.534000 -205.523793
-298.210000 320.540399
43.010000 -101.530410
90.690000 164.154782
127.933000 122.766973
-56.484000 -149.371835
61.828000 340.665301
298.434000 -234.323563
-110.745000 119.514595
-169.015000 35.174731
-287.775000 -0.099133
-231.124000 -107.881997
-72.001000 53.187139
131.877000 50.494276
284.310000 -32.974588
-57.174000 -103.604452
142.405000 160.721624
161.654000 91.822701
-185.018000 -52.958222
56.775000 227.498854
-201.145000 230.841930
-179.566000 292.403007
288.147000 -208.423917
-50.479000 175.402159
86.803000 149.138235
-166.703000 194.875312
198.617000 270.783324
-261.073000 -164.123665
168.706000 -125.259652
-127.546000 -100.806640
-0.854000 -9.852628
-220.241000 132.561384
-140.896000 112.303396
-52.240000 -182.938572
-188.479000 -57.355560
17.514000 168.434452
-112.133000 310.249396
-297.054000 109.331342
-216.468000 338.248286
43.689000 -24.184770
234.660000 -160.790826
-269.708000 285.410118
-207.911000 321.072062
-294.077000 -172.404994
133.035000 174.018951
-148.020000 92.031895
186.075000 -80.823231
109.454000 194.924643
-147.218000 153.004517
5.611000 -50.298609
-244.288000 2.544265
-93.255000 291.741138
-195.120000 -201.729988
181.289000 71.436886
-170.261000 -228.978240
243.852000 40.172635
89.291000 27.281436
-91.430000 209.453237
-72.244000 42.582058
268.511000 125.229859
-4.596000 -203.003341
260.625000 -256.414540
-270.774000 -190.613739
253.761000 133.798063
-285.017000 -199.996136
-30.001000 214.775665
-124.659000 299.854391
-270.692000 -155.112883
-98.075000 120.237842
-282.341000 317.115568
-203.193000 -19.096706
259.446000 250.785021
202.928000 186.066746
-171.935000 -223.028528
81.240000 -242.504802
-267.772000 197.883924
-130.322000 33.124573
227.913000 149.741222
-179.738000 191.554871
137.804000 85.214521
-155.759000 90.154170
231.316000 171.769819
199.897000 -182.675532
53.394000 306.589137
56.655000 150.298786
-163.907000 157.395435
-4.085000 -31.257993
-252.022000 -124.135421
-271.903000 -38.749849
203.318000 89.606723
-175.232000 238.076294
-20.025000 253.896866
-40.247000 94.245438
-160.966000 147.688010
7.844000 -23.561419
238.974000 -111.732846
-6.153000 295.710649
-61.987000 331.740143
-27.861000 134.726638
-64.797000 225.624132
-233.460000 173.009627
-96.539000 -0.017879
-228.256000 -62.306384
69.502000 128.600112
144.503000 133.343606
-283.597000 -35.755899
-293.773000 41.554518
-293.536000 28.299936
63.483000 17.962373
138.277000 -153.459209
201.385000 129.001209
-27.272000 183.756627
294.776000 22.488044
-214.635000 69.704462
274.668000 253.061879
-38.589000 40.400297
-108.438000 -208.513363
-254.380000 110.030979
289.412000 113.718319
-231.695000 82.153660
-180.367000 -27.264999
14.997000 -232.928659
-125.739000 -127.776318
-228.213000 149.261023
-135.792000 246.364364
-216.700000 163.582705
-14.529000 -14.678031
52.826000 26.586233
177.256000 10.951497
201.938000 202.247761
70.263000 -169.076974
-70.850000 240.325291
164.420000 322.204555
-37.760000 -32.072161
-90.540000 227.521103
-241.156000 193.626367
-195.721000 271.131556
-274.639000 -94.208255
-93.533000 -249.921065
-175.682000 -233.540876
291.793000 123.729313
-229.027000 55.332503
-2.446000 226.385692
-55.311000 206.380881
81.529000 -216.466930
174.499000 342.747260
-9.644000 45.343376
169.698000 63.674492
-149.804000 132.092608
205.685000 -132.519276
-138.676000 -163.493160
-255.337000 227.876956
299.602000 178.877073
-0.468000 288.802190
87.014000 99.464306
-248.772000 284.727422
98.961000 104.837467
-217.057000 131.680513
-90.305000 42.816579
-139.558000 162.283625
253.814000 119.722671
54.147000 -189.161284
-202.079000 275.782762
-265.977000 1.676808
-135.814000 72.574853
149.477000 -12.613100
115.793000 -32.659121
-298.327000 -186.943143
91.303000 -21.409165
-299.549000 278.952814
254.312000 154.152792
-264.287000 73.202771
-157.381000 203.823750
-36.064000 -102.398272
116.097000 -226.295293
-9.239000 227.952685
90.531000 99.486599
-48.938000 -27.224486
-283.477000 216.114429
-216.815000 -214.320657
156.352000 -231.712743
288.556000 162.202171
201.040000 -172.774915
194.351000 -47.315980
-202.700000 298.192934
145.731000 -9.399152
-162.007000 273.163702
178.515000 -37.027445
226.718000 -28.367592
-251.629000 -73.012738
83.547000 -22.970884
-130.517000 -119.794030
175.130000 -7.406177
-61.476000 83.060676
54.457000 164.882530
297.250000 134.356383
0.147000 -118.017820
189.510000 270.067976
256.054000 178.516772
115.368000 139.626568
250.999000 -158.328636
-38.717000 132.392160
-180.517000 181.811957
295.234000 298.367753
75.705000 151.824549
103.653000 -29.697655
143.552000 -47.876913
178.152000 265.740830
87.077000 -56.224408
106.651000 233.927334
-12.370000 -187.431924
123.467000 -44.588182
-130.263000 338.682561
-114.435000 85.899304
-107.874000 -121.883954
-142.512000 151.394788
292.440000 -209.445520
118.333000 -3.766828
-34.854000 343.200865
-218.655000 236.520558
-238.117000 336.122250
252.335000 -20.334058
185.961000 -140.760366
270.383000 266.384326
-222.311000 234.898019
42.184000 131.272712
68.084000 -212.958642
-103.160000 243.175004
149.326000 -125.622350
-76.145000 -129.986704
148.863000 -4.726057
65.252000 10.391589
264.134000 -93.374765
-52.068000 71.827900
262.369000 156.399546
243.888000 25.826193
129.433000 -131.632203
174.241000 43.762401
261.846000 127.447005
-276.676000 -12.234391
-249.231000 164.321213
-68.518000 239.041818
-238.077000 187.354422
7.030000 -192.124974
-196.715000 -1.436370
11.724000 -71.588766
238.243000 266.081799
-218.354000 -89.435635
186.018000 85.409930
144.743000 324.768495
186.003000 -133.443940
-199.974000 268.541626
-147.805000 18.908192
150.369000 -12.093243
27.029000 -101.070678
3.684000 -50.525113
-76.262000 189.772417
98.906000 -196.564053
93.908000 152.966495
-64.881000 250.770024
-147.885000 152.965553
87.597000 126.948083
91.170000 -199.544387
271.874000 -16.560858
-182.180000 202.670671
195.705000 -22.934799
-137.397000 -48.286304
-10.510000 224.319191
272.410000 336.853688
210.105000 193.328183
253.748000 -180.122321
-199.155000 321.849174
227.606000 -7.101331
178.648000 300.122166
-162.009000 101.869661
112.024000 -242.953844
31.937000 283.620619
-178.304000 -26.640918
81.239000 -84.593454
142.637000 -111.438991
116.119000 -18.641528
57.381000 212.102935
-133.726000 203.479398
29.938000 212.096881
83.493000 -59.348656
-226.220000 258.123807
68.061000 29.816239
19.263000 297.526671
168.074000 286.520104
178.965000 11.032536
-162.806000 327.530968
36.069000 -60.134600
132.044000 -146.989168
-267.956000 295.798265
-216.309000 112.262697
-40.629000 23.631129
-193.013000 329.822531
240.871000 140.083933
121.430000 92.933336
-208.446000 317.736738
-26.433000 -144.648860
276.196000 163.664543
24.433000 -205.155055
210.248000 300.319348
-68.507000 188.326750
-119.900000 191.383152
-112.711000 214.343525
-284.563000 -94.883102
-118.220000 34.448291
-270.202000 34.623664
-18.074000 64.561037
287.694000 168.118410
269.870000 -46.272216
-2.022000 -123.258843
132.752000 -200.530470
-177.724000 49.943903
59.509000 -229.348752
-83.599000 13.367594
-232.275000 200.317939
-31.575000 -131.041717
-84.406000 -25.951372
-88.661000 111.873973
269.434000 -207.544681
-275.076000 232.430663
180.434000 73.575008
294.147000 104.045353
-107.667000 142.853671
-219.890000 182.604987
-48.879000 118.360304
-209.638000 265.771621
-162.874000 -164.962062
-210.015000 276.820255
-274.140000 -191.400428
206.872000 289.026907
-53.784000 36.892224
-211.561000 -166.961459
-182.191000 -15.975170
271.310000 86.837118
144.439000 192.325407
-177.573000 -166.292305
176.632000 95.299984
-263.288000 193.962272
-172.245000 240.926560
-97.343000 -194.564151
22.988000 -170.385863
-163.299000 214.042426
-284.785000 82.935685
288.403000 -219.351056
294.513000 -87.794798
18.440000 -131.864538
-166.180000 -173.608279
-114.695000 213.195980
53.233000 285.162239
82.133000 -150.431503
133.655000 52.228757
-55.353000 182.607016
235.061000 214.152244
240.084000 210.685473
-129.601000 -20.854279
191.545000 -160.022050
-177.288000 237.399178
284.357000 312.800407
-240.887000 -178.028365
278.300000 101.154865
159.848000 32.417093
-63.045000 287.952322
-122.331000 253.152519
68.627000 70.141718
157.117000 -149.092085
12.563000 338.420113
220.752000 -55.784689
-40.982000 99.516509
224.095000 84.051707
104.474000 140.591904
125.131000 15.451102
-58.562000 -169.128700
-193.139000 335.525467
97.163000 83.585633
-274.501000 32.007799
-140.605000 160.366965
215.323000 298.976133
-278.234000 307.988299
-275.291000 -123.030535
293.465000 10.056650
-70.411000 129.446817
-244.335000 126.400983
67.251000 -231.520883
122.208000 317.999251
291.312000 335.154386
155.005000 -2.394479
-273.746000 233.177655
192.185000 250.163789
8.903000 135.465923
183.251000 302.223058
160.619000 -121.517808
37.490000 -67.927674
66.655000 304.059427
-186.896000 99.380529
156.900000 -8.911371
229.312000 241.557730
100.666000 345.004831
-97.015000 233.472932
8.331000 59.277033
-33.190000 123.620134
78.343000 -155.237766
-110.478000 221.281336
-259.783000 -199.382598
-41.524000 41.252467
-86.722000 64.163551
-199.536000 226.045617
-270.263000 250.289683
67.499000 278.706748
-180.366000 54.129814
271.142000 -99.624120
48.463000 -12.525054
-266.938000 -195.527989
89.902000 117.532040
125.922000 156.413070
3.006000 -47.410902
108.332000 82.679127
-231.283000 272.296156
-177.508000 34.829185
148.853000 249.443214
55.058000 -186.417757
-124.009000 176.685271
294.578000 -75.164699
-77.152000 -108.864709
-182.393000 -214.846719
240.201000 274.089271
166.126000 114.650262
149.012000 182.236252
96.202000 -124.608758
297.681000 338.430232
-121.748000 120.843242
-96.866000 -127.864768
-187.702000 272.917222
-162.571000 270.819171
-112.405000 -94.358879
139.335000 -139.831930
238.752000 250.301020
181.341000 -168.205031
237.643000 91.486919
-218.516000 -67.043132
-133.487000 239.321817
155.335000 169.955767
-297.628000 -17.472283
-174.449000 -36.298377
130.333000 -150.389471
157.762000 -119.163565
-44.535000 -78.194659
-189.474000 -114.109753
51.663000 104.360153
242.264000 -183.610941
137.910000 103.698966
133.698000 -213.848128
-155.823000 252.379778
29.106000 247.301638
247.765000 321.386499
-31.812000 -103.664623
215.918000 260.251237
249.596000 99.746098
89.405000 277.045958
22.261000 -104.427182
224.789000 298.610678
-37.805000 253.443539
-118.730000 260.961399
44.542000 252.352210
-253.605000 299.496020
-149.796000 -154.528168
254.379000 -118.874357
-186.298000 169.528454
-126.492000 97.898265
-298.382000 231.854077
-132.231000 -83.302112
97.895000 -204.432301
116.226000 332.709510
109.329000 -66.759731
-31.908000 -77.286972
-271.699000 166.475786
-288.913000 220.460546
266.799000 -31.667695
-214.764000 332.283063
82.503000 107.826822
-292.062000 162.804600
86.488000 -29.653642
170.820000 -191.300883
-62.220000 -175.840179
265.393000 282.171525
126.985000 97.036229
179.381000 6.145932
88.243000 96.546637
-113.287000 88.745340
297.051000 87.319044
113.421000 109.233747
21.728000 247.809452
-290.736000 35.925155
194.098000 329.915801
-174.272000 -97.244553
-223.758000 -216.643907
167.740000 7.428738
-50.838000 195.743383
155.282000 -142.241970
-58.381000 278.610675
-53.361000 100.111321
216.481000 -89.213034
165.654000 -129.166387
77.344000 191.856197
-112.196000 185.496781
102.068000 72.584385
50.656000 -93.195031
293.659000 -160.685447
-142.946000 -184.576863
230.570000 -248.062277
53.773000 306.523307
54.678000 1.929891
179.107000 201.630477
54.040000 -65.994003
-123.585000 53.714517
-25.438000 331.917038
-274.410000 297.712559
163.044000 267.780079
154.002000 26.141599
-190.222000 -136.198879
-164.688000 -19.308359
130.982000 78.925161
-104.210000 328.359681
-121.706000 335.417136
-144.905000 302.382590
-104.474000 231.876044
-45.071000 -28.099502
-197.871000 148.435952
-264.942000 -188.436594
-276.875000 230.618860
-250.163000 41.670332
-205.297000 43.244786
-123.447000 181.991240
115.912000 -37.790373
210.693000 -225.756988
-35.749000 -203.618602
100.138000 70.615784
258.598000 262.715170
-189.181000 56.846556
-150.756000 213.277942
-262.982000 275.187328
-286.134000 -242.402286
169.417000 -156.866900
-0.980000 263.632416
28.524000 -150.710266
-111.294000 157.025050
-114.356000 -60.480633
-186.369000 99.138684
-173.236000 -68.736999
105.944000 266.563317
185.586000 -94.861365
-15.021000 271.931951
-134.604000 25.630268
27.766000 -17.160485
204.003000 166.147762
105.318000 -215.915973
294.961000 -242.520727
23.392000 190.375521
-288.382000 -134.947232
-204.829000 -180.644986
-137.570000 322.082262
196.280000 -68.564491
-199.037000 104.404755
117.110000 151.849931
-170.560000 198.678108
-293.331000 -166.546716
-7.428000 -166.782540
94.972000 253.306637
109.256000 23.257812
-82.428000 224.623988
-57.204000 49.998165
244.402000 203.933341
-32.987000 203.474517
-118.850000 255.461621
-164.887000 65.575726
165.100000 -198.332170
-88.887000 207.375934
-295.961000 206.614039
17.680000 -80.001857
-92.591000 -220.878754
-270.314000 331.052369
242.996000 153.957473
-90.160000 -184.310423
101.125000 -105.716391
-275.148000 -223.337359
-103.430000 338.300672
69.906000 -81.619296
-296.072000 348.776736
-219.601000 -129.552232
-270.490000 162.398799
-172.485000 69.160832
-193.655000 183.117863
-223.518000 140.963895
35.654000 92.455854
141.641000 209.797813
-295.476000 254.358771
129.915000 -175.232270
-222.315000 -173.332311
-160.536000 257.080647
-71.035000 -145.336393
-156.524000 289.440565
211.355000 -175.619476
-207.709000 -172.655518
284.333000 -20.887632
-184.859000 10.890253
-128.650000 -67.936844
54.242000 -229.577958
168.538000 280.306927
156.998000 349.023811
100.990000 -100.569303
-299.182000 175.477582
199.625000 159.399467
-268.097000 105.382353
-181.070000 -234.766836
57.636000 251.379975
23.644000 256.889788
143.977000 325.394599
30.786000 136.487410
177.793000 311.365222
8.840000 222.655033
75.139000 -35.924156
246.290000 279.347656
-55.815000 192.525467
214.648000 6.428204
188.343000 -236.427059
112.878000 250.188678
-135.627000 -125.669585
42.207000 -240.707848
59.451000 -40.991110
28.925000 -205.947373
-37.815000 224.920381
-215.107000 332.015119
-67.743000 -229.443145
-236.305000 311.805519
93.126000 351.170183
-237.158000 -151.182154
-176.714000 206.231510
19.513000 299.269174
-76.650000 -196.539163
-5.901000 -68.486499
293.118000 182.413165
106.008000 28.391828
278.777000 165.660492
-215.066000 342.377084
68.040000 165.920675
-106.374000 208.752267
-210.790000 274.473859
113.332000 82.372451
164.170000 -10.850958
-108.809000 -7.340365
232.321000 194.844226
193.353000 -62.064183
120.280000 352.244410
157.798000 -64.385068
-210.966000 -105.221546
79.627000 -9.925006
-193.628000 99.628516
-182.916000 1.570038
-198.019000 -73.717439
9.885000 167.932084
76.207000 325.045606
191.615000 268.885129
7.475000 -158.950349
149.798000 -206.023893
-165.197000 -134.910436
-224.342000 176.198020
51.916000 -234.112524
-73.589000 144.360933
211.503000 8.786389
-262.553000 167.086846
-41.253000 -223.669697
-177.057000 157.888759
-109.995000 63.889215
282.037000 132.350609
-238.813000 30.060003
-59.207000 196.387396
-93.996000 -114.265209
294.131000 104.503184
-7.049000 153.711578
202.168000 192.635972
117.242000 33.989382
176.368000 -178.686223
-85.016000 18.582170
81.263000 308.934504
128.730000 58.072839
281.350000 143.921174
280.446000 346.300508
138.326000 -3.859157
269.311000 316.053177
48.663000 140.715511
-123.306000 -125.154153
275.312000 -54.606819
-296.491000 4.640515
262.105000 201.089794
-128.563000 -69.203927
-53.785000 -167.042649
-35.294000 262.914630
-56.833000 -216.028091
108.096000 5.589187
-241.997000 233.455466
-274.058000 -13.663255
-95.539000 -26.607977
49.860000 119.303302
13.161000 187.491528
-64.540000 257.037755
-79.510000 109.816997
180.333000 254.433223
-282.319000 -103.427550
3.927000 196.441675
3.449000 -43.564099
-61.140000 91.796128
-204.539000 138.823354
-13.370000 -152.125421
-231.504000 -208.357243
137.914000 187.209934
-208.870000 329.947110
151.408000 -239.514712
-209.876000 255.957464
32.517000 87.490641
-7.723000 48.383819
-184.576000 259.987995
239.737000 102.333173
105.960000 199.717349
-297.125000 63.533480
284.942000 247.717612
-75.106000 -51.065257
286.014000 277.069875
-264.605000 242.791007
255.749000 101.560138
204.071000 85.728269
-41.329000 -241.889583
173.770000 -228.600452
118.758000 319.482680
198.172000 225.047770
-80.589000 111.216860
-5.750000 307.375951
-49.009000 314.121041
80.823000 270.072130
150.944000 -236.848779
-4.629000 12.162311
80.858000 140.194401
225.249000 -96.230508
-237.084000 312.480581
-259.929000 268.320636
42.082000 105.152689
-180.383000 155.437743
-120.941000 63.035797
4.451000 8.688851
-216.504000 42.588904
-22.744000 204.149959
-79.174000 -177.924988
230.829000 -104.977934
282.915000 116.488120
-262.557000 347.359143
194.840000 141.052167
126.034000 -120.312794
78.393000 2.703228
-266.379000 84.964252
-216.917000 -135.442726
253.526000 191.807297
-33.589000 -54.305679
176.708000 92.565343
-217.659000 -40.833633
151.927000 242.802364
220.746000 -153.609639
165.688000 88.316359
202.819000 70.368356
-269.432000 -150.402647
-162.922000 130.435351
-137.528000 141.077348
169.235000 261.327346
224.828000 342.489343
92.170000 90.192340
268.029000 -37.040683
-1.876000 -192.266707
298.958000 238.917270
182.321000 240.033247
149.323000 -6.209777
188.170000 259.074200
-210.181000 263.441176
209.249000 38.028169
-255.650000 -90.635854
-171.876000 241.261122
283.821000 297.488082
-164.740000 -115.857957
140.309000 -43.490997
33.496000 -106.389036
-7.092000 267.490924
196.622000 -106.830116
145.232000 22.899844
-6.250000 -176.894196
144.853000 10.344765
44.592000 347.468725
-198.035000 -166.778327
-34.837000 53.672622
-47.152000 103.485569
106.772000 44.790517
111.315000 294.465466
-254.357000 -22.295586
-277.384000 -20.743637
-16.911000 -180.218689
-290.550000 256.020258
-253.783000 -142.016793
-148.465000 246.316147
-57.294000 -169.505912
190.877000 265.688045
-175.517000 -10.342015
91.381000 133.044926
-79.274000 -228.945134
59.489000 242.666806
-243.499000 -144.873253
215.624000 34.847687
68.079000 -22.485372
-152.867000 101.779564
-29.459000 273.920501
-49.505000 34.926438
60.295000 162.937375
78.593000 -206.358687
62.713000 -117.620751
-38.958000 24.227186
-41.498000 -210.496877
282.675000 12.326060
-57.268000 152.418998
-153.728000 -65.774065
178.774000 220.498872
-165.959000 204.785810
18.270000 -78.986253
-137.283000 297.122686
73.772000 -124.531377
-210.668000 -95.825440
-22.918000 -49.260486
-223.958000 316.788452
224.941000 -53.555610
219.008000 85.798332
-261.848000 -167.683727
203.763000 23.556216
-24.724000 205.209158
185.973000 329.746101
32.327000 91.377043
152.512000 188.407984
47.078000 -219.225073
-285.452000 231.737869
-101.065000 297.427812
246.622000 257.795762
-261.534000 -163.445288
119.364000 288.861663
249.545000 -187.534387
201.020000 330.314565
217.467000 40.124515
-56.975000 -79.065535
-100.206000 176.382416
18.366000 296.283366
98.770000 344.079317
-129.647000 -144.841720
-53.879000 -113.683758
139.494000 208.849222
60.446000 -21.675816
-246.618000 -150.656852
-103.924000 57.616110
-52.034000 -64.204927
54.659000 190.681036
-83.326000 149.118999
-4.787000 -115.438038
-47.680000 122.982941
60.949000 -30.207080
254.085000 225.579900
-143.049000 292.576879
285.138000 -137.858142
97.707000 177.833837
-187.372000 -66.297183
16.940000 -15.441204
-45.418000 -129.381225
219.739000 295.979754
-129.446000 185.989753
104.594000 -227.439247
239.689000 -162.991248
153.168000 280.612751
-62.352000 248.202751
-66.988000 153.945750
35.326000 77.515750
161.307000 -156.968235
-296.632000 16.577765
192.291000 178.997764
95.089000 -72.930213
-206.447000 -197.268190
-168.859000 112.810833
275.968000 141.892857
-100.498000 -124.715120
243.424000 161.915903
30.789000 277.658927
-1.243000 251.246950
-216.376000 -221.381026
85.116000 29.145997
-134.741000 -170.225951
31.580000 58.598101
-70.637000 313.476152
-176.952000 228.290205
195.144000 5.538256
-251.241000 -183.992692
-60.815000 214.564360
63.080000 -197.651589
112.635000 136.779463
239.286000 40.774515
273.146000 197.386599
286.016000 -164.442317
226.864000 -228.830216
-283.773000 -96.153132
-176.596000 46.832951
-44.427000 249.926036
-73.977000 -206.971880
-155.754000 113.561204
-66.796000 274.774288
59.966000 -108.914627
67.255000 168.476492
-146.106000 293.506611
240.099000 10.967731
28.424000 228.019851
-174.003000 255.540971
-56.049000 179.398090
247.549000 73.462210
-164.812000 87.840330
262.541000 333.932449
101.440000 235.994569
259.346000 273.841727
-72.687000 242.491885
14.667000 93.555042
-289.659000 194.843201
73.441000 -34.124642
287.208000 4.875516
17.957000 311.066674
59.037000 -138.303152
175.689000 -34.785994
-279.347000 -58.189836
-8.131000 -65.444637
-178.543000 65.425561
191.243000 -105.665240
111.354000 -119.554043
42.553000 120.253155
-164.974000 -23.960646
-285.031000 -35.996448
-294.605000 333.096751
-137.035000 273.315949
-183.782000 352.295148
-38.890000 144.848387
224.222000 -228.299373
30.318000 49.956868
-7.353000 126.693108
-47.839000 -154.440651
179.654000 -59.583411
-45.266000 -129.873170
51.675000 -68.957930
15.481000 42.938310
-57.950000 336.721550
64.880000 -77.710166
221.817000 39.591118
91.609000 172.833418
-268.175000 159.064702
-13.446000 -146.911015
-262.108000 96.119269
183.479000 193.172553
24.576000 -44.426163
166.510000 -13.907880
-48.103000 -46.395596
121.110000 196.036732
-104.724000 117.471060
257.051000 276.357389
-48.495000 18.297717
-287.343000 -164.570955
145.530000 -6.719627
-242.346000 150.480702
43.474000 80.987030
141.605000 -8.161643
37.374000 -230.970314
191.045000 165.811059
-20.307000 292.796432
-141.550000 -144.854195
277.411000 121.529178
-94.108000 0.951551
205.881000 0.129924
115.207000 226.595297
-146.606000 -142.566314
81.717000 98.150060
233.588000 234.569432
-251.856000 -142.635149
-212.346000 97.706268
118.755000 -216.725313
-4.393000 -116.561896
-46.108000 34.067523
-152.879000 -89.650060
-285.902000 -70.809642
-21.447000 -167.998224
-156.873000 183.609193
-185.301000 211.680612
108.137000 -132.298926
103.411000 343.694537
-215.183000 23.334999
-244.194000 283.698462
-120.390000 -9.156077
85.236000 249.669386
-155.520000 -94.257152
268.272000 170.859311
-237.622000 -120.885227
204.095000 97.089236
204.323000 23.282742
42.983000 -215.605752
-100.360000 -118.957228
-46.566000 -188.272722
-132.312000 -70.233215
63.909000 -218.955709
233.584000 338.045798
274.651000 229.087304
-189.393000 -59.143190
58.755000 304.484316
267.186000 -157.630134
-198.766000 312.077414
77.060000 -119.555036
122.855000 150.090512
82.780000 322.497060
100.014000 -1.654390
-92.559000 -72.178842
-75.969000 -29.307293
-163.772000 358.139256
-20.628000 -120.575195
217.611000 318.795394
-285.085000 -83.419016
132.731000 -144.482427
-19.762000 135.233162
-14.480000 289.597751
294.898000 121.339341
130.217000 -99.236070
46.116000 -30.710463
143.472000 -214.230874
276.062000 115.819714
83.918000 -188.865658
13.385000 -203.849032
124.748000 -209.398405
-266.913000 -225.629778
164.871000 -118.670151
121.429000 -185.806525
-270.228000 6.230103
-35.885000 -195.524271
-54.673000 287.359356
297.934000 -227.163017
-200.761000 230.317644
120.122000 166.390304
156.226000 -55.304035
-248.494000 248.825625
201.972000 -96.784714
69.825000 65.251946
-231.385000 -144.941393
-128.345000 118.912267
149.616000 217.145927
15.981000 -121.026412
295.822000 -19.871722
-293.254000 20.307969
-70.427000 13.983676
216.366000 146.294366
-265.036000 212.331056
130.807000 281.226747
-128.808000 58.935437
68.260000 -238.709872
-184.390000 -90.159183
63.764000 252.087508
-289.568000 168.312223
140.545000 316.622939
297.126000 -100.963346
243.203000 284.595370
165.258000 -177.427916
-77.538000 296.179800
33.152000 163.425515
-113.571000 -58.268769
-290.314000 -213.080054
2.614000 253.748662
-290.462000 115.958397
7.784000 280.483133
-143.518000 170.802867
-252.678000 135.403603
152.085000 263.561338
-177.505000 321.624074
28.718000 133.485809
62.584000 217.179561
23.133000 -23.335704
272.351000 156.907031
-11.599000 120.106782
296.857000 -35.174469
-31.826000 -88.550719
-299.797000 -25.145970
-10.814000 209.977781
-32.698000 28.830530
69.554000 63.233280
-261.240000 258.926030
-37.253000 187.404780
-130.258000 -134.547471
86.988000 72.638289
228.278000 87.467047
-197.958000 71.983807
39.431000 295.422565
11.153000 139.905325
-233.922000 275.559084
179.663000 170.708843
-149.863000 312.680602
-270.130000 220.487361
-253.240000 24.817120
-82.483000 -144.846117
74.817000 266.491646
-49.949000 341.101427
-285.667000 -4.108810
-253.309000 191.511953
-43.320000 355.864716
-22.756000 -173.599520
154.600000 -15.441758
-238.308000 -139.249994
104.865000 128.934769
8.523000 319.910531
-242.542000 -164.949707
-70.998000 61.782056
13.930000 84.688817
-89.049000 269.931580
298.874000 -13.903658
195.986000 112.076104
-239.852000 7.175866
-46.940000 -64.985371
219.291000 -148.482610
259.291000 150.100147
268.997000 -125.806098
67.046000 59.414659
295.628000 201.228414
34.422000 -95.157829
53.547000 -92.794073
-143.100000 -58.143317
178.222000 191.047456
59.311000 -75.601788
291.010000 -156.642032
266.333000 338.997714
283.191000 -187.430541
62.229000 -225.795795
80.336000 -127.778050
-176.187000 -170.112304
-90.785000 -234.373559
-264.971000 246.979187
-236.805000 131.740932
258.547000 337.156678
154.537000 -187.607577
178.384000 253.401155
53.571000 238.430886
-217.856000 -14.440382
43.755000 94.941349
284.534000 -228.444919
-247.773000 236.819812
-221.706000 -17.740457
238.185000 -187.766725
-236.984000 -9.733994
229.509000 313.685738
-217.919000 -135.710549
-148.026000 -83.827835
-136.837000 302.386896
263.009000 22.312610
214.072000 -121.468677
211.882000 354.368037
229.475000 303.521751
40.475000 -159.834535
89.699000 -224.214822
-232.441000 -3.996108
190.965000 -187.079414
139.430000 -71.598720
119.293000 -38.755027
143.046000 -76.848333
-217.959000 212.047361
-91.775000 -61.933945
293.613000 51.270748
217.050000 262.715442
195.756000 -53.784864
-94.874000 79.564830
-224.703000 132.464501
-64.458000 236.843173
-227.578000 -108.877155
-69.577000 -202.297483
-177.477000 -107.758811
-230.911000 -19.080139
39.137000 -199.511467
110.758000 -58.941779
248.754000 18.570893
-226.201000 114.140565
-229.208000 -211.164787
-41.198000 -98.079139
-232.888000 303.095509
-163.602000 152.236157
-139.591000 -113.345194
-3.557000 89.627453
105.024000 199.842102
260.595000 -163.091251
27.407000 236.498398
-130.627000 -6.456955
294.906000 282.502669
-29.329000 48.749291
-135.653000 124.416914
-46.435000 -207.917463
92.760000 -38.011841
-77.804000 -115.322218
299.309000 -206.109596
-72.019000 179.607027
25.897000 224.029650
-279.402000 -236.257727
-170.508000 -177.669132
63.553000 270.887465
-228.969000 29.499077
-226.116000 12.337673
-226.056000 48.053269
272.093000 -180.050135
-36.221000 -173.654540
-243.960000 64.588057
244.477000 282.776653
296.475000 123.463249
253.314000 -196.621182
-63.298000 -204.603614
167.347000 212.565955
260.952000 -219.238477
190.736000 -51.554908
243.576000 61.683661
-166.498000 169.447230
127.234000 10.675798
55.895000 -154.625633
-43.185000 309.458935
59.199000 -189.566523
105.578000 -66.181982
201.880000 191.675559
-16.448000 221.364101
-163.204000 105.696641
52.779000 2.572183
-139.182000 350.432724
-242.298000 80.933282
82.785000 -206.848177
204.449000 1.641364
39.795000 -27.206122
167.009000 -45.314608
-284.321000 353.048906
-206.564000 350.794420
75.722000 -222.470065
47.819000 -83.177552
-208.616000 -14.332037
5.273000 50.548476
-94.906000 154.678991
28.026000 1.542504
-276.183000 -77.612008
172.246000 35.942479
223.793000 -96.185032
-109.063000 -18.765545
137.292000 135.082943
72.689000 -63.978569
80.834000 -132.829082
137.093000 -137.610594
-265.386000 114.200893
179.396000 181.059381
124.607000 254.820843
199.772000 358.565305
-29.661000 -148.205217
255.622000 212.788245
290.649000 9.689708
-135.586000 115.578169
-263.245000 -49.686368
-206.011000 20.526093
214.788000 -200.801445
297.945000 -49.352983
-72.670000 363.038455
106.322000 328.607891
88.920000 -55.896671
84.549000 -179.761233
26.127000 199.501203
43.009000 -151.932359
259.302000 177.500078
-273.892000 4.026516
-219.692000 -195.861048
-84.487000 184.456390
61.698000 -157.023197
-272.569000 191.530217
44.294000 -233.568369
69.528000 324.329045
80.851000 167.478459
166.988000 -30.795128
-189.660000 -209.131714
-170.884000 246.402716
67.758000 -167.373870
-171.503000 307.396543
295.339000 14.216935
-114.484000 352.060327
-216.170000 57.430719
-195.421000 -156.713889
-251.681000 191.045502
176.847000 -40.920106
-248.622000 10.993285
-291.703000 349.649677
102.787000 -31.362931
-176.422000 -129.118539
-271.486000 263.505833
193.048000 17.615204
265.115000 135.358577
-26.289000 -129.855052
-80.827000 41.817320
-227.583000 8.394692
-176.704000 -103.567936
-273.464000 -4.030564
-238.573000 -13.146192
-175.351000 330.544180
22.435000 310.829534
183.314000 221.396889
-80.017000 322.400260
-105.105000 -10.235385
67.103000 17.294970
20.312000 -231.013676
-293.837000 235.749680
140.587000 -215.697966
70.848000 259.786389
-164.741000 334.523743
-130.519000 339.039084
215.283000 -219.668575
268.211000 -73.691235
196.386000 -46.990893
-32.100000 183.793447
-296.946000 165.255788
201.991000 250.828128
-79.201000 60.859469
1.108000 173.273810
76.401000 122.839151
-6.931000 243.969481
225.106000 -78.573189
-52.806000 -15.563858
123.044000 -154.899528
-209.011000 191.639803
98.332000 -88.399866
184.892000 168.109464
125.092000 190.904811
187.662000 -4.261859
-200.187000 -26.098528
-105.437000 -222.200204
-106.971000 -109.080880
231.872000 188.754444
198.939000 -166.182232
5.611000 35.347092
267.764000 -175.090585
-133.264000 348.470740
30.602000 -33.999936
-180.777000 42.512387
116.728000 -101.730288
267.213000 -153.856968
84.732000 88.056354
-129.814000 53.896675
-294.767000 -230.611004
-260.352000 11.892318
147.920000 -21.859361
120.082000 -12.592040
-89.929000 -22.907719
61.349000 -28.281397
120.230000 -54.735076
-197.822000 359.569245
-158.355000 -33.915432
-289.929000 -72.414095
-134.895000 -9.870773
76.716000 45.457550
-297.632000 96.865871
-264.910000 -212.916807
229.632000 -113.213486
-75.117000 190.834836
221.767000 32.567158
238.179000 119.230483
90.001000 -82.369192
15.459000 175.618133
92.305000 45.641458
-208.564000 64.764783
-295.614000 -180.055892
26.242000 58.514434
-164.415000 207.782758
-81.223000 -203.481917
-99.365000 12.256408
168.235000 286.829739
-118.985000 -157.605930
-169.164000 -164.164599
83.889000 184.489732
-96.859000 131.157062
23.917000 188.268394
181.736000 73.806725
-282.617000 -170.220928
-73.107000 -107.055597
46.355000 235.684733
249.216000 -193.663927
-32.505000 68.163413
-207.097000 361.542752
-124.571000 -175.549909
11.813000 -113.389570
129.010000 -225.320230
-252.979000 -63.879890
-226.682000 -159.779551
196.828000 130.940788
35.700000 241.899127
-137.250000 151.485478
169.278000 -35.619171
-231.710000 -140.279821
4.145000 343.562530
-229.893000 88.360879
26.709000 185.506230
189.307000 163.472581
182.291000 298.649931
-281.152000 27.213282
135.804000 -38.795369
56.878000 144.648995
-40.504000 -131.874641
141.904000 356.487739
-158.795000 -90.143897
247.516000 -73.250534
-225.721000 159.100830
96.241000 -196.265806
29.985000 -92.195443
229.890000 -20.831079
260.127000 16.687284
-190.079000 -161.823337
-79.179000 262.197042
-223.223000 247.664420
-101.064000 64.634799
28.369000 75.256177
-252.277000 -183.810444
-27.751000 326.197935
13.357000 287.415313
-50.265000 218.497691
-31.484000 243.094070
-139.873000 -10.044535
99.661000 223.932860
-185.528000 292.759255
55.149000 183.976650
-123.608000 -68.242954
250.882000 -155.368560
-219.722000 281.860835
261.475000 183.647247
38.687000 83.014642
287.442000 355.491037
-277.960000 193.112450
-236.331000 -202.205136
-43.288000 -200.198724
21.517000 -229.179310
-291.613000 -133.155897
125.778000 -96.134484
-267.526000 264.720929
-175.305000 -109.823657
174.101000 65.814756
-197.438000 -182.038831
-27.375000 30.338601
-259.036000 261.614035
-171.490000 -11.013532
129.757000 203.323900
-291.656000 -48.626667
-126.624000 242.385766
215.567000 172.405199
-233.783000 166.466632
288.390000 58.537064
46.561000 213.760497
-66.506000 355.417951
-89.903000 196.699404
-26.596000 75.169874
-200.636000 252.418328
111.272000 -202.033219
214.793000 -211.428765
46.926000 -173.705312
141.922000 226.762142
-16.226000 136.247595
-192.137000 73.562048
-32.612000 -81.058476
-120.474000 -161.887001
-72.217000 318.034474
-231.488000 123.175950
164.813000 109.672424
86.960000 42.927900
-174.369000 121.190375
-60.649000 287.427850
152.450000 266.608325
112.015000 -121.575199
80.165000 46.713298
116.383000 107.889796
-59.341000 -127.299707
-228.467000 -121.982210
-226.382000 287.723288
286.780000 -163.571215
-293.064000 294.746283
-136.389000 -1.550202
280.946000 -112.537706
-140.218000 33.549792
-298.221000 -82.827689
-179.011000 229.210831
151.457000 -134.612649
252.723000 -96.215130
-222.320000 160.172390
244.822000 -64.430091
151.204000 125.459428
149.580000 150.084948
251.960000 248.125468
-228.526000 210.495987
267.449000 -168.197472
-46.052000 79.366068
94.384000 270.175609
-116.757000 153.720150
101.285000 -106.854310
150.283000 185.500231
131.102000 -146.324229
298.006000 -124.254689
43.529000 326.343852
-153.350000 88.323393
254.723000 -64.090047
-158.459000 286.669514
-101.766000 68.781092
57.797000 -192.254348
236.509000 45.024213
-214.971000 114.359773
-174.517000 309.051334
-134.802000 -51.417105
-129.826000 -50.813545
215.831000 -91.406984
-270.334000 -229.689405
-248.394000 -193.617827
278.195000 361.207752
80.567000 -167.973669
108.341000 -29.760091
49.134000 254.148488
145.771000 231.721067
95.879000 26.871645
125.382000 176.821224
-78.074000 -46.229198
-213.195000 -131.440604
-12.367000 -230.452010
-262.388000 -40.738417
135.525000 -136.080823
119.504000 -196.492230
8.142000 48.386363
-83.300000 188.445957
-41.593000 -51.636432
-258.797000 227.918161
-73.599000 45.195754
160.807000 -124.951641
-295.539000 -162.749038
248.453000 207.893566
-141.485000 256.051171
-152.388000 193.365774
-124.159000 -218.709622
235.980000 266.329982
-35.042000 259.680586
21.148000 62.373190
255.002000 -108.990206
-55.921000 206.025402
-126.248000 80.192011
-18.148000 242.994619
-66.935000 56.666228
12.878000 315.590838
274.077000 -195.826554
248.181000 75.757055
50.289000 168.771664
184.894000 -146.011728
24.574000 -203.979119
6.403000 -151.479512
118.549000 228.654094
-51.675000 -215.878282
174.261000 98.201324
-175.084000 -145.522070
-53.227000 177.725537
-9.305000 -26.838856
-14.370000 -66.017250
-257.151000 44.137357
25.762000 16.326964
-257.673000 34.295559
-77.487000 205.755155
247.709000 318.983751
37.754000 -7.656654
-209.857000 -101.638058
-228.983000 159.613538
-1.136000 358.443132
-221.584000 165.330728
-283.475000 246.640324
-197.627000 -91.474081
-72.778000 -83.282507
61.750000 345.446067
142.448000 -104.952360
-177.382000 352.531214
282.207000 277.644787
294.028000 313.002360
174.784000 281.502934
206.588000 148.972525
223.257000 215.615097
-21.339000 -68.670329
-70.431000 136.211210
213.967000 -91.855253
-173.486000 -16.506715
-47.433000 -101.424177
-105.551000 -125.654639
-109.587000 38.573899
172.314000 -143.227563
172.864000 39.897974
-282.829000 323.213512
183.129000 -72.188949
-198.690000 -205.811464
-249.721000 66.363023
-134.772000 92.601510
100.182000 -132.318004
-24.321000 -74.001518
-61.382000 41.307969
282.610000 29.576455
-268.493000 264.966941
12.435000 -189.749572
15.008000 -215.708086
-134.961000 -202.435670
-94.429000 238.730746
225.158000 334.176179
274.956000 -81.906405
-204.655000 27.943011
-58.644000 226.704428
165.225000 -47.820157
-204.941000 -224.481741
-127.037000 259.073676
293.804000 -45.365909
19.173000 -132.905585
-197.444000 165.948740
-82.611000 129.401063
227.546000 -16.723613
-222.241000 25.564712
-103.012000 352.950035
246.035000 -95.753641
197.411000 -124.117316
3.748000 123.239007
-286.999000 267.593332
-51.769000 244.906540
-229.289000 149.321747
-251.114000 202.443955
28.016000 11.283163
47.142000 314.405370
-257.338000 -201.139422
60.411000 349.744785
297.498000 344.243010
-88.589000 255.500217
289.717000 181.824425
-23.510000 66.580490
-271.157000 89.958554
-286.761000 32.755619
-150.818000 -200.873316
59.969000 236.064748
244.898000 -21.791186
53.222000 148.255879
280.139000 -166.663057
-222.505000 91.130008
-118.745000 -129.022927
13.297000 -52.209034
-95.356000 308.098859
210.233000 -36.735247
0.724000 260.971647
56.664000 -73.685460
128.402000 31.397434
290.559000 -45.834673
-216.788000 -185.271780
-183.628000 -26.928886
-246.016000 72.359008
-129.233000 177.553699
12.320000 -75.377610
242.875000 -200.524902
-131.637000 91.995790
196.596000 133.478480
-267.923000 182.235172
122.322000 101.276864
202.011000 -47.425446
189.033000 253.895246
-241.615000 -224.730062
130.746000 196.621393
-30.990000 206.891849
197.956000 -39.144695
87.890000 -56.796239
60.011000 -192.027783
298.256000 -12.998327
16.883000 -144.800871
-196.752000 35.573584
-53.498000 -48.306960
-218.626000 -161.786503
-231.601000 158.976682
-117.365000 -79.904133
150.102000 269.066053
-159.532000 221.004238
-96.109000 251.565424
-52.193000 185.989610
295.726000 -222.416204
-113.912000 111.872997
42.036000 125.226183
-221.340000 -159.455631
100.847000 -224.048752
-294.434000 319.982128
225.794000 80.377009
138.155000 -171.481111
-253.609000 -15.732232
263.050000 17.503648
-173.599000 76.585529
-22.066000 351.661408
-240.266000 3.907288
-299.978000 -146.701831
-262.505000 346.346708
-166.865000 -193.629754
-180.512000 199.044785
217.394000 343.311323
227.501000 -99.128139
-259.840000 20.016400
127.949000 193.975939
-166.561000 295.990477
-27.950000 185.168016
240.960000 297.405555
182.529000 339.872717
229.889000 -139.295122
-218.895000 -148.049946
-47.607000 186.068216
-139.265000 -120.014624
145.225000 -26.145462
217.898000 -212.606300
-218.366000 251.741862
251.940000 145.069022
-37.287000 312.545184
-253.278000 -80.488065
269.785000 232.912684
-150.145000 153.619435
239.312000 -33.737814
29.996000 43.752936
-221.679000 -129.877314
149.082000 306.205437
-290.072000 -56.409813
261.277000 41.501938
228.158000 308.667688
-120.866000 205.244996
18.225000 -137.084695
253.152000 -225.091387
-203.418000 261.614922
-275.896000 -183.981770
100.354000 -199.095461
-39.025000 203.268847
-138.922000 -105.638831
-253.007000 -205.359522
265.510000 197.865786
259.677000 78.902626
45.198000 -167.674534
-234.634000 9.420306
-142.081000 -25.814855
18.066000 33.108986
149.168000 -144.825174
-277.517000 111.028666
-124.154000 -6.064495
-253.131000 -164.592655
280.050000 -44.673814
-144.422000 223.913534
-234.048000 -172.614117
240.430000 135.552233
123.322000 -100.183418
-64.731000 162.870931
-152.248000 73.781280
142.758000 155.132630
211.969000 135.725979
-105.169000 365.544327
-174.495000 -28.708323
-14.180000 18.176516
-52.054000 313.327354
-131.763000 136.327205
97.052000 188.593044
0.418000 -27.766117
-200.333000 -127.467279
72.235000 220.485560
31.516000 171.639399
216.958000 174.142238
185.529000 89.306076
135.849000 -34.222611
50.295000 -110.783299
-24.685000 -192.344986
-296.964000 -141.756675
-15.557000 198.606638
161.222000 -28.236049
277.899000 311.671262
-32.508000 45.159575
-207.198000 173.014887
-238.313000 267.172200
127.760000 121.657972
-52.634000 5.578744
-68.775000 -0.361483
296.772000 -3.639710
50.027000 339.760061
70.356000 67.888834
-178.129000 -210.711393
186.453000 -100.075609
-259.073000 -77.676838
22.068000 39.341935
-258.363000 -115.441075
106.476000 -177.916085
-119.211000 -66.949096
91.694000 -111.111106
28.236000 312.984884
-231.073000 47.577874
279.702000 359.272863
25.270000 -41.095147
0.000000 71.673843
0.000000 -0.070184
0.000000 -0.070195
0.000000 -0.070205
