-2.66661435e+00 -7.28933273e-01
-2.66650020e+00 -7.27006589e-01
-2.66637912e+00 -7.25083450e-01
-2.66625113e+00 -7.23163853e-01
-2.66611625e+00 -7.21247791e-01
-2.66597449e+00 -7.19335262e-01
-2.66582587e+00 -7.17426260e-01
-2.66567042e+00 -7.15520780e-01
-2.66550815e+00 -7.13618818e-01
-2.66533907e+00 -7.11720371e-01
-2.66516321e+00 -7.09825432e-01
-2.66498058e+00 -7.07933998e-01
-2.66479121e+00 -7.06046064e-01
-2.66459510e+00 -7.04161625e-01
-2.66439229e+00 -7.02280678e-01
-2.66418278e+00 -7.00403217e-01
-2.66396659e+00 -6.98529238e-01
-2.66374374e+00 -6.96658737e-01
-2.66351425e+00 -6.94791709e-01
-2.66327814e+00 -6.92928149e-01
-2.66303543e+00 -6.91068054e-01
-2.66278613e+00 -6.89211418e-01
-2.66253025e+00 -6.87358238e-01
-2.66226783e+00 -6.85508508e-01
-2.66199887e+00 -6.83662225e-01
-2.66172340e+00 -6.81819383e-01
-2.66144142e+00 -6.79979979e-01
-2.66115297e+00 -6.78144008e-01
-2.66085805e+00 -6.76311465e-01
-2.66055668e+00 -6.74482346e-01
-2.66024889e+00 -6.72656647e-01
-2.65993469e+00 -6.70834363e-01
-2.65961409e+00 -6.69015489e-01
-2.65928711e+00 -6.67200022e-01
-2.65895378e+00 -6.65387957e-01
-2.65861411e+00 -6.63579290e-01
-2.65826811e+00 -6.61774015e-01
-2.65791580e+00 -6.59972129e-01
-2.65755721e+00 -6.58173628e-01
-2.65719234e+00 -6.56378506e-01
-2.65682122e+00 -6.54586760e-01
-2.65644386e+00 -6.52798385e-01
-2.65606028e+00 -6.51013376e-01
-2.65567049e+00 -6.49231730e-01
-2.65527452e+00 -6.47453442e-01
-2.65487238e+00 -6.45678508e-01
-2.65446409e+00 -6.43906922e-01
-2.65404967e+00 -6.42138682e-01
-2.65362912e+00 -6.40373782e-01
-2.65320248e+00 -6.38612218e-01
-2.65276975e+00 -6.36853985e-01
-2.65233095e+00 -6.35099081e-01
-2.65188611e+00 -6.33347499e-01
-2.65143523e+00 -6.31599236e-01
-2.65097834e+00 -6.29854288e-01
-2.65051544e+00 -6.28112649e-01
-2.65004657e+00 -6.26374316e-01
-2.64957172e+00 -6.24639285e-01
-2.64909093e+00 -6.22907551e-01
-2.64860421e+00 -6.21179109e-01
-2.64811157e+00 -6.19453956e-01
-2.64761303e+00 -6.17732088e-01
-2.64710861e+00 -6.16013499e-01
-2.64659833e+00 -6.14298185e-01
-2.64608219e+00 -6.12586143e-01
-2.64556023e+00 -6.10877368e-01
-2.64503244e+00 -6.09171856e-01
-2.64449886e+00 -6.07469602e-01
-2.64395950e+00 -6.05770602e-01
-2.64341437e+00 -6.04074852e-01
-2.64286349e+00 -6.02382347e-01
-2.64230688e+00 -6.00693084e-01
-2.64174455e+00 -5.99007058e-01
-2.64117651e+00 -5.97324265e-01
-2.64060280e+00 -5.95644700e-01
-2.64002342e+00 -5.93968360e-01
-2.63943838e+00 -5.92295239e-01
-2.63884771e+00 -5.90625335e-01
-2.63825142e+00 -5.88958642e-01
-2.63764953e+00 -5.87295156e-01
-2.63704205e+00 -5.85634874e-01
-2.63642901e+00 -5.83977790e-01
-2.63581040e+00 -5.82323901e-01
-2.63518626e+00 -5.80673202e-01
-2.63455660e+00 -5.79025690e-01
-2.63392143e+00 -5.77381360e-01
-2.63328077e+00 -5.75740207e-01
-2.63263464e+00 -5.74102228e-01
-2.63198305e+00 -5.72467419e-01
-2.63132601e+00 -5.70835775e-01
-2.63066356e+00 -5.69207291e-01
-2.62999569e+00 -5.67581965e-01
-2.62932242e+00 -5.65959791e-01
-2.62864378e+00 -5.64340766e-01
-2.62795978e+00 -5.62724885e-01
-2.62727043e+00 -5.61112144e-01
-2.62657574e+00 -5.59502540e-01
-2.62587575e+00 -5.57896067e-01
-2.62517045e+00 -5.56292721e-01
-2.62445987e+00 -5.54692499e-01
-2.62374402e+00 -5.53095397e-01
-2.62302292e+00 -5.51501410e-01
-2.62229658e+00 -5.49910534e-01
-2.62156502e+00 -5.48322764e-01
-2.62082826e+00 -5.46738098e-01
-2.62008630e+00 -5.45156530e-01
-2.61933917e+00 -5.43578057e-01
-2.61858689e+00 -5.42002674e-01
-2.61782945e+00 -5.40430378e-01
-2.61706690e+00 -5.38861164e-01
-2.61629922e+00 -5.37295027e-01
-2.61552645e+00 -5.35731965e-01
-2.61474860e+00 -5.34171973e-01
-2.61396568e+00 -5.32615046e-01
-2.61317772e+00 -5.31061181e-01
-2.61238471e+00 -5.29510374e-01
-2.61158669e+00 -5.27962620e-01
-2.61078366e+00 -5.26417916e-01
-2.60997564e+00 -5.24876257e-01
-2.60916264e+00 -5.23337639e-01
-2.60834469e+00 -5.21802059e-01
-2.60752179e+00 -5.20269511e-01
-2.60669396e+00 -5.18739993e-01
-2.60586122e+00 -5.17213500e-01
-2.60502357e+00 -5.15690027e-01
-2.60418105e+00 -5.14169572e-01
-2.60333365e+00 -5.12652129e-01
-2.60248140e+00 -5.11137695e-01
-2.60162431e+00 -5.09626267e-01
-2.60076240e+00 -5.08117838e-01
-2.59989568e+00 -5.06612407e-01
-2.59902416e+00 -5.05109968e-01
-2.59814787e+00 -5.03610518e-01
-2.59726681e+00 -5.02114052e-01
-2.59638100e+00 -5.00620568e-01
-2.59549046e+00 -4.99130059e-01
-2.59459519e+00 -4.97642524e-01
-2.59369522e+00 -4.96157957e-01
-2.59279056e+00 -4.94676354e-01
-2.59188123e+00 -4.93197713e-01
-2.59096723e+00 -4.91722027e-01
-2.59004858e+00 -4.90249295e-01
-2.58912531e+00 -4.88779511e-01
-2.58819742e+00 -4.87312672e-01
-2.58726492e+00 -4.85848773e-01
-2.58632784e+00 -4.84387811e-01
-2.58538618e+00 -4.82929782e-01
-2.58443997e+00 -4.81474682e-01
-2.58348921e+00 -4.80022507e-01
-2.58253391e+00 -4.78573252e-01
-2.58157411e+00 -4.77126914e-01
-2.58060980e+00 -4.75683490e-01
-2.57964101e+00 -4.74242974e-01
-2.57866774e+00 -4.72805363e-01
-2.57769002e+00 -4.71370654e-01
-2.57670785e+00 -4.69938842e-01
-2.57572125e+00 -4.68509923e-01
-2.57473024e+00 -4.67083893e-01
-2.57373483e+00 -4.65660749e-01
-2.57273503e+00 -4.64240486e-01
-2.57173086e+00 -4.62823101e-01
-2.57072233e+00 -4.61408590e-01
-2.56970945e+00 -4.59996948e-01
-2.56869225e+00 -4.58588172e-01
-2.56767073e+00 -4.57182258e-01
-2.56664491e+00 -4.55779203e-01
-2.56561480e+00 -4.54379001e-01
-2.56458042e+00 -4.52981650e-01
-2.56354177e+00 -4.51587145e-01
-2.56249889e+00 -4.50195482e-01
-2.56145177e+00 -4.48806659e-01
-2.56040043e+00 -4.47420670e-01
-2.55934489e+00 -4.46037512e-01
-2.55828516e+00 -4.44657181e-01
-2.55722125e+00 -4.43279673e-01
-2.55615319e+00 -4.41904984e-01
-2.55508097e+00 -4.40533111e-01
-2.55400462e+00 -4.39164050e-01
-2.55292415e+00 -4.37797796e-01
-2.55183957e+00 -4.36434347e-01
-2.55075090e+00 -4.35073697e-01
-2.54965815e+00 -4.33715844e-01
-2.54856133e+00 -4.32360783e-01
-2.54746046e+00 -4.31008510e-01
-2.54635556e+00 -4.29659023e-01
-2.54524663e+00 -4.28312316e-01
-2.54413368e+00 -4.26968387e-01
-2.54301674e+00 -4.25627230e-01
-2.54189582e+00 -4.24288844e-01
-2.54077092e+00 -4.22953223e-01
-2.53964207e+00 -4.21620364e-01
-2.53850928e+00 -4.20290263e-01
-2.53737255e+00 -4.18962916e-01
-2.53623191e+00 -4.17638320e-01
-2.53508736e+00 -4.16316470e-01
-2.53393893e+00 -4.14997364e-01
-2.53278662e+00 -4.13680997e-01
-2.53163044e+00 -4.12367365e-01
-2.53047042e+00 -4.11056465e-01
-2.52930656e+00 -4.09748292e-01
-2.52813888e+00 -4.08442844e-01
-2.52696738e+00 -4.07140116e-01
-2.52579209e+00 -4.05840104e-01
-2.52461302e+00 -4.04542806e-01
-2.52343017e+00 -4.03248216e-01
-2.52224357e+00 -4.01956332e-01
-2.52105323e+00 -4.00667149e-01
-2.51985915e+00 -3.99380665e-01
-2.51866136e+00 -3.98096874e-01
-2.51745986e+00 -3.96815774e-01
-2.51625467e+00 -3.95537360e-01
-2.51504580e+00 -3.94261629e-01
-2.51383327e+00 -3.92988578e-01
-2.51261708e+00 -3.91718202e-01
-2.51139725e+00 -3.90450498e-01
-2.51017380e+00 -3.89185461e-01
-2.50894673e+00 -3.87923090e-01
-2.50771607e+00 -3.86663378e-01
-2.50648181e+00 -3.85406324e-01
-2.50524398e+00 -3.84151923e-01
-2.50400259e+00 -3.82900172e-01
-2.50275764e+00 -3.81651067e-01
-2.50150916e+00 -3.80404603e-01
-2.50025716e+00 -3.79160779e-01
-2.49900165e+00 -3.77919589e-01
-2.49774263e+00 -3.76681030e-01
-2.49648013e+00 -3.75445099e-01
-2.49521416e+00 -3.74211792e-01
-2.49394473e+00 -3.72981105e-01
-2.49267185e+00 -3.71753034e-01
-2.49139553e+00 -3.70527576e-01
-2.49011579e+00 -3.69304728e-01
-2.48883264e+00 -3.68084485e-01
-2.48754609e+00 -3.66866844e-01
-2.48625616e+00 -3.65651802e-01
-2.48496286e+00 -3.64439354e-01
-2.48366619e+00 -3.63229497e-01
-2.48236618e+00 -3.62022227e-01
-2.48106283e+00 -3.60817541e-01
-2.47975616e+00 -3.59615436e-01
-2.47844618e+00 -3.58415907e-01
-2.47713290e+00 -3.57218950e-01
-2.47581634e+00 -3.56024563e-01
-2.47449650e+00 -3.54832742e-01
-2.47317340e+00 -3.53643483e-01
-2.47184705e+00 -3.52456783e-01
-2.47051747e+00 -3.51272637e-01
-2.46918466e+00 -3.50091043e-01
-2.46784863e+00 -3.48911996e-01
-2.46650941e+00 -3.47735494e-01
-2.46516700e+00 -3.46561532e-01
-2.46382142e+00 -3.45390107e-01
-2.46247267e+00 -3.44221215e-01
-2.46112077e+00 -3.43054853e-01
-2.45976573e+00 -3.41891018e-01
-2.45840756e+00 -3.40729705e-01
-2.45704628e+00 -3.39570912e-01
-2.45568190e+00 -3.38414634e-01
-2.45431442e+00 -3.37260868e-01
-2.45294386e+00 -3.36109610e-01
-2.45157024e+00 -3.34960858e-01
-2.45019356e+00 -3.33814606e-01
-2.44881384e+00 -3.32670853e-01
-2.44743108e+00 -3.31529594e-01
-2.44604531e+00 -3.30390826e-01
-2.44465653e+00 -3.29254545e-01
-2.44326475e+00 -3.28120747e-01
-2.44186999e+00 -3.26989430e-01
-2.44047226e+00 -3.25860590e-01
-2.43907156e+00 -3.24734223e-01
-2.43766792e+00 -3.23610325e-01
-2.43626133e+00 -3.22488894e-01
-2.43485183e+00 -3.21369925e-01
-2.43343941e+00 -3.20253416e-01
-2.43202408e+00 -3.19139362e-01
-2.43060587e+00 -3.18027760e-01
-2.42918478e+00 -3.16918607e-01
-2.42776082e+00 -3.15811899e-01
-2.42633400e+00 -3.14707633e-01
-2.42490434e+00 -3.13605805e-01
-2.42347185e+00 -3.12506412e-01
-2.42203653e+00 -3.11409451e-01
-2.42059841e+00 -3.10314916e-01
-2.41915749e+00 -3.09222807e-01
-2.41771378e+00 -3.08133118e-01
-2.41626729e+00 -3.07045847e-01
-2.41481804e+00 -3.05960989e-01
-2.41336604e+00 -3.04878542e-01
-2.41191130e+00 -3.03798503e-01
-2.41045382e+00 -3.02720866e-01
-2.40899363e+00 -3.01645631e-01
-2.40753073e+00 -3.00572791e-01
-2.40606514e+00 -2.99502345e-01
-2.40459686e+00 -2.98434289e-01
-2.40312591e+00 -2.97368620e-01
-2.40165229e+00 -2.96305333e-01
-2.40017602e+00 -2.95244427e-01
-2.39869712e+00 -2.94185896e-01
-2.39721558e+00 -2.93129738e-01
-2.39573143e+00 -2.92075950e-01
-2.39424467e+00 -2.91024527e-01
-2.39275531e+00 -2.89975467e-01
-2.39126337e+00 -2.88928767e-01
-2.38976886e+00 -2.87884422e-01
-2.38827178e+00 -2.86842429e-01
-2.38677216e+00 -2.85802786e-01
-2.38526999e+00 -2.84765488e-01
-2.38376529e+00 -2.83730532e-01
-2.38225808e+00 -2.82697915e-01
-2.38074835e+00 -2.81667634e-01
-2.37923614e+00 -2.80639684e-01
-2.37772143e+00 -2.79614064e-01
-2.37620425e+00 -2.78590769e-01
-2.37468461e+00 -2.77569796e-01
-2.37316251e+00 -2.76551141e-01
-2.37163797e+00 -2.75534802e-01
-2.37011100e+00 -2.74520775e-01
-2.36858161e+00 -2.73509056e-01
-2.36704981e+00 -2.72499643e-01
-2.36551561e+00 -2.71492532e-01
-2.36397902e+00 -2.70487719e-01
-2.36244005e+00 -2.69485201e-01
-2.36089872e+00 -2.68484976e-01
-2.35935503e+00 -2.67487039e-01
-2.35780899e+00 -2.66491387e-01
-2.35626062e+00 -2.65498017e-01
-2.35470992e+00 -2.64506926e-01
-2.35315691e+00 -2.63518110e-01
-2.35160159e+00 -2.62531566e-01
-2.35004399e+00 -2.61547291e-01
-2.34848410e+00 -2.60565281e-01
-2.34692193e+00 -2.59585534e-01
-2.34535751e+00 -2.58608045e-01
-2.34379083e+00 -2.57632812e-01
-2.34222192e+00 -2.56659831e-01
-2.34065077e+00 -2.55689098e-01
-2.33907741e+00 -2.54720612e-01
-2.33750183e+00 -2.53754368e-01
-2.33592405e+00 -2.52790363e-01
-2.33434409e+00 -2.51828594e-01
-2.33276195e+00 -2.50869057e-01
-2.33117764e+00 -2.49911750e-01
-2.32959117e+00 -2.48956668e-01
-2.32800255e+00 -2.48003810e-01
-2.32641179e+00 -2.47053171e-01
-2.32481891e+00 -2.46104748e-01
-2.32322391e+00 -2.45158538e-01
-2.32162681e+00 -2.44214538e-01
-2.32002761e+00 -2.43272745e-01
-2.31842632e+00 -2.42333154e-01
-2.31682295e+00 -2.41395764e-01
-2.31521752e+00 -2.40460571e-01
-2.31361003e+00 -2.39527571e-01
-2.31200049e+00 -2.38596762e-01
-2.31038892e+00 -2.37668139e-01
-2.30877532e+00 -2.36741701e-01
-2.30715971e+00 -2.35817443e-01
-2.30554209e+00 -2.34895363e-01
-2.30392247e+00 -2.33975457e-01
-2.30230087e+00 -2.33057722e-01
-2.30067729e+00 -2.32142155e-01
-2.29905175e+00 -2.31228753e-01
-2.29742424e+00 -2.30317512e-01
-2.29579479e+00 -2.29408429e-01
-2.29416341e+00 -2.28501502e-01
-2.29253009e+00 -2.27596726e-01
-2.29089486e+00 -2.26694100e-01
-2.28925773e+00 -2.25793618e-01
-2.28761869e+00 -2.24895279e-01
-2.28597777e+00 -2.23999080e-01
-2.28433496e+00 -2.23105016e-01
-2.28269029e+00 -2.22213085e-01
-2.28104376e+00 -2.21323284e-01
-2.27939538e+00 -2.20435609e-01
-2.27774517e+00 -2.19550058e-01
-2.27609312e+00 -2.18666627e-01
-2.27443925e+00 -2.17785313e-01
-2.27278357e+00 -2.16906113e-01
-2.27112609e+00 -2.16029023e-01
-2.26946682e+00 -2.15154042e-01
-2.26780577e+00 -2.14281164e-01
-2.26614294e+00 -2.13410389e-01
-2.26447835e+00 -2.12541711e-01
-2.26281201e+00 -2.11675129e-01
-2.26114392e+00 -2.10810638e-01
-2.25947410e+00 -2.09948237e-01
-2.25780256e+00 -2.09087921e-01
-2.25612929e+00 -2.08229687e-01
-2.25445433e+00 -2.07373534e-01
-2.25277766e+00 -2.06519456e-01
-2.25109931e+00 -2.05667452e-01
-2.24941928e+00 -2.04817519e-01
-2.24773758e+00 -2.03969652e-01
-2.24605422e+00 -2.03123849e-01
-2.24436921e+00 -2.02280108e-01
-2.24268256e+00 -2.01438424e-01
-2.24099428e+00 -2.00598795e-01
-2.23930437e+00 -1.99761217e-01
-2.23761286e+00 -1.98925688e-01
-2.23591973e+00 -1.98092205e-01
-2.23422502e+00 -1.97260764e-01
-2.23252871e+00 -1.96431362e-01
-2.23083083e+00 -1.95603997e-01
-2.22913139e+00 -1.94778665e-01
-2.22743038e+00 -1.93955363e-01
-2.22572783e+00 -1.93134088e-01
-2.22402373e+00 -1.92314838e-01
-2.22231811e+00 -1.91497608e-01
-2.22061096e+00 -1.90682396e-01
-2.21890229e+00 -1.89869200e-01
-2.21719213e+00 -1.89058015e-01
-2.21548047e+00 -1.88248839e-01
-2.21376732e+00 -1.87441669e-01
-2.21205269e+00 -1.86636501e-01
-2.21033660e+00 -1.85833334e-01
-2.20861905e+00 -1.85032163e-01
-2.20690004e+00 -1.84232986e-01
-2.20517960e+00 -1.83435799e-01
-2.20345772e+00 -1.82640600e-01
-2.20173442e+00 -1.81847386e-01
-2.20000970e+00 -1.81056154e-01
-2.19828358e+00 -1.80266900e-01
-2.19655605e+00 -1.79479622e-01
-2.19482714e+00 -1.78694316e-01
-2.19309685e+00 -1.77910980e-01
-2.19136519e+00 -1.77129611e-01
-2.18963216e+00 -1.76350206e-01
-2.18789778e+00 -1.75572761e-01
-2.18616206e+00 -1.74797274e-01
-2.18442500e+00 -1.74023741e-01
-2.18268661e+00 -1.73252161e-01
-2.18094690e+00 -1.72482529e-01
-2.17920588e+00 -1.71714843e-01
-2.17746356e+00 -1.70949100e-01
-2.17571994e+00 -1.70185296e-01
-2.17397504e+00 -1.69423430e-01
-2.17222886e+00 -1.68663497e-01
-2.17048141e+00 -1.67905496e-01
-2.16873271e+00 -1.67149422e-01
-2.16698275e+00 -1.66395274e-01
-2.16523155e+00 -1.65643048e-01
-2.16347911e+00 -1.64892741e-01
-2.16172545e+00 -1.64144350e-01
-2.15997058e+00 -1.63397872e-01
-2.15821449e+00 -1.62653305e-01
-2.15645720e+00 -1.61910646e-01
-2.15469872e+00 -1.61169891e-01
-2.15293906e+00 -1.60431037e-01
-2.15117822e+00 -1.59694083e-01
-2.14941621e+00 -1.58959024e-01
-2.14765304e+00 -1.58225858e-01
-2.14588872e+00 -1.57494581e-01
-2.14412326e+00 -1.56765192e-01
-2.14235667e+00 -1.56037687e-01
-2.14058895e+00 -1.55312064e-01
-2.13882011e+00 -1.54588318e-01
-2.13705016e+00 -1.53866448e-01
-2.13527911e+00 -1.53146451e-01
-2.13350697e+00 -1.52428323e-01
-2.13173374e+00 -1.51712062e-01
-2.12995943e+00 -1.50997665e-01
-2.12818406e+00 -1.50285129e-01
-2.12640762e+00 -1.49574451e-01
-2.12463013e+00 -1.48865628e-01
-2.12285160e+00 -1.48158658e-01
-2.12107203e+00 -1.47453537e-01
-2.11929143e+00 -1.46750262e-01
-2.11750981e+00 -1.46048832e-01
-2.11572717e+00 -1.45349242e-01
-2.11394353e+00 -1.44651491e-01
-2.11215890e+00 -1.43955575e-01
-2.11037327e+00 -1.43261491e-01
-2.10858667e+00 -1.42569236e-01
-2.10679909e+00 -1.41878808e-01
-2.10501054e+00 -1.41190205e-01
-2.10322104e+00 -1.40503422e-01
-2.10143059e+00 -1.39818457e-01
-2.09963919e+00 -1.39135307e-01
-2.09784686e+00 -1.38453970e-01
-2.09605361e+00 -1.37774443e-01
-2.09425944e+00 -1.37096723e-01
-2.09246435e+00 -1.36420806e-01
-2.09066837e+00 -1.35746691e-01
-2.08887148e+00 -1.35074374e-01
-2.08707371e+00 -1.34403853e-01
-2.08527506e+00 -1.33735124e-01
-2.08347554e+00 -1.33068186e-01
-2.08167516e+00 -1.32403034e-01
-2.07987391e+00 -1.31739667e-01
-2.07807182e+00 -1.31078082e-01
-2.07626889e+00 -1.30418275e-01
-2.07446512e+00 -1.29760244e-01
-2.07266052e+00 -1.29103987e-01
-2.07085511e+00 -1.28449500e-01
-2.06904888e+00 -1.27796780e-01
-2.06724185e+00 -1.27145826e-01
-2.06543403e+00 -1.26496633e-01
-2.06362541e+00 -1.25849200e-01
-2.06181602e+00 -1.25203524e-01
-2.06000585e+00 -1.24559601e-01
-2.05819491e+00 -1.23917429e-01
-2.05638322e+00 -1.23277005e-01
-2.05457077e+00 -1.22638327e-01
-2.05275758e+00 -1.22001392e-01
-2.05094365e+00 -1.21366196e-01
-2.04912899e+00 -1.20732738e-01
-2.04731361e+00 -1.20101014e-01
-2.04549752e+00 -1.19471022e-01
-2.04368071e+00 -1.18842760e-01
-2.04186321e+00 -1.18216223e-01
-2.04004502e+00 -1.17591410e-01
-2.03822614e+00 -1.16968318e-01
-2.03640658e+00 -1.16346943e-01
-2.03458635e+00 -1.15727285e-01
-2.03276545e+00 -1.15109338e-01
-2.03094390e+00 -1.14493102e-01
-2.02912170e+00 -1.13878573e-01
-2.02729886e+00 -1.13265748e-01
-2.02547538e+00 -1.12654626e-01
-2.02365127e+00 -1.12045202e-01
-2.02182655e+00 -1.11437475e-01
-2.02000121e+00 -1.10831441e-01
-2.01817526e+00 -1.10227098e-01
-2.01634871e+00 -1.09624444e-01
-2.01452157e+00 -1.09023475e-01
-2.01269384e+00 -1.08424189e-01
-2.01086554e+00 -1.07826583e-01
-2.00903666e+00 -1.07230655e-01
-2.00720722e+00 -1.06636402e-01
-2.00537723e+00 -1.06043820e-01
-2.00354668e+00 -1.05452909e-01
-2.00171559e+00 -1.04863664e-01
-1.99988396e+00 -1.04276083e-01
-1.99805180e+00 -1.03690164e-01
-1.99621912e+00 -1.03105903e-01
-1.99438592e+00 -1.02523299e-01
-1.99255221e+00 -1.01942348e-01
-1.99071800e+00 -1.01363048e-01
-1.98888330e+00 -1.00785396e-01
-1.98704811e+00 -1.00209390e-01
-1.98521243e+00 -9.96350270e-02
-1.98337628e+00 -9.90623039e-02
-1.98153967e+00 -9.84912185e-02
-1.97970259e+00 -9.79217681e-02
-1.97786505e+00 -9.73539500e-02
-1.97602707e+00 -9.67877617e-02
-1.97418865e+00 -9.62232004e-02
-1.97234979e+00 -9.56602636e-02
-1.97051051e+00 -9.50989486e-02
-1.96867080e+00 -9.45392529e-02
-1.96683068e+00 -9.39811737e-02
-1.96499015e+00 -9.34247086e-02
-1.96314922e+00 -9.28698548e-02
-1.96130790e+00 -9.23166098e-02
-1.95946618e+00 -9.17649710e-02
-1.95762409e+00 -9.12149357e-02
-1.95578162e+00 -9.06665014e-02
-1.95393878e+00 -9.01196654e-02
-1.95209558e+00 -8.95744252e-02
-1.95025203e+00 -8.90307782e-02
-1.94840813e+00 -8.84887218e-02
-1.94656388e+00 -8.79482534e-02
-1.94471930e+00 -8.74093704e-02
-1.94287439e+00 -8.68720703e-02
-1.94102915e+00 -8.63363504e-02
-1.93918360e+00 -8.58022082e-02
-1.93733774e+00 -8.52696411e-02
-1.93549158e+00 -8.47386466e-02
-1.93364512e+00 -8.42092221e-02
-1.93179837e+00 -8.36813649e-02
-1.92995133e+00 -8.31550727e-02
-1.92810402e+00 -8.26303427e-02
-1.92625643e+00 -8.21071725e-02
-1.92440858e+00 -8.15855595e-02
-1.92256046e+00 -8.10655012e-02
-1.92071210e+00 -8.05469949e-02
-1.91886349e+00 -8.00300383e-02
-1.91701464e+00 -7.95146286e-02
-1.91516555e+00 -7.90007634e-02
-1.91331624e+00 -7.84884402e-02
-1.91146670e+00 -7.79776563e-02
-1.90961695e+00 -7.74684094e-02
-1.90776699e+00 -7.69606968e-02
-1.90591682e+00 -7.64545161e-02
-1.90406646e+00 -7.59498646e-02
-1.90221591e+00 -7.54467400e-02
-1.90036517e+00 -7.49451397e-02
-1.89851425e+00 -7.44450611e-02
-1.89666316e+00 -7.39465017e-02
-1.89481191e+00 -7.34494592e-02
-1.89296049e+00 -7.29539309e-02
-1.89110892e+00 -7.24599143e-02
-1.88925720e+00 -7.19674069e-02
-1.88740534e+00 -7.14764064e-02
-1.88555334e+00 -7.09869100e-02
-1.88370121e+00 -7.04989155e-02
-1.88184896e+00 -7.00124202e-02
-1.87999659e+00 -6.95274217e-02
-1.87814410e+00 -6.90439176e-02
-1.87629151e+00 -6.85619053e-02
-1.87443882e+00 -6.80813823e-02
-1.87258603e+00 -6.76023462e-02
-1.87073315e+00 -6.71247946e-02
-1.86888019e+00 -6.66487248e-02
-1.86702716e+00 -6.61741346e-02
-1.86517405e+00 -6.57010214e-02
-1.86332088e+00 -6.52293827e-02
-1.86146764e+00 -6.47592161e-02
-1.85961435e+00 -6.42905192e-02
-1.85776102e+00 -6.38232895e-02
-1.85590764e+00 -6.33575245e-02
-1.85405423e+00 -6.28932218e-02
-1.85220078e+00 -6.24303790e-02
-1.85034731e+00 -6.19689936e-02
-1.84849382e+00 -6.15090631e-02
-1.84664031e+00 -6.10505853e-02
-1.84478680e+00 -6.05935575e-02
-1.84293329e+00 -6.01379774e-02
-1.84107977e+00 -5.96838425e-02
-1.83922627e+00 -5.92311505e-02
-1.83737278e+00 -5.87798988e-02
-1.83551931e+00 -5.83300852e-02
-1.83366587e+00 -5.78817071e-02
-1.83181246e+00 -5.74347622e-02
-1.82995909e+00 -5.69892480e-02
-1.82810575e+00 -5.65451622e-02
-1.82625247e+00 -5.61025023e-02
-1.82439924e+00 -5.56612659e-02
-1.82254607e+00 -5.52214506e-02
-1.82069296e+00 -5.47830541e-02
-1.81883992e+00 -5.43460739e-02
-1.81698696e+00 -5.39105077e-02
-1.81513408e+00 -5.34763530e-02
-1.81328129e+00 -5.30436075e-02
-1.81142859e+00 -5.26122687e-02
-1.80957598e+00 -5.21823344e-02
-1.80772348e+00 -5.17538021e-02
-1.80587108e+00 -5.13266694e-02
-1.80401880e+00 -5.09009340e-02
-1.80216664e+00 -5.04765935e-02
-1.80031460e+00 -5.00536456e-02
-1.79846269e+00 -4.96320878e-02
-1.79661092e+00 -4.92119178e-02
-1.79475929e+00 -4.87931333e-02
-1.79290780e+00 -4.83757318e-02
-1.79105646e+00 -4.79597111e-02
-1.78920528e+00 -4.75450688e-02
-1.78735426e+00 -4.71318025e-02
-1.78550341e+00 -4.67199099e-02
-1.78365273e+00 -4.63093887e-02
-1.78180222e+00 -4.59002364e-02
-1.77995190e+00 -4.54924508e-02
-1.77810177e+00 -4.50860296e-02
-1.77625182e+00 -4.46809703e-02
-1.77440208e+00 -4.42772707e-02
-1.77255254e+00 -4.38749284e-02
-1.77070320e+00 -4.34739411e-02
-1.76885408e+00 -4.30743066e-02
-1.76700518e+00 -4.26760224e-02
-1.76515650e+00 -4.22790862e-02
-1.76330805e+00 -4.18834958e-02
-1.76145983e+00 -4.14892488e-02
-1.75961185e+00 -4.10963429e-02
-1.75776412e+00 -4.07047758e-02
-1.75591663e+00 -4.03145452e-02
-1.75406940e+00 -3.99256488e-02
-1.75222242e+00 -3.95380843e-02
-1.75037571e+00 -3.91518494e-02
-1.74852927e+00 -3.87669419e-02
-1.74668310e+00 -3.83833593e-02
-1.74483721e+00 -3.80010995e-02
-1.74299160e+00 -3.76201601e-02
-1.74114628e+00 -3.72405389e-02
-1.73930126e+00 -3.68622335e-02
-1.73745653e+00 -3.64852418e-02
-1.73561211e+00 -3.61095613e-02
-1.73376799e+00 -3.57351900e-02
-1.73192419e+00 -3.53621254e-02
-1.73008070e+00 -3.49903653e-02
-1.72823754e+00 -3.46199074e-02
-1.72639470e+00 -3.42507496e-02
-1.72455220e+00 -3.38828894e-02
-1.72271003e+00 -3.35163248e-02
-1.72086821e+00 -3.31510533e-02
-1.71902673e+00 -3.27870728e-02
-1.71718560e+00 -3.24243810e-02
-1.71534483e+00 -3.20629757e-02
-1.71350442e+00 -3.17028546e-02
-1.71166437e+00 -3.13440155e-02
-1.70982470e+00 -3.09864561e-02
-1.70798540e+00 -3.06301742e-02
-1.70614647e+00 -3.02751675e-02
-1.70430794e+00 -2.99214339e-02
-1.70246979e+00 -2.95689711e-02
-1.70063203e+00 -2.92177769e-02
-1.69879468e+00 -2.88678490e-02
-1.69695772e+00 -2.85191852e-02
-1.69512118e+00 -2.81717834e-02
-1.69328504e+00 -2.78256412e-02
-1.69144932e+00 -2.74807566e-02
-1.68961402e+00 -2.71371272e-02
-1.68777915e+00 -2.67947508e-02
-1.68594471e+00 -2.64536253e-02
-1.68411070e+00 -2.61137485e-02
-1.68227714e+00 -2.57751181e-02
-1.68044401e+00 -2.54377320e-02
-1.67861133e+00 -2.51015879e-02
-1.67677911e+00 -2.47666837e-02
-1.67494734e+00 -2.44330171e-02
-1.67311604e+00 -2.41005860e-02
-1.67128520e+00 -2.37693882e-02
-1.66945483e+00 -2.34394215e-02
-1.66762494e+00 -2.31106838e-02
-1.66579552e+00 -2.27831728e-02
-1.66396659e+00 -2.24568864e-02
-1.66213815e+00 -2.21318223e-02
-1.66031020e+00 -2.18079785e-02
-1.65848274e+00 -2.14853528e-02
-1.65665579e+00 -2.11639429e-02
-1.65482934e+00 -2.08437468e-02
-1.65300340e+00 -2.05247623e-02
-1.65117798e+00 -2.02069872e-02
-1.64935307e+00 -1.98904193e-02
-1.64752869e+00 -1.95750565e-02
-1.64570484e+00 -1.92608967e-02
-1.64388151e+00 -1.89479377e-02
-1.64205872e+00 -1.86361773e-02
-1.64023647e+00 -1.83256135e-02
-1.63841476e+00 -1.80162440e-02
-1.63659360e+00 -1.77080668e-02
-1.63477300e+00 -1.74010796e-02
-1.63295295e+00 -1.70952805e-02
-1.63113346e+00 -1.67906671e-02
-1.62931453e+00 -1.64872375e-02
-1.62749618e+00 -1.61849894e-02
-1.62567839e+00 -1.58839209e-02
-1.62386119e+00 -1.55840296e-02
-1.62204456e+00 -1.52853135e-02
-1.62022852e+00 -1.49877706e-02
-1.61841307e+00 -1.46913986e-02
-1.61659821e+00 -1.43961955e-02
-1.61478395e+00 -1.41021592e-02
-1.61297030e+00 -1.38092876e-02
-1.61115724e+00 -1.35175785e-02
-1.60934480e+00 -1.32270298e-02
-1.60753297e+00 -1.29376395e-02
-1.60572176e+00 -1.26494055e-02
-1.60391117e+00 -1.23623256e-02
-1.60210121e+00 -1.20763978e-02
-1.60029187e+00 -1.17916200e-02
-1.59848317e+00 -1.15079901e-02
-1.59667511e+00 -1.12255060e-02
-1.59486768e+00 -1.09441656e-02
-1.59306091e+00 -1.06639669e-02
-1.59125478e+00 -1.03849077e-02
-1.58944930e+00 -1.01069861e-02
-1.58764448e+00 -9.83019986e-03
-1.58584033e+00 -9.55454701e-03
-1.58403684e+00 -9.28002544e-03
-1.58223401e+00 -9.00663310e-03
-1.58043186e+00 -8.73436793e-03
-1.57863038e+00 -8.46322786e-03
-1.57682959e+00 -8.19321084e-03
-1.57502948e+00 -7.92431481e-03
-1.57323005e+00 -7.65653772e-03
-1.57143132e+00 -7.38987752e-03
-1.56963329e+00 -7.12433216e-03
-1.56783595e+00 -6.85989960e-03
-1.56603931e+00 -6.59657779e-03
-1.56424338e+00 -6.33436469e-03
-1.56244816e+00 -6.07325827e-03
-1.56065366e+00 -5.81325649e-03
-1.55885987e+00 -5.55435731e-03
-1.55706680e+00 -5.29655870e-03
-1.55527446e+00 -5.03985864e-03
-1.55348285e+00 -4.78425510e-03
-1.55169197e+00 -4.52974606e-03
-1.54990183e+00 -4.27632949e-03
-1.54811242e+00 -4.02400338e-03
-1.54632376e+00 -3.77276570e-03
-1.54453584e+00 -3.52261445e-03
-1.54274868e+00 -3.27354761e-03
-1.54096227e+00 -3.02556317e-03
-1.53917661e+00 -2.77865913e-03
-1.53739172e+00 -2.53283348e-03
-1.53560759e+00 -2.28808423e-03
-1.53382423e+00 -2.04440935e-03
-1.53204164e+00 -1.80180688e-03
-1.53025983e+00 -1.56027479e-03
-1.52847880e+00 -1.31981111e-03
-1.52669854e+00 -1.08041385e-03
-1.52491908e+00 -8.42081008e-04
-1.52314040e+00 -6.04810606e-04
-1.52136251e+00 -3.68600660e-04
-1.51958543e+00 -1.33449189e-04
-1.51780914e+00 1.00645786e-04
-1.51603365e+00 3.33686241e-04
-1.51425897e+00 5.65674150e-04
-1.51248510e+00 7.96611484e-04
-1.51071204e+00 1.02650021e-03
-1.50893980e+00 1.25534231e-03
-1.50716838e+00 1.48313972e-03
-1.50539778e+00 1.70989443e-03
-1.50362801e+00 1.93560838e-03
-1.50185907e+00 2.16028354e-03
-1.50009096e+00 2.38392187e-03
-1.49832369e+00 2.60652530e-03
-1.49655726e+00 2.82809580e-03
-1.49479167e+00 3.04863531e-03
-1.49302693e+00 3.26814578e-03
-1.49126304e+00 3.48662916e-03
-1.48950000e+00 3.70408737e-03
-1.48773782e+00 3.92052237e-03
-1.48597649e+00 4.13593609e-03
-1.48421603e+00 4.35033046e-03
-1.48245644e+00 4.56370741e-03
-1.48069771e+00 4.77606888e-03
-1.47893986e+00 4.98741679e-03
-1.47718288e+00 5.19775306e-03
-1.47542678e+00 5.40707963e-03
-1.47367157e+00 5.61539840e-03
-1.47191724e+00 5.82271131e-03
-1.47016379e+00 6.02902025e-03
-1.46841124e+00 6.23432715e-03
-1.46665958e+00 6.43863392e-03
-1.46490882e+00 6.64194247e-03
-1.46315896e+00 6.84425470e-03
-1.46141001e+00 7.04557251e-03
-1.45966196e+00 7.24589782e-03
-1.45791482e+00 7.44523251e-03
-1.45616860e+00 7.64357850e-03
-1.45442329e+00 7.84093766e-03
-1.45267890e+00 8.03731189e-03
-1.45093543e+00 8.23270309e-03
-1.44919289e+00 8.42711315e-03
-1.44745127e+00 8.62054394e-03
-1.44571059e+00 8.81299735e-03
-1.44397084e+00 9.00447527e-03
-1.44223202e+00 9.19497957e-03
-1.44049415e+00 9.38451213e-03
-1.43875722e+00 9.57307482e-03
-1.43702124e+00 9.76066952e-03
-1.43528620e+00 9.94729810e-03
-1.43355212e+00 1.01329624e-02
-1.43181899e+00 1.03176643e-02
-1.43008682e+00 1.05014057e-02
-1.42835561e+00 1.06841885e-02
-1.42662537e+00 1.08660144e-02
-1.42489609e+00 1.10468854e-02
-1.42316778e+00 1.12268033e-02
-1.42144044e+00 1.14057699e-02
-1.41971407e+00 1.15837871e-02
-1.41798869e+00 1.17608568e-02
-1.41626428e+00 1.19369808e-02
-1.41454086e+00 1.21121609e-02
-1.41281842e+00 1.22863991e-02
-1.41109697e+00 1.24596970e-02
-1.40937652e+00 1.26320566e-02
-1.40765706e+00 1.28034796e-02
-1.40593859e+00 1.29739680e-02
-1.40422113e+00 1.31435236e-02
-1.40250467e+00 1.33121481e-02
-1.40078921e+00 1.34798434e-02
-1.39907477e+00 1.36466114e-02
-1.39736133e+00 1.38124538e-02
-1.39564891e+00 1.39773724e-02
-1.39393750e+00 1.41413692e-02
-1.39222711e+00 1.43044458e-02
-1.39051775e+00 1.44666042e-02
-1.38880941e+00 1.46278460e-02
-1.38710209e+00 1.47881732e-02
-1.38539581e+00 1.49475875e-02
-1.38369055e+00 1.51060908e-02
-1.38198633e+00 1.52636847e-02
-1.38028315e+00 1.54203712e-02
-1.37858101e+00 1.55761521e-02
-1.37687992e+00 1.57310290e-02
-1.37517986e+00 1.58850039e-02
-1.37348086e+00 1.60380784e-02
-1.37178291e+00 1.61902545e-02
-1.37008600e+00 1.63415338e-02
-1.36839016e+00 1.64919182e-02
-1.36669537e+00 1.66414094e-02
-1.36500164e+00 1.67900093e-02
-1.36330898e+00 1.69377195e-02
-1.36161738e+00 1.70845419e-02
-1.35992685e+00 1.72304782e-02
-1.35823739e+00 1.73755303e-02
-1.35654900e+00 1.75196998e-02
-1.35486169e+00 1.76629886e-02
-1.35317546e+00 1.78053984e-02
-1.35149031e+00 1.79469309e-02
-1.34980624e+00 1.80875880e-02
-1.34812325e+00 1.82273713e-02
-1.34644135e+00 1.83662827e-02
-1.34476055e+00 1.85043239e-02
-1.34308083e+00 1.86414966e-02
-1.34140221e+00 1.87778026e-02
-1.33972469e+00 1.89132437e-02
-1.33804827e+00 1.90478215e-02
-1.33637294e+00 1.91815378e-02
-1.33469873e+00 1.93143945e-02
-1.33302562e+00 1.94463931e-02
-1.33135362e+00 1.95775354e-02
-1.32968273e+00 1.97078232e-02
-1.32801295e+00 1.98372582e-02
-1.32634429e+00 1.99658421e-02
-1.32467675e+00 2.00935767e-02
-1.32301033e+00 2.02204636e-02
-1.32134503e+00 2.03465047e-02
-1.31968086e+00 2.04717015e-02
-1.31801781e+00 2.05960559e-02
-1.31635589e+00 2.07195696e-02
-1.31469511e+00 2.08422442e-02
-1.31303546e+00 2.09640815e-02
-1.31137694e+00 2.10850832e-02
-1.30971957e+00 2.12052509e-02
-1.30806333e+00 2.13245865e-02
-1.30640824e+00 2.14430916e-02
-1.30475429e+00 2.15607679e-02
-1.30310149e+00 2.16776171e-02
-1.30144984e+00 2.17936408e-02
-1.29979934e+00 2.19088409e-02
-1.29814999e+00 2.20232190e-02
-1.29650180e+00 2.21367767e-02
-1.29485477e+00 2.22495158e-02
-1.29320890e+00 2.23614380e-02
-1.29156419e+00 2.24725449e-02
-1.28992064e+00 2.25828382e-02
-1.28827826e+00 2.26923196e-02
-1.28663705e+00 2.28009908e-02
-1.28499701e+00 2.29088534e-02
-1.28335814e+00 2.30159092e-02
-1.28172045e+00 2.31221597e-02
-1.28008393e+00 2.32276067e-02
-1.27844860e+00 2.33322519e-02
-1.27681444e+00 2.34360968e-02
-1.27518146e+00 2.35391432e-02
-1.27354967e+00 2.36413928e-02
-1.27191907e+00 2.37428471e-02
-1.27028966e+00 2.38435078e-02
-1.26866143e+00 2.39433766e-02
-1.26703440e+00 2.40424552e-02
-1.26540857e+00 2.41407452e-02
-1.26378393e+00 2.42382482e-02
-1.26216049e+00 2.43349659e-02
-1.26053825e+00 2.44308999e-02
-1.25891721e+00 2.45260519e-02
-1.25729737e+00 2.46204236e-02
-1.25567875e+00 2.47140164e-02
-1.25406133e+00 2.48068322e-02
-1.25244512e+00 2.48988725e-02
-1.25083012e+00 2.49901389e-02
-1.24921634e+00 2.50806332e-02
-1.24760377e+00 2.51703568e-02
-1.24599242e+00 2.52593115e-02
-1.24438229e+00 2.53474989e-02
-1.24277338e+00 2.54349205e-02
-1.24116569e+00 2.55215780e-02
-1.23955923e+00 2.56074731e-02
-1.23795400e+00 2.56926072e-02
-1.23634999e+00 2.57769822e-02
-1.23474722e+00 2.58605995e-02
-1.23314567e+00 2.59434607e-02
-1.23154536e+00 2.60255676e-02
-1.22994629e+00 2.61069216e-02
-1.22834845e+00 2.61875244e-02
-1.22675185e+00 2.62673776e-02
-1.22515650e+00 2.63464828e-02
-1.22356238e+00 2.64248416e-02
-1.22196951e+00 2.65024555e-02
-1.22037789e+00 2.65793262e-02
-1.21878752e+00 2.66554553e-02
-1.21719839e+00 2.67308443e-02
-1.21561052e+00 2.68054949e-02
-1.21402389e+00 2.68794085e-02
-1.21243853e+00 2.69525869e-02
-1.21085442e+00 2.70250316e-02
-1.20927156e+00 2.70967441e-02
-1.20768997e+00 2.71677261e-02
-1.20610964e+00 2.72379791e-02
-1.20453057e+00 2.73075046e-02
-1.20295276e+00 2.73763044e-02
-1.20137622e+00 2.74443798e-02
-1.19980095e+00 2.75117326e-02
-1.19822695e+00 2.75783642e-02
-1.19665422e+00 2.76442762e-02
-1.19508276e+00 2.77094702e-02
-1.19351258e+00 2.77739478e-02
-1.19194367e+00 2.78377104e-02
-1.19037604e+00 2.79007597e-02
-1.18880969e+00 2.79630972e-02
-1.18724461e+00 2.80247245e-02
-1.18568082e+00 2.80856431e-02
-1.18411832e+00 2.81458545e-02
-1.18255709e+00 2.82053603e-02
-1.18099716e+00 2.82641620e-02
-1.17943851e+00 2.83222612e-02
-1.17788115e+00 2.83796595e-02
-1.17632509e+00 2.84363583e-02
-1.17477031e+00 2.84923591e-02
-1.17321683e+00 2.85476636e-02
-1.17166465e+00 2.86022733e-02
-1.17011376e+00 2.86561896e-02
-1.16856417e+00 2.87094142e-02
-1.16701587e+00 2.87619484e-02
-1.16546889e+00 2.88137940e-02
-1.16392320e+00 2.88649523e-02
-1.16237881e+00 2.89154249e-02
-1.16083574e+00 2.89652133e-02
-1.15929397e+00 2.90143190e-02
-1.15775350e+00 2.90627436e-02
-1.15621435e+00 2.91104885e-02
-1.15467651e+00 2.91575553e-02
-1.15313998e+00 2.92039455e-02
-1.15160476e+00 2.92496605e-02
-1.15007086e+00 2.92947019e-02
-1.14853827e+00 2.93390712e-02
-1.14700700e+00 2.93827698e-02
-1.14547706e+00 2.94257993e-02
-1.14394843e+00 2.94681612e-02
-1.14242112e+00 2.95098570e-02
-1.14089514e+00 2.95508881e-02
-1.13937048e+00 2.95912561e-02
-1.13784714e+00 2.96309624e-02
-1.13632514e+00 2.96700085e-02
-1.13480446e+00 2.97083959e-02
-1.13328511e+00 2.97461261e-02
-1.13176709e+00 2.97832005e-02
-1.13025040e+00 2.98196207e-02
-1.12873504e+00 2.98553881e-02
-1.12722102e+00 2.98905042e-02
-1.12570834e+00 2.99249705e-02
-1.12419699e+00 2.99587884e-02
-1.12268698e+00 2.99919594e-02
-1.12117831e+00 3.00244849e-02
-1.11967098e+00 3.00563665e-02
-1.11816499e+00 3.00876056e-02
-1.11666035e+00 3.01182036e-02
-1.11515705e+00 3.01481621e-02
-1.11365509e+00 3.01774824e-02
-1.11215448e+00 3.02061661e-02
-1.11065521e+00 3.02342145e-02
-1.10915730e+00 3.02616292e-02
-1.10766074e+00 3.02884116e-02
-1.10616552e+00 3.03145630e-02
-1.10467166e+00 3.03400851e-02
-1.10317915e+00 3.03649791e-02
-1.10168799e+00 3.03892467e-02
-1.10019819e+00 3.04128891e-02
-1.09870975e+00 3.04359078e-02
-1.09722267e+00 3.04583044e-02
-1.09573694e+00 3.04800801e-02
-1.09425257e+00 3.05012365e-02
-1.09276956e+00 3.05217749e-02
-1.09128792e+00 3.05416968e-02
-1.08980763e+00 3.05610037e-02
-1.08832871e+00 3.05796969e-02
-1.08685116e+00 3.05977778e-02
-1.08537497e+00 3.06152480e-02
-1.08390015e+00 3.06321087e-02
-1.08242670e+00 3.06483615e-02
-1.08095461e+00 3.06640078e-02
-1.07948390e+00 3.06790489e-02
-1.07801455e+00 3.06934862e-02
-1.07654658e+00 3.07073212e-02
-1.07507998e+00 3.07205553e-02
-1.07361475e+00 3.07331899e-02
-1.07215090e+00 3.07452264e-02
-1.07068842e+00 3.07566662e-02
-1.06922733e+00 3.07675107e-02
-1.06776760e+00 3.07777613e-02
-1.06630926e+00 3.07874193e-02
-1.06485230e+00 3.07964863e-02
-1.06339671e+00 3.08049635e-02
-1.06194251e+00 3.08128524e-02
-1.06048969e+00 3.08201543e-02
-1.05903825e+00 3.08268707e-02
-1.05758820e+00 3.08330030e-02
-1.05613953e+00 3.08385524e-02
-1.05469225e+00 3.08435204e-02
-1.05324635e+00 3.08479084e-02
-1.05180184e+00 3.08517178e-02
-1.05035872e+00 3.08549499e-02
-1.04891699e+00 3.08576061e-02
-1.04747665e+00 3.08596877e-02
-1.04603770e+00 3.08611962e-02
-1.04460014e+00 3.08621330e-02
-1.04316397e+00 3.08624993e-02
-1.04172920e+00 3.08622965e-02
-1.04029582e+00 3.08615261e-02
-1.03886383e+00 3.08601893e-02
-1.03743324e+00 3.08582876e-02
-1.03600405e+00 3.08558222e-02
-1.03457625e+00 3.08527946e-02
-1.03314985e+00 3.08492061e-02
-1.03172485e+00 3.08450581e-02
-1.03030125e+00 3.08403519e-02
-1.02887905e+00 3.08350888e-02
-1.02745825e+00 3.08292702e-02
-1.02603886e+00 3.08228974e-02
-1.02462086e+00 3.08159718e-02
-1.02320427e+00 3.08084948e-02
-1.02178908e+00 3.08004676e-02
-1.02037529e+00 3.07918916e-02
-1.01896291e+00 3.07827682e-02
-1.01755194e+00 3.07730986e-02
-1.01614237e+00 3.07628843e-02
-1.01473422e+00 3.07521265e-02
-1.01332746e+00 3.07408265e-02
-1.01192212e+00 3.07289858e-02
-1.01051819e+00 3.07166055e-02
-1.00911566e+00 3.07036872e-02
-1.00771455e+00 3.06902319e-02
-1.00631485e+00 3.06762412e-02
-1.00491656e+00 3.06617162e-02
-1.00351968e+00 3.06466584e-02
-1.00212421e+00 3.06310690e-02
-1.00073016e+00 3.06149494e-02
-9.99337525e-01 3.05983008e-02
-9.97946303e-01 3.05811246e-02
-9.96556496e-01 3.05634220e-02
-9.95168105e-01 3.05451944e-02
-9.93781130e-01 3.05264431e-02
-9.92395573e-01 3.05071694e-02
-9.91011434e-01 3.04873746e-02
-9.89628713e-01 3.04670599e-02
-9.88247410e-01 3.04462268e-02
-9.86867527e-01 3.04248764e-02
-9.85489064e-01 3.04030100e-02
-9.84112022e-01 3.03806291e-02
-9.82736400e-01 3.03577348e-02
-9.81362200e-01 3.03343284e-02
-9.79989422e-01 3.03104112e-02
-9.78618066e-01 3.02859846e-02
-9.77248134e-01 3.02610497e-02
-9.75879625e-01 3.02356079e-02
-9.74512540e-01 3.02096604e-02
-9.73146879e-01 3.01832086e-02
-9.71782644e-01 3.01562537e-02
-9.70419834e-01 3.01287969e-02
-9.69058449e-01 3.01008396e-02
-9.67698492e-01 3.00723831e-02
-9.66339960e-01 3.00434285e-02
-9.64982857e-01 3.00139771e-02
-9.63627180e-01 2.99840303e-02
-9.62272932e-01 2.99535892e-02
-9.60920113e-01 2.99226552e-02
-9.59568722e-01 2.98912295e-02
-9.58218761e-01 2.98593134e-02
-9.56870229e-01 2.98269081e-02
-9.55523128e-01 2.97940148e-02
-9.54177457e-01 2.97606349e-02
-9.52833217e-01 2.97267696e-02
-9.51490409e-01 2.96924200e-02
-9.50149032e-01 2.96575876e-02
-9.48809087e-01 2.96222734e-02
-9.47470574e-01 2.95864789e-02
-9.46133495e-01 2.95502051e-02
-9.44797848e-01 2.95134534e-02
-9.43463635e-01 2.94762250e-02
-9.42130856e-01 2.94385211e-02
-9.40799511e-01 2.94003429e-02
-9.39469600e-01 2.93616918e-02
-9.38141124e-01 2.93225688e-02
-9.36814084e-01 2.92829754e-02
-9.35488478e-01 2.92429126e-02
-9.34164309e-01 2.92023817e-02
-9.32841575e-01 2.91613840e-02
-9.31520278e-01 2.91199206e-02
-9.30200417e-01 2.90779928e-02
-9.28881993e-01 2.90356018e-02
-9.27565006e-01 2.89927488e-02
-9.26249456e-01 2.89494351e-02
-9.24935344e-01 2.89056618e-02
-9.23622670e-01 2.88614302e-02
-9.22311435e-01 2.88167415e-02
-9.21001637e-01 2.87715968e-02
-9.19693278e-01 2.87259975e-02
-9.18386358e-01 2.86799447e-02
-9.17080877e-01 2.86334395e-02
-9.15776835e-01 2.85864833e-02
-9.14474233e-01 2.85390772e-02
-9.13173071e-01 2.84912224e-02
-9.11873348e-01 2.84429202e-02
-9.10575065e-01 2.83941716e-02
-9.09278223e-01 2.83449779e-02
-9.07982821e-01 2.82953404e-02
-9.06688860e-01 2.82452601e-02
-9.05396339e-01 2.81947383e-02
-9.04105260e-01 2.81437762e-02
-9.02815621e-01 2.80923750e-02
-9.01527424e-01 2.80405357e-02
-9.00240669e-01 2.79882597e-02
-8.98955354e-01 2.79355481e-02
-8.97671482e-01 2.78824021e-02
-8.96389051e-01 2.78288229e-02
-8.95108062e-01 2.77748116e-02
-8.93828516e-01 2.77203694e-02
-8.92550411e-01 2.76654975e-02
-8.91273749e-01 2.76101970e-02
-8.89998529e-01 2.75544692e-02
-8.88724752e-01 2.74983152e-02
-8.87452417e-01 2.74417361e-02
-8.86181525e-01 2.73847332e-02
-8.84912076e-01 2.73273076e-02
-8.83644069e-01 2.72694604e-02
-8.82377505e-01 2.72111928e-02
-8.81112384e-01 2.71525060e-02
-8.79848706e-01 2.70934012e-02
-8.78586472e-01 2.70338794e-02
-8.77325680e-01 2.69739419e-02
-8.76066331e-01 2.69135897e-02
-8.74808426e-01 2.68528241e-02
-8.73551963e-01 2.67916462e-02
-8.72296944e-01 2.67300571e-02
-8.71043368e-01 2.66680580e-02
-8.69791236e-01 2.66056500e-02
-8.68540546e-01 2.65428343e-02
-8.67291300e-01 2.64796121e-02
-8.66043497e-01 2.64159843e-02
-8.64797137e-01 2.63519522e-02
-8.63552221e-01 2.62875170e-02
-8.62308747e-01 2.62226797e-02
-8.61066717e-01 2.61574415e-02
-8.59826130e-01 2.60918035e-02
-8.58586986e-01 2.60257669e-02
-8.57349285e-01 2.59593327e-02
-8.56113027e-01 2.58925022e-02
-8.54878212e-01 2.58252763e-02
-8.53644840e-01 2.57576563e-02
-8.52412910e-01 2.56896433e-02
-8.51182424e-01 2.56212383e-02
-8.49953380e-01 2.55524426e-02
-8.48725778e-01 2.54832572e-02
-8.47499620e-01 2.54136832e-02
-8.46274903e-01 2.53437218e-02
-8.45051629e-01 2.52733740e-02
-8.43829797e-01 2.52026410e-02
-8.42609407e-01 2.51315239e-02
-8.41390459e-01 2.50600237e-02
-8.40172953e-01 2.49881417e-02
-8.38956889e-01 2.49158788e-02
-8.37742266e-01 2.48432363e-02
-8.36529085e-01 2.47702151e-02
-8.35317346e-01 2.46968164e-02
-8.34107047e-01 2.46230414e-02
-8.32898189e-01 2.45488910e-02
-8.31690773e-01 2.44743664e-02
-8.30484797e-01 2.43994686e-02
-8.29280262e-01 2.43241989e-02
-8.28077167e-01 2.42485581e-02
-8.26875512e-01 2.41725476e-02
-8.25675297e-01 2.40961682e-02
-8.24476523e-01 2.40194212e-02
-8.23279188e-01 2.39423075e-02
-8.22083292e-01 2.38648283e-02
-8.20888836e-01 2.37869847e-02
-8.19695818e-01 2.37087777e-02
-8.18504240e-01 2.36302084e-02
-8.17314100e-01 2.35512780e-02
-8.16125399e-01 2.34719873e-02
-8.14938136e-01 2.33923376e-02
-8.13752311e-01 2.33123299e-02
-8.12567924e-01 2.32319653e-02
-8.11384974e-01 2.31512448e-02
-8.10203461e-01 2.30701695e-02
-8.09023386e-01 2.29887405e-02
-8.07844747e-01 2.29069588e-02
-8.06667544e-01 2.28248255e-02
-8.05491778e-01 2.27423416e-02
-8.04317448e-01 2.26595082e-02
-8.03144553e-01 2.25763264e-02
-8.01973094e-01 2.24927973e-02
-8.00803070e-01 2.24089218e-02
-7.99634481e-01 2.23247010e-02
-7.98467326e-01 2.22401360e-02
-7.97301606e-01 2.21552278e-02
-7.96137319e-01 2.20699775e-02
-7.94974467e-01 2.19843861e-02
-7.93813047e-01 2.18984547e-02
-7.92653060e-01 2.18121842e-02
-7.91494506e-01 2.17255758e-02
-7.90337385e-01 2.16386305e-02
-7.89181695e-01 2.15513493e-02
-7.88027437e-01 2.14637333e-02
-7.86874610e-01 2.13757834e-02
-7.85723214e-01 2.12875008e-02
-7.84573249e-01 2.11988864e-02
-7.83424714e-01 2.11099414e-02
-7.82277609e-01 2.10206666e-02
-7.81131934e-01 2.09310632e-02
-7.79987688e-01 2.08411321e-02
-7.78844870e-01 2.07508745e-02
-7.77703481e-01 2.06602912e-02
-7.76563520e-01 2.05693834e-02
-7.75424986e-01 2.04781520e-02
-7.74287880e-01 2.03865981e-02
-7.73152200e-01 2.02947227e-02
-7.72017947e-01 2.02025268e-02
-7.70885120e-01 2.01100115e-02
-7.69753719e-01 2.00171776e-02
-7.68623743e-01 1.99240263e-02
-7.67495191e-01 1.98305586e-02
-7.66368064e-01 1.97367754e-02
-7.65242360e-01 1.96426777e-02
-7.64118081e-01 1.95482667e-02
-7.62995224e-01 1.94535432e-02
-7.61873789e-01 1.93585083e-02
-7.60753777e-01 1.92631629e-02
-7.59635187e-01 1.91675082e-02
-7.58518018e-01 1.90715450e-02
-7.57402269e-01 1.89752743e-02
-7.56287941e-01 1.88786972e-02
-7.55175032e-01 1.87818147e-02
-7.54063543e-01 1.86846277e-02
-7.52953473e-01 1.85871373e-02
-7.51844821e-01 1.84893443e-02
-7.50737587e-01 1.83912499e-02
-7.49631770e-01 1.82928550e-02
-7.48527370e-01 1.81941605e-02
-7.47424387e-01 1.80951675e-02
-7.46322819e-01 1.79958769e-02
-7.45222667e-01 1.78962898e-02
-7.44123929e-01 1.77964070e-02
-7.43026606e-01 1.76962297e-02
-7.41930697e-01 1.75957586e-02
-7.40836201e-01 1.74949949e-02
-7.39743117e-01 1.73939395e-02
-7.38651446e-01 1.72925934e-02
-7.37561186e-01 1.71909574e-02
-7.36472338e-01 1.70890327e-02
-7.35384900e-01 1.69868202e-02
-7.34298872e-01 1.68843207e-02
-7.33214253e-01 1.67815354e-02
-7.32131043e-01 1.66784651e-02
-7.31049242e-01 1.65751108e-02
-7.29968848e-01 1.64714736e-02
-7.28889861e-01 1.63675542e-02
-7.27812281e-01 1.62633537e-02
-7.26736107e-01 1.61588731e-02
-7.25661338e-01 1.60541133e-02
-7.24587974e-01 1.59490752e-02
-7.23516014e-01 1.58437598e-02
-7.22445458e-01 1.57381680e-02
-7.21376305e-01 1.56323009e-02
-7.20308554e-01 1.55261593e-02
-7.19242204e-01 1.54197441e-02
-7.18177256e-01 1.53130564e-02
-7.17113708e-01 1.52060971e-02
-7.16051561e-01 1.50988670e-02
-7.14990812e-01 1.49913673e-02
-7.13931462e-01 1.48835986e-02
-7.12873510e-01 1.47755622e-02
-7.11816955e-01 1.46672587e-02
-7.10761797e-01 1.45586893e-02
-7.09708035e-01 1.44498547e-02
-7.08655668e-01 1.43407560e-02
-7.07604696e-01 1.42313941e-02
-7.06555118e-01 1.41217699e-02
-7.05506933e-01 1.40118843e-02
-7.04460141e-01 1.39017383e-02
-7.03414741e-01 1.37913327e-02
-7.02370733e-01 1.36806686e-02
-7.01328115e-01 1.35697467e-02
-7.00286887e-01 1.34585681e-02
-6.99247048e-01 1.33471337e-02
-6.98208597e-01 1.32354443e-02
-6.97171535e-01 1.31235009e-02
-6.96135859e-01 1.30113044e-02
-6.95101571e-01 1.28988557e-02
-6.94068667e-01 1.27861557e-02
-6.93037149e-01 1.26732053e-02
-6.92007015e-01 1.25600055e-02
-6.90978265e-01 1.24465571e-02
-6.89950897e-01 1.23328610e-02
-6.88924912e-01 1.22189182e-02
-6.87900308e-01 1.21047296e-02
-6.86877084e-01 1.19902960e-02
-6.85855241e-01 1.18756183e-02
-6.84834776e-01 1.17606975e-02
-6.83815690e-01 1.16455345e-02
-6.82797982e-01 1.15301300e-02
-6.81781650e-01 1.14144851e-02
-6.80766695e-01 1.12986007e-02
-6.79753114e-01 1.11824775e-02
-6.78740909e-01 1.10661165e-02
-6.77730077e-01 1.09495187e-02
-6.76720618e-01 1.08326848e-02
-6.75712531e-01 1.07156157e-02
-6.74705816e-01 1.05983124e-02
-6.73700471e-01 1.04807758e-02
-6.72696497e-01 1.03630066e-02
-6.71693891e-01 1.02450058e-02
-6.70692653e-01 1.01267743e-02
-6.69692783e-01 1.00083129e-02
-6.68694280e-01 9.88962259e-03
-6.67697142e-01 9.77070414e-03
-6.66701370e-01 9.65155844e-03
-6.65706961e-01 9.53218638e-03
-6.64713916e-01 9.41258883e-03
-6.63722234e-01 9.29276665e-03
-6.62731913e-01 9.17272071e-03
-6.61742953e-01 9.05245187e-03
-6.60755353e-01 8.93196101e-03
-6.59769112e-01 8.81124899e-03
-6.58784230e-01 8.69031665e-03
-6.57800705e-01 8.56916488e-03
-6.56818537e-01 8.44779452e-03
-6.55837724e-01 8.32620643e-03
-6.54858266e-01 8.20440147e-03
-6.53880163e-01 8.08238050e-03
-6.52903412e-01 7.96014437e-03
-6.51928014e-01 7.83769392e-03
-6.50953968e-01 7.71503002e-03
-6.49981272e-01 7.59215350e-03
-6.49009925e-01 7.46906523e-03
-6.48039928e-01 7.34576604e-03
-6.47071278e-01 7.22225678e-03
-6.46103975e-01 7.09853830e-03
-6.45138019e-01 6.97461143e-03
-6.44173407e-01 6.85047703e-03
-6.43210140e-01 6.72613592e-03
-6.42248217e-01 6.60158895e-03
-6.41287635e-01 6.47683696e-03
-6.40328396e-01 6.35188078e-03
-6.39370497e-01 6.22672125e-03
-6.38413938e-01 6.10135920e-03
-6.37458718e-01 5.97579546e-03
-6.36504835e-01 5.85003087e-03
-6.35552290e-01 5.72406624e-03
-6.34601080e-01 5.59790242e-03
-6.33651206e-01 5.47154023e-03
-6.32702666e-01 5.34498049e-03
-6.31755459e-01 5.21822403e-03
-6.30809584e-01 5.09127166e-03
-6.29865041e-01 4.96412422e-03
-6.28921828e-01 4.83678253e-03
-6.27979945e-01 4.70924739e-03
-6.27039389e-01 4.58151963e-03
-6.26100162e-01 4.45360007e-03
-6.25162261e-01 4.32548952e-03
-6.24225685e-01 4.19718879e-03
-6.23290434e-01 4.06869869e-03
-6.22356507e-01 3.94002005e-03
-6.21423902e-01 3.81115366e-03
-6.20492619e-01 3.68210033e-03
-6.19562656e-01 3.55286088e-03
-6.18634013e-01 3.42343611e-03
-6.17706689e-01 3.29382682e-03
-6.16780683e-01 3.16403381e-03
-6.15855993e-01 3.03405789e-03
-6.14932619e-01 2.90389987e-03
-6.14010559e-01 2.77356052e-03
-6.13089813e-01 2.64304067e-03
-6.12170380e-01 2.51234109e-03
-6.11252258e-01 2.38146260e-03
-6.10335447e-01 2.25040597e-03
-6.09419945e-01 2.11917201e-03
-6.08505753e-01 1.98776151e-03
-6.07592867e-01 1.85617525e-03
-6.06681288e-01 1.72441403e-03
-6.05771015e-01 1.59247863e-03
-6.04862046e-01 1.46036984e-03
-6.03954380e-01 1.32808845e-03
-6.03048017e-01 1.19563523e-03
-6.02142954e-01 1.06301098e-03
-6.01239193e-01 9.30216466e-04
-6.00336730e-01 7.97252476e-04
-5.99435565e-01 6.64119787e-04
-5.98535698e-01 5.30819176e-04
-5.97637126e-01 3.97351420e-04
-5.96739850e-01 2.63717294e-04
-5.95843867e-01 1.29917570e-04
-5.94949177e-01 -4.04697788e-06
-5.94055779e-01 -1.38175579e-04
-5.93163672e-01 -2.72467464e-04
-5.92272854e-01 -4.06921865e-04
-5.91383324e-01 -5.41538013e-04
-5.90495082e-01 -6.76315142e-04
-5.89608126e-01 -8.11252489e-04
-5.88722456e-01 -9.46349290e-04
-5.87838069e-01 -1.08160478e-03
-5.86954966e-01 -1.21701820e-03
-5.86073144e-01 -1.35258880e-03
-5.85192604e-01 -1.48831580e-03
-5.84313342e-01 -1.62419846e-03
-5.83435360e-01 -1.76023602e-03
-5.82558655e-01 -1.89642772e-03
-5.81683226e-01 -2.03277282e-03
-5.80809073e-01 -2.16927055e-03
-5.79936194e-01 -2.30592017e-03
-5.79064588e-01 -2.44272093e-03
-5.78194253e-01 -2.57967208e-03
-5.77325189e-01 -2.71677287e-03
-5.76457395e-01 -2.85402256e-03
-5.75590870e-01 -2.99142039e-03
-5.74725612e-01 -3.12896564e-03
-5.73861619e-01 -3.26665756e-03
-5.72998892e-01 -3.40449539e-03
-5.72137429e-01 -3.54247842e-03
-5.71277229e-01 -3.68060589e-03
-5.70418290e-01 -3.81887707e-03
-5.69560612e-01 -3.95729122e-03
-5.68704193e-01 -4.09584761e-03
-5.67849031e-01 -4.23454551e-03
-5.66995127e-01 -4.37338418e-03
-5.66142479e-01 -4.51236289e-03
-5.65291085e-01 -4.65148091e-03
-5.64440945e-01 -4.79073751e-03
-5.63592057e-01 -4.93013197e-03
-5.62744420e-01 -5.06966356e-03
-5.61898033e-01 -5.20933156e-03
-5.61052895e-01 -5.34913523e-03
-5.60209004e-01 -5.48907386e-03
-5.59366360e-01 -5.62914673e-03
-5.58524961e-01 -5.76935312e-03
-5.57684805e-01 -5.90969230e-03
-5.56845893e-01 -6.05016356e-03
-5.56008222e-01 -6.19076618e-03
-5.55171791e-01 -6.33149946e-03
-5.54336600e-01 -6.47236266e-03
-5.53502646e-01 -6.61335509e-03
-5.52669929e-01 -6.75447603e-03
-5.51838448e-01 -6.89572476e-03
-5.51008201e-01 -7.03710059e-03
-5.50179187e-01 -7.17860279e-03
-5.49351405e-01 -7.32023068e-03
-5.48524854e-01 -7.46198353e-03
-5.47699532e-01 -7.60386064e-03
-5.46875438e-01 -7.74586132e-03
-5.46052571e-01 -7.88798486e-03
-5.45230930e-01 -8.03023055e-03
-5.44410514e-01 -8.17259771e-03
-5.43591320e-01 -8.31508562e-03
-5.42773349e-01 -8.45769360e-03
-5.41956598e-01 -8.60042095e-03
-5.41141067e-01 -8.74326696e-03
-5.40326754e-01 -8.88623096e-03
-5.39513659e-01 -9.02931224e-03
-5.38701779e-01 -9.17251012e-03
-5.37891113e-01 -9.31582390e-03
-5.37081661e-01 -9.45925290e-03
-5.36273421e-01 -9.60279643e-03
-5.35466391e-01 -9.74645380e-03
-5.34660571e-01 -9.89022432e-03
-5.33855959e-01 -1.00341073e-02
-5.33052554e-01 -1.01781021e-02
-5.32250355e-01 -1.03222080e-02
-5.31449360e-01 -1.04664243e-02
-5.30649568e-01 -1.06107504e-02
-5.29850978e-01 -1.07551855e-02
-5.29053588e-01 -1.08997290e-02
-5.28257398e-01 -1.10443803e-02
-5.27462406e-01 -1.11891386e-02
-5.26668610e-01 -1.13340032e-02
-5.25876010e-01 -1.14789736e-02
-5.25084603e-01 -1.16240489e-02
-5.24294390e-01 -1.17692287e-02
-5.23505368e-01 -1.19145121e-02
-5.22717536e-01 -1.20598985e-02
-5.21930893e-01 -1.22053873e-02
-5.21145438e-01 -1.23509777e-02
-5.20361169e-01 -1.24966692e-02
-5.19578084e-01 -1.26424610e-02
-5.18796184e-01 -1.27883526e-02
-5.18015466e-01 -1.29343431e-02
-5.17235928e-01 -1.30804321e-02
-5.16457571e-01 -1.32266187e-02
-5.15680392e-01 -1.33729024e-02
-5.14904389e-01 -1.35192825e-02
-5.14129563e-01 -1.36657584e-02
-5.13355911e-01 -1.38123294e-02
-5.12583432e-01 -1.39589947e-02
-5.11812124e-01 -1.41057539e-02
-5.11041987e-01 -1.42526063e-02
-5.10273019e-01 -1.43995511e-02
-5.09505219e-01 -1.45465877e-02
-5.08738585e-01 -1.46937156e-02
-5.07973116e-01 -1.48409339e-02
-5.07208811e-01 -1.49882422e-02
-5.06445668e-01 -1.51356398e-02
-5.05683686e-01 -1.52831260e-02
-5.04922863e-01 -1.54307001e-02
-5.04163199e-01 -1.55783616e-02
-5.03404691e-01 -1.57261098e-02
-5.02647340e-01 -1.58739440e-02
-5.01891142e-01 -1.60218637e-02
-5.01136097e-01 -1.61698681e-02
-5.00382204e-01 -1.63179567e-02
-4.99629460e-01 -1.64661288e-02
-4.98877866e-01 -1.66143838e-02
-4.98127418e-01 -1.67627210e-02
-4.97378117e-01 -1.69111399e-02
-4.96629960e-01 -1.70596398e-02
-4.95882946e-01 -1.72082200e-02
-4.95137074e-01 -1.73568800e-02
-4.94392343e-01 -1.75056190e-02
-4.93648750e-01 -1.76544366e-02
-4.92906295e-01 -1.78033320e-02
-4.92164977e-01 -1.79523047e-02
-4.91424793e-01 -1.81013540e-02
-4.90685743e-01 -1.82504793e-02
-4.89947825e-01 -1.83996800e-02
-4.89211037e-01 -1.85489555e-02
-4.88475379e-01 -1.86983051e-02
-4.87740849e-01 -1.88477282e-02
-4.87007445e-01 -1.89972243e-02
-4.86275166e-01 -1.91467927e-02
-4.85544011e-01 -1.92964327e-02
-4.84813978e-01 -1.94461439e-02
-4.84085066e-01 -1.95959255e-02
-4.83357273e-01 -1.97457770e-02
-4.82630599e-01 -1.98956977e-02
-4.81905041e-01 -2.00456871e-02
-4.81180598e-01 -2.01957445e-02
-4.80457269e-01 -2.03458694e-02
-4.79735052e-01 -2.04960610e-02
-4.79013946e-01 -2.06463190e-02
-4.78293950e-01 -2.07966425e-02
-4.77575061e-01 -2.09470311e-02
-4.76857280e-01 -2.10974841e-02
-4.76140603e-01 -2.12480010e-02
-4.75425030e-01 -2.13985811e-02
-4.74710560e-01 -2.15492238e-02
-4.73997190e-01 -2.16999286e-02
-4.73284920e-01 -2.18506948e-02
-4.72573748e-01 -2.20015219e-02
-4.71863672e-01 -2.21524093e-02
-4.71154691e-01 -2.23033563e-02
-4.70446804e-01 -2.24543624e-02
-4.69740010e-01 -2.26054270e-02
-4.69034306e-01 -2.27565496e-02
-4.68329691e-01 -2.29077294e-02
-4.67626164e-01 -2.30589660e-02
-4.66923724e-01 -2.32102588e-02
-4.66222368e-01 -2.33616071e-02
-4.65522096e-01 -2.35130105e-02
-4.64822906e-01 -2.36644682e-02
-4.64124797e-01 -2.38159798e-02
-4.63427766e-01 -2.39675446e-02
-4.62731813e-01 -2.41191621e-02
-4.62036937e-01 -2.42708317e-02
-4.61343135e-01 -2.44225528e-02
-4.60650406e-01 -2.45743249e-02
-4.59958749e-01 -2.47261473e-02
-4.59268162e-01 -2.48780196e-02
-4.58578644e-01 -2.50299411e-02
-4.57890193e-01 -2.51819112e-02
-4.57202808e-01 -2.53339295e-02
-4.56516488e-01 -2.54859952e-02
-4.55831230e-01 -2.56381080e-02
-4.55147033e-01 -2.57902671e-02
-4.54463897e-01 -2.59424720e-02
-4.53781819e-01 -2.60947222e-02
-4.53100797e-01 -2.62470171e-02
-4.52420831e-01 -2.63993562e-02
-4.51741919e-01 -2.65517388e-02
-4.51064060e-01 -2.67041645e-02
-4.50387251e-01 -2.68566326e-02
-4.49711492e-01 -2.70091426e-02
-4.49036781e-01 -2.71616939e-02
-4.48363116e-01 -2.73142861e-02
-4.47690496e-01 -2.74669185e-02
-4.47018919e-01 -2.76195905e-02
-4.46348384e-01 -2.77723017e-02
-4.45678890e-01 -2.79250515e-02
-4.45010434e-01 -2.80778393e-02
-4.44343016e-01 -2.82306646e-02
-4.43676634e-01 -2.83835268e-02
-4.43011286e-01 -2.85364254e-02
-4.42346971e-01 -2.86893599e-02
-4.41683687e-01 -2.88423296e-02
-4.41021433e-01 -2.89953341e-02
-4.40360207e-01 -2.91483728e-02
-4.39700008e-01 -2.93014451e-02
-4.39040834e-01 -2.94545506e-02
-4.38382684e-01 -2.96076887e-02
-4.37725556e-01 -2.97608588e-02
-4.37069449e-01 -2.99140604e-02
-4.36414360e-01 -3.00672930e-02
-4.35760290e-01 -3.02205560e-02
-4.35107235e-01 -3.03738489e-02
-4.34455195e-01 -3.05271712e-02
-4.33804168e-01 -3.06805223e-02
-4.33154152e-01 -3.08339017e-02
-4.32505146e-01 -3.09873089e-02
-4.31857148e-01 -3.11407434e-02
-4.31210158e-01 -3.12942045e-02
-4.30564172e-01 -3.14476918e-02
-4.29919190e-01 -3.16012048e-02
-4.29275211e-01 -3.17547429e-02
-4.28632232e-01 -3.19083056e-02
-4.27990252e-01 -3.20618924e-02
-4.27349269e-01 -3.22155028e-02
-4.26709283e-01 -3.23691362e-02
-4.26070291e-01 -3.25227921e-02
-4.25432292e-01 -3.26764701e-02
-4.24795284e-01 -3.28301695e-02
-4.24159266e-01 -3.29838898e-02
-4.23524236e-01 -3.31376306e-02
-4.22890193e-01 -3.32913914e-02
-4.22257135e-01 -3.34451715e-02
-4.21625061e-01 -3.35989706e-02
-4.20993968e-01 -3.37527880e-02
-4.20363856e-01 -3.39066234e-02
-4.19734722e-01 -3.40604760e-02
-4.19106566e-01 -3.42143456e-02
-4.18479386e-01 -3.43682315e-02
-4.17853179e-01 -3.45221332e-02
-4.17227945e-01 -3.46760503e-02
-4.16603683e-01 -3.48299822e-02
-4.15980389e-01 -3.49839284e-02
-4.15358063e-01 -3.51378885e-02
-4.14736704e-01 -3.52918618e-02
-4.14116309e-01 -3.54458480e-02
-4.13496878e-01 -3.55998465e-02
-4.12878408e-01 -3.57538568e-02
-4.12260897e-01 -3.59078784e-02
-4.11644345e-01 -3.60619109e-02
-4.11028750e-01 -3.62159536e-02
-4.10414110e-01 -3.63700062e-02
-4.09800424e-01 -3.65240681e-02
-4.09187690e-01 -3.66781389e-02
-4.08575906e-01 -3.68322180e-02
-4.07965071e-01 -3.69863049e-02
-4.07355183e-01 -3.71403992e-02
-4.06746240e-01 -3.72945004e-02
-4.06138242e-01 -3.74486080e-02
-4.05531187e-01 -3.76027214e-02
-4.04925072e-01 -3.77568403e-02
-4.04319896e-01 -3.79109641e-02
-4.03715658e-01 -3.80650923e-02
-4.03112356e-01 -3.82192244e-02
-4.02509989e-01 -3.83733601e-02
-4.01908554e-01 -3.85274987e-02
-4.01308051e-01 -3.86816398e-02
-4.00708477e-01 -3.88357829e-02
-4.00109831e-01 -3.89899276e-02
-3.99512112e-01 -3.91440734e-02
-3.98915318e-01 -3.92982197e-02
-3.98319446e-01 -3.94523662e-02
-3.97724497e-01 -3.96065122e-02
-3.97130467e-01 -3.97606575e-02
-3.96537356e-01 -3.99148014e-02
-3.95945162e-01 -4.00689436e-02
-3.95353883e-01 -4.02230834e-02
-3.94763517e-01 -4.03772206e-02
-3.94174063e-01 -4.05313546e-02
-3.93585520e-01 -4.06854849e-02
-3.92997885e-01 -4.08396110e-02
-3.92411158e-01 -4.09937326e-02
-3.91825336e-01 -4.11478491e-02
-3.91240417e-01 -4.13019600e-02
-3.90656401e-01 -4.14560650e-02
-3.90073286e-01 -4.16101635e-02
-3.89491069e-01 -4.17642550e-02
-3.88909750e-01 -4.19183392e-02
-3.88329327e-01 -4.20724156e-02
-3.87749798e-01 -4.22264836e-02
-3.87171161e-01 -4.23805429e-02
-3.86593415e-01 -4.25345929e-02
-3.86016558e-01 -4.26886333e-02
-3.85440589e-01 -4.28426635e-02
-3.84865506e-01 -4.29966832e-02
-3.84291307e-01 -4.31506918e-02
-3.83717990e-01 -4.33046889e-02
-3.83145555e-01 -4.34586740e-02
-3.82573999e-01 -4.36126468e-02
-3.82003321e-01 -4.37666067e-02
-3.81433520e-01 -4.39205533e-02
-3.80864592e-01 -4.40744862e-02
-3.80296538e-01 -4.42284048e-02
-3.79729355e-01 -4.43823089e-02
-3.79163041e-01 -4.45361978e-02
-3.78597595e-01 -4.46900712e-02
-3.78033016e-01 -4.48439286e-02
-3.77469301e-01 -4.49977696e-02
-3.76906449e-01 -4.51515938e-02
-3.76344459e-01 -4.53054006e-02
-3.75783328e-01 -4.54591898e-02
-3.75223056e-01 -4.56129607e-02
-3.74663639e-01 -4.57667130e-02
-3.74105078e-01 -4.59204462e-02
-3.73547370e-01 -4.60741600e-02
-3.72990513e-01 -4.62278538e-02
-3.72434506e-01 -4.63815273e-02
-3.71879347e-01 -4.65351800e-02
-3.71325035e-01 -4.66888114e-02
-3.70771568e-01 -4.68424212e-02
-3.70218944e-01 -4.69960089e-02
-3.69667161e-01 -4.71495740e-02
-3.69116218e-01 -4.73031162e-02
-3.68566114e-01 -4.74566351e-02
-3.68016846e-01 -4.76101301e-02
-3.67468413e-01 -4.77636009e-02
-3.66920814e-01 -4.79170470e-02
-3.66374046e-01 -4.80704680e-02
-3.65828108e-01 -4.82238636e-02
-3.65282998e-01 -4.83772332e-02
-3.64738715e-01 -4.85305764e-02
-3.64195257e-01 -4.86838929e-02
-3.63652622e-01 -4.88371821e-02
-3.63110809e-01 -4.89904438e-02
-3.62569815e-01 -4.91436774e-02
-3.62029640e-01 -4.92968826e-02
-3.61490282e-01 -4.94500589e-02
-3.60951739e-01 -4.96032059e-02
-3.60414009e-01 -4.97563232e-02
-3.59877091e-01 -4.99094105e-02
-3.59340982e-01 -5.00624671e-02
-3.58805682e-01 -5.02154929e-02
-3.58271189e-01 -5.03684873e-02
-3.57737501e-01 -5.05214499e-02
-3.57204615e-01 -5.06743804e-02
-3.56672532e-01 -5.08272783e-02
-3.56141248e-01 -5.09801432e-02
-3.55610763e-01 -5.11329747e-02
-3.55081074e-01 -5.12857724e-02
-3.54552181e-01 -5.14385359e-02
-3.54024080e-01 -5.15912648e-02
-3.53496771e-01 -5.17439586e-02
-3.52970252e-01 -5.18966171e-02
-3.52444521e-01 -5.20492397e-02
-3.51919577e-01 -5.22018262e-02
-3.51395418e-01 -5.23543760e-02
-3.50872041e-01 -5.25068888e-02
-3.50349447e-01 -5.26593641e-02
-3.49827632e-01 -5.28118017e-02
-3.49306595e-01 -5.29642010e-02
-3.48786335e-01 -5.31165618e-02
-3.48266849e-01 -5.32688835e-02
-3.47748137e-01 -5.34211659e-02
-3.47230196e-01 -5.35734084e-02
-3.46713025e-01 -5.37256108e-02
-3.46196622e-01 -5.38777726e-02
-3.45680985e-01 -5.40298934e-02
-3.45166113e-01 -5.41819729e-02
-3.44652004e-01 -5.43340107e-02
-3.44138656e-01 -5.44860063e-02
-3.43626068e-01 -5.46379594e-02
-3.43114237e-01 -5.47898696e-02
-3.42603163e-01 -5.49417365e-02
-3.42092844e-01 -5.50935597e-02
-3.41583277e-01 -5.52453389e-02
-3.41074462e-01 -5.53970737e-02
-3.40566396e-01 -5.55487636e-02
-3.40059078e-01 -5.57004083e-02
-3.39552506e-01 -5.58520074e-02
-3.39046678e-01 -5.60035606e-02
-3.38541593e-01 -5.61550674e-02
-3.38037249e-01 -5.63065276e-02
-3.37533645e-01 -5.64579406e-02
-3.37030778e-01 -5.66093061e-02
-3.36528647e-01 -5.67606238e-02
-3.36027251e-01 -5.69118933e-02
-3.35526586e-01 -5.70631141e-02
-3.35026653e-01 -5.72142861e-02
-3.34527449e-01 -5.73654086e-02
-3.34028973e-01 -5.75164815e-02
-3.33531222e-01 -5.76675042e-02
-3.33034195e-01 -5.78184766e-02
-3.32537891e-01 -5.79693981e-02
-3.32042308e-01 -5.81202684e-02
-3.31547443e-01 -5.82710871e-02
-3.31053296e-01 -5.84218540e-02
-3.30559864e-01 -5.85725685e-02
-3.30067147e-01 -5.87232304e-02
-3.29575141e-01 -5.88738393e-02
-3.29083846e-01 -5.90243948e-02
-3.28593260e-01 -5.91748965e-02
-3.28103381e-01 -5.93253442e-02
-3.27614207e-01 -5.94757374e-02
-3.27125737e-01 -5.96260758e-02
-3.26637969e-01 -5.97763590e-02
-3.26150901e-01 -5.99265866e-02
-3.25664532e-01 -6.00767584e-02
-3.25178860e-01 -6.02268739e-02
-3.24693883e-01 -6.03769328e-02
-3.24209600e-01 -6.05269348e-02
-3.23726008e-01 -6.06768794e-02
-3.23243106e-01 -6.08267663e-02
-3.22760893e-01 -6.09765953e-02
-3.22279367e-01 -6.11263658e-02
-3.21798525e-01 -6.12760777e-02
-3.21318367e-01 -6.14257305e-02
-3.20838890e-01 -6.15753238e-02
-3.20360093e-01 -6.17248574e-02
-3.19881975e-01 -6.18743308e-02
-3.19404532e-01 -6.20237438e-02
-3.18927765e-01 -6.21730960e-02
-3.18451671e-01 -6.23223871e-02
-3.17976247e-01 -6.24716166e-02
-3.17501494e-01 -6.26207843e-02
-3.17027408e-01 -6.27698898e-02
-3.16553989e-01 -6.29189328e-02
-3.16081234e-01 -6.30679129e-02
-3.15609142e-01 -6.32168298e-02
-3.15137711e-01 -6.33656831e-02
-3.14666940e-01 -6.35144726e-02
-3.14196826e-01 -6.36631978e-02
-3.13727368e-01 -6.38118585e-02
-3.13258565e-01 -6.39604543e-02
-3.12790413e-01 -6.41089849e-02
-3.12322913e-01 -6.42574499e-02
-3.11856062e-01 -6.44058489e-02
-3.11389859e-01 -6.45541818e-02
-3.10924301e-01 -6.47024481e-02
-3.10459387e-01 -6.48506475e-02
-3.09995115e-01 -6.49987796e-02
-3.09531484e-01 -6.51468442e-02
-3.09068492e-01 -6.52948409e-02
-3.08606137e-01 -6.54427694e-02
-3.08144417e-01 -6.55906294e-02
-3.07683332e-01 -6.57384205e-02
-3.07222878e-01 -6.58861424e-02
-3.06763055e-01 -6.60337947e-02
-3.06303860e-01 -6.61813772e-02
-3.05845292e-01 -6.63288896e-02
-3.05387349e-01 -6.64763314e-02
-3.04930030e-01 -6.66237025e-02
-3.04473333e-01 -6.67710024e-02
-3.04017255e-01 -6.69182308e-02
-3.03561796e-01 -6.70653875e-02
-3.03106954e-01 -6.72124721e-02
-3.02652727e-01 -6.73594842e-02
-3.02199112e-01 -6.75064237e-02
-3.01746110e-01 -6.76532900e-02
-3.01293717e-01 -6.78000831e-02
-3.00841932e-01 -6.79468024e-02
-3.00390754e-01 -6.80934477e-02
-2.99940180e-01 -6.82400188e-02
-2.99490209e-01 -6.83865152e-02
-2.99040840e-01 -6.85329367e-02
-2.98592069e-01 -6.86792829e-02
-2.98143897e-01 -6.88255536e-02
-2.97696321e-01 -6.89717484e-02
-2.97249339e-01 -6.91178671e-02
-2.96802950e-01 -6.92639092e-02
-2.96357152e-01 -6.94098746e-02
-2.95911943e-01 -6.95557629e-02
-2.95467322e-01 -6.97015738e-02
-2.95023287e-01 -6.98473069e-02
-2.94579835e-01 -6.99929621e-02
-2.94136966e-01 -7.01385389e-02
-2.93694678e-01 -7.02840372e-02
-2.93252969e-01 -7.04294565e-02
-2.92811837e-01 -7.05747965e-02
-2.92371281e-01 -7.07200571e-02
-2.91931298e-01 -7.08652378e-02
-2.91491888e-01 -7.10103384e-02
-2.91053048e-01 -7.11553586e-02
-2.90614776e-01 -7.13002981e-02
-2.90177072e-01 -7.14451565e-02
-2.89739933e-01 -7.15899336e-02
-2.89303358e-01 -7.17346292e-02
-2.88867344e-01 -7.18792428e-02
-2.88431891e-01 -7.20237742e-02
-2.87996996e-01 -7.21682231e-02
-2.87562658e-01 -7.23125893e-02
-2.87128874e-01 -7.24568724e-02
-2.86695644e-01 -7.26010721e-02
-2.86262966e-01 -7.27451881e-02
-2.85830838e-01 -7.28892202e-02
-2.85399258e-01 -7.30331681e-02
-2.84968224e-01 -7.31770314e-02
-2.84537735e-01 -7.33208100e-02
-2.84107789e-01 -7.34645034e-02
-2.83678384e-01 -7.36081114e-02
-2.83249520e-01 -7.37516338e-02
-2.82821193e-01 -7.38950703e-02
-2.82393402e-01 -7.40384204e-02
-2.81966145e-01 -7.41816841e-02
-2.81539422e-01 -7.43248610e-02
-2.81113229e-01 -7.44679507e-02
-2.80687566e-01 -7.46109532e-02
-2.80262431e-01 -7.47538679e-02
-2.79837822e-01 -7.48966948e-02
-2.79413736e-01 -7.50394334e-02
-2.78990174e-01 -7.51820835e-02
-2.78567132e-01 -7.53246449e-02
-2.78144609e-01 -7.54671173e-02
-2.77722604e-01 -7.56095003e-02
-2.77301114e-01 -7.57517938e-02
-2.76880139e-01 -7.58939974e-02
-2.76459675e-01 -7.60361108e-02
-2.76039723e-01 -7.61781339e-02
-2.75620279e-01 -7.63200662e-02
-2.75201342e-01 -7.64619076e-02
-2.74782911e-01 -7.66036578e-02
-2.74364983e-01 -7.67453165e-02
-2.73947558e-01 -7.68868834e-02
-2.73530633e-01 -7.70283583e-02
-2.73114206e-01 -7.71697409e-02
-2.72698277e-01 -7.73110310e-02
-2.72282843e-01 -7.74522281e-02
-2.71867902e-01 -7.75933322e-02
-2.71453453e-01 -7.77343430e-02
-2.71039494e-01 -7.78752601e-02
-2.70626024e-01 -7.80160833e-02
-2.70213040e-01 -7.81568123e-02
-2.69800541e-01 -7.82974469e-02
-2.69388526e-01 -7.84379869e-02
-2.68976992e-01 -7.85784319e-02
-2.68565938e-01 -7.87187817e-02
-2.68155362e-01 -7.88590360e-02
-2.67745263e-01 -7.89991946e-02
-2.67335639e-01 -7.91392573e-02
-2.66926487e-01 -7.92792237e-02
-2.66517807e-01 -7.94190936e-02
-2.66109597e-01 -7.95588667e-02
-2.65701855e-01 -7.96985429e-02
-2.65294579e-01 -7.98381218e-02
-2.64887767e-01 -7.99776031e-02
-2.64481419e-01 -8.01169867e-02
-2.64075531e-01 -8.02562723e-02
-2.63670104e-01 -8.03954596e-02
-2.63265133e-01 -8.05345484e-02
-2.62860619e-01 -8.06735384e-02
-2.62456560e-01 -8.08124294e-02
-2.62052953e-01 -8.09512211e-02
-2.61649797e-01 -8.10899133e-02
-2.61247090e-01 -8.12285058e-02
-2.60844831e-01 -8.13669982e-02
-2.60443018e-01 -8.15053903e-02
-2.60041649e-01 -8.16436819e-02
-2.59640723e-01 -8.17818728e-02
-2.59240237e-01 -8.19199627e-02
-2.58840191e-01 -8.20579513e-02
-2.58440582e-01 -8.21958384e-02
-2.58041408e-01 -8.23336239e-02
-2.57642669e-01 -8.24713073e-02
-2.57244362e-01 -8.26088885e-02
-2.56846486e-01 -8.27463673e-02
-2.56449039e-01 -8.28837434e-02
-2.56052019e-01 -8.30210165e-02
-2.55655424e-01 -8.31581865e-02
-2.55259254e-01 -8.32952531e-02
-2.54863505e-01 -8.34322160e-02
-2.54468177e-01 -8.35690751e-02
-2.54073268e-01 -8.37058300e-02
-2.53678776e-01 -8.38424806e-02
-2.53284700e-01 -8.39790266e-02
-2.52891037e-01 -8.41154677e-02
-2.52497787e-01 -8.42518039e-02
-2.52104946e-01 -8.43880347e-02
-2.51712515e-01 -8.45241600e-02
-2.51320490e-01 -8.46601796e-02
-2.50928871e-01 -8.47960931e-02
-2.50537655e-01 -8.49319005e-02
-2.50146842e-01 -8.50676014e-02
-2.49756428e-01 -8.52031957e-02
-2.49366414e-01 -8.53386831e-02
-2.48976796e-01 -8.54740633e-02
-2.48587573e-01 -8.56093362e-02
-2.48198744e-01 -8.57445015e-02
-2.47810306e-01 -8.58795591e-02
-2.47422259e-01 -8.60145086e-02
-2.47034601e-01 -8.61493498e-02
-2.46647329e-01 -8.62840826e-02
-2.46260442e-01 -8.64187067e-02
-2.45873939e-01 -8.65532218e-02
-2.45487817e-01 -8.66876279e-02
-2.45102076e-01 -8.68219245e-02
-2.44716712e-01 -8.69561116e-02
-2.44331726e-01 -8.70901889e-02
-2.43947115e-01 -8.72241562e-02
-2.43562877e-01 -8.73580132e-02
-2.43179011e-01 -8.74917598e-02
-2.42795515e-01 -8.76253957e-02
-2.42412387e-01 -8.77589208e-02
-2.42029626e-01 -8.78923347e-02
-2.41647229e-01 -8.80256373e-02
-2.41265197e-01 -8.81588284e-02
-2.40883525e-01 -8.82919077e-02
-2.40502214e-01 -8.84248751e-02
-2.40121261e-01 -8.85577303e-02
-2.39740665e-01 -8.86904732e-02
-2.39360424e-01 -8.88231034e-02
-2.38980536e-01 -8.89556208e-02
-2.38600999e-01 -8.90880253e-02
-2.38221813e-01 -8.92203165e-02
-2.37842975e-01 -8.93524942e-02
-2.37464484e-01 -8.94845584e-02
-2.37086337e-01 -8.96165087e-02
-2.36708534e-01 -8.97483449e-02
-2.36331072e-01 -8.98800669e-02
-2.35953951e-01 -9.00116744e-02
-2.35577167e-01 -9.01431673e-02
-2.35200721e-01 -9.02745452e-02
-2.34824609e-01 -9.04058081e-02
-2.34448831e-01 -9.05369558e-02
-2.34073384e-01 -9.06679879e-02
-2.33698267e-01 -9.07989044e-02
-2.33323479e-01 -9.09297049e-02
-2.32949017e-01 -9.10603894e-02
-2.32574881e-01 -9.11909576e-02
-2.32201067e-01 -9.13214093e-02
-2.31827575e-01 -9.14517444e-02
-2.31454404e-01 -9.15819625e-02
-2.31081551e-01 -9.17120636e-02
-2.30709014e-01 -9.18420474e-02
-2.30336793e-01 -9.19719138e-02
-2.29964885e-01 -9.21016624e-02
-2.29593288e-01 -9.22312932e-02
-2.29222002e-01 -9.23608060e-02
-2.28851024e-01 -9.24902005e-02
-2.28480353e-01 -9.26194766e-02
-2.28109988e-01 -9.27486340e-02
-2.27739925e-01 -9.28776726e-02
-2.27370165e-01 -9.30065922e-02
-2.27000705e-01 -9.31353926e-02
-2.26631543e-01 -9.32640736e-02
-2.26262678e-01 -9.33926349e-02
-2.25894109e-01 -9.35210766e-02
-2.25525833e-01 -9.36493982e-02
-2.25157849e-01 -9.37775997e-02
-2.24790156e-01 -9.39056809e-02
-2.24422751e-01 -9.40336415e-02
-2.24055633e-01 -9.41614815e-02
-2.23688800e-01 -9.42892005e-02
-2.23322252e-01 -9.44167984e-02
-2.22955985e-01 -9.45442751e-02
-2.22589999e-01 -9.46716304e-02
-2.22224292e-01 -9.47988640e-02
-2.21858862e-01 -9.49259758e-02
-2.21493707e-01 -9.50529656e-02
-2.21128827e-01 -9.51798332e-02
-2.20764218e-01 -9.53065784e-02
-2.20399881e-01 -9.54332012e-02
-2.20035812e-01 -9.55597012e-02
-2.19672011e-01 -9.56860783e-02
-2.19308475e-01 -9.58123324e-02
-2.18945204e-01 -9.59384632e-02
-2.18582195e-01 -9.60644705e-02
-2.18219447e-01 -9.61903543e-02
-2.17856958e-01 -9.63161143e-02
-2.17494727e-01 -9.64417503e-02
-2.17132751e-01 -9.65672622e-02
-2.16771030e-01 -9.66926498e-02
-2.16409562e-01 -9.68179130e-02
-2.16048345e-01 -9.69430514e-02
-2.15687377e-01 -9.70680651e-02
-2.15326657e-01 -9.71929538e-02
-2.14966184e-01 -9.73177173e-02
-2.14605955e-01 -9.74423555e-02
-2.14245969e-01 -9.75668681e-02
-2.13886224e-01 -9.76912551e-02
-2.13526719e-01 -9.78155163e-02
-2.13167452e-01 -9.79396514e-02
-2.12808421e-01 -9.80636604e-02
-2.12449626e-01 -9.81875430e-02
-2.12091063e-01 -9.83112991e-02
-2.11732733e-01 -9.84349285e-02
-2.11374632e-01 -9.85584311e-02
-2.11016760e-01 -9.86818067e-02
-2.10659114e-01 -9.88050551e-02
-2.10301694e-01 -9.89281762e-02
-2.09944497e-01 -9.90511698e-02
-2.09587523e-01 -9.91740357e-02
-2.09230768e-01 -9.92967738e-02
-2.08874232e-01 -9.94193840e-02
-2.08517914e-01 -9.95418659e-02
-2.08161811e-01 -9.96642196e-02
-2.07805922e-01 -9.97864448e-02
-2.07450245e-01 -9.99085414e-02
-2.07094779e-01 -1.00030509e-01
-2.06739522e-01 -1.00152348e-01
-2.06384472e-01 -1.00274058e-01
-2.06029629e-01 -1.00395638e-01
-2.05674989e-01 -1.00517089e-01
-2.05320553e-01 -1.00638411e-01
-2.04966317e-01 -1.00759603e-01
-2.04612281e-01 -1.00880665e-01
-2.04258443e-01 -1.01001597e-01
-2.03904801e-01 -1.01122398e-01
-2.03551354e-01 -1.01243070e-01
-2.03198100e-01 -1.01363611e-01
-2.02845038e-01 -1.01484021e-01
-2.02492165e-01 -1.01604300e-01
-2.02139481e-01 -1.01724449e-01
-2.01786984e-01 -1.01844466e-01
-2.01434672e-01 -1.01964353e-01
-2.01082543e-01 -1.02084108e-01
-2.00730596e-01 -1.02203731e-01
-2.00378830e-01 -1.02323222e-01
-2.00027242e-01 -1.02442582e-01
-1.99675832e-01 -1.02561810e-01
-1.99324597e-01 -1.02680906e-01
-1.98973537e-01 -1.02799869e-01
-1.98622649e-01 -1.02918700e-01
-1.98271931e-01 -1.03037398e-01
-1.97921383e-01 -1.03155964e-01
-1.97571003e-01 -1.03274397e-01
-1.97220789e-01 -1.03392697e-01
-1.96870740e-01 -1.03510863e-01
-1.96520853e-01 -1.03628897e-01
-1.96171128e-01 -1.03746797e-01
-1.95821563e-01 -1.03864563e-01
-1.95472156e-01 -1.03982196e-01
-1.95122906e-01 -1.04099695e-01
-1.94773811e-01 -1.04217060e-01
-1.94424869e-01 -1.04334291e-01
-1.94076080e-01 -1.04451387e-01
-1.93727441e-01 -1.04568350e-01
-1.93378951e-01 -1.04685177e-01
-1.93030608e-01 -1.04801870e-01
-1.92682411e-01 -1.04918428e-01
-1.92334358e-01 -1.05034852e-01
-1.91986447e-01 -1.05151140e-01
-1.91638678e-01 -1.05267293e-01
-1.91291048e-01 -1.05383310e-01
-1.90943556e-01 -1.05499193e-01
-1.90596200e-01 -1.05614939e-01
-1.90248979e-01 -1.05730550e-01
-1.89901892e-01 -1.05846025e-01
-1.89554936e-01 -1.05961364e-01
-1.89208110e-01 -1.06076567e-01
-1.88861413e-01 -1.06191633e-01
-1.88514843e-01 -1.06306563e-01
-1.88168398e-01 -1.06421357e-01
-1.87822077e-01 -1.06536014e-01
-1.87475879e-01 -1.06650534e-01
-1.87129802e-01 -1.06764917e-01
-1.86783843e-01 -1.06879163e-01
-1.86438003e-01 -1.06993272e-01
-1.86092279e-01 -1.07107244e-01
-1.85746669e-01 -1.07221079e-01
-1.85401172e-01 -1.07334775e-01
-1.85055787e-01 -1.07448334e-01
-1.84710512e-01 -1.07561756e-01
-1.84365346e-01 -1.07675039e-01
-1.84020286e-01 -1.07788185e-01
-1.83675332e-01 -1.07901192e-01
-1.83330482e-01 -1.08014061e-01
-1.82985734e-01 -1.08126792e-01
-1.82641087e-01 -1.08239384e-01
-1.82296539e-01 -1.08351837e-01
-1.81952089e-01 -1.08464152e-01
-1.81607735e-01 -1.08576328e-01
-1.81263476e-01 -1.08688364e-01
-1.80919310e-01 -1.08800262e-01
-1.80575235e-01 -1.08912020e-01
-1.80231251e-01 -1.09023639e-01
-1.79887355e-01 -1.09135119e-01
-1.79543546e-01 -1.09246459e-01
-1.79199823e-01 -1.09357659e-01
-1.78856184e-01 -1.09468720e-01
-1.78512627e-01 -1.09579640e-01
-1.78169152e-01 -1.09690421e-01
-1.77825755e-01 -1.09801061e-01
-1.77482437e-01 -1.09911561e-01
-1.77139195e-01 -1.10021921e-01
-1.76796028e-01 -1.10132140e-01
-1.76452934e-01 -1.10242219e-01
-1.76109912e-01 -1.10352157e-01
-1.75766961e-01 -1.10461954e-01
-1.75424078e-01 -1.10571610e-01
-1.75081263e-01 -1.10681125e-01
-1.74738513e-01 -1.10790499e-01
-1.74395828e-01 -1.10899731e-01
-1.74053206e-01 -1.11008823e-01
-1.73710645e-01 -1.11117772e-01
-1.73368144e-01 -1.11226580e-01
-1.73025701e-01 -1.11335247e-01
-1.72683315e-01 -1.11443771e-01
-1.72340984e-01 -1.11552154e-01
-1.71998707e-01 -1.11660395e-01
-1.71656483e-01 -1.11768493e-01
-1.71314309e-01 -1.11876450e-01
-1.70972185e-01 -1.11984264e-01
-1.70630108e-01 -1.12091935e-01
-1.70288078e-01 -1.12199464e-01
-1.69946092e-01 -1.12306851e-01
-1.69604150e-01 -1.12414094e-01
-1.69262250e-01 -1.12521195e-01
-1.68920390e-01 -1.12628153e-01
-1.68578570e-01 -1.12734968e-01
-1.68236786e-01 -1.12841639e-01
-1.67895039e-01 -1.12948168e-01
-1.67553326e-01 -1.13054553e-01
-1.67211646e-01 -1.13160794e-01
-1.66869997e-01 -1.13266892e-01
-1.66528378e-01 -1.13372846e-01
-1.66186788e-01 -1.13478657e-01
-1.65845225e-01 -1.13584324e-01
-1.65503688e-01 -1.13689847e-01
-1.65162175e-01 -1.13795226e-01
-1.64820684e-01 -1.13900460e-01
-1.64479214e-01 -1.14005551e-01
-1.64137765e-01 -1.14110497e-01
-1.63796333e-01 -1.14215299e-01
-1.63454918e-01 -1.14319956e-01
-1.63113519e-01 -1.14424469e-01
-1.62772133e-01 -1.14528837e-01
-1.62430760e-01 -1.14633060e-01
-1.62089397e-01 -1.14737138e-01
-1.61748044e-01 -1.14841071e-01
-1.61406699e-01 -1.14944860e-01
-1.61065361e-01 -1.15048503e-01
-1.60724028e-01 -1.15152001e-01
-1.60382698e-01 -1.15255353e-01
-1.60041370e-01 -1.15358561e-01
-1.59700043e-01 -1.15461622e-01
-1.59358716e-01 -1.15564538e-01
-1.59017386e-01 -1.15667309e-01
-1.58676052e-01 -1.15769934e-01
-1.58334714e-01 -1.15872412e-01
-1.57993369e-01 -1.15974745e-01
-1.57652016e-01 -1.16076932e-01
-1.57310653e-01 -1.16178973e-01
-1.56969280e-01 -1.16280867e-01
-1.56627894e-01 -1.16382616e-01
-1.56286495e-01 -1.16484217e-01
-1.55945080e-01 -1.16585673e-01
-1.55603649e-01 -1.16686982e-01
-1.55262199e-01 -1.16788144e-01
-1.54920730e-01 -1.16889160e-01
-1.54579241e-01 -1.16990029e-01
-1.54237729e-01 -1.17090751e-01
-1.53896193e-01 -1.17191326e-01
-1.53554631e-01 -1.17291754e-01
-1.53213044e-01 -1.17392035e-01
-1.52871428e-01 -1.17492169e-01
-1.52529782e-01 -1.17592155e-01
-1.52188106e-01 -1.17691994e-01
-1.51846397e-01 -1.17791686e-01
-1.51504655e-01 -1.17891231e-01
-1.51162877e-01 -1.17990627e-01
-1.50821063e-01 -1.18089876e-01
-1.50479211e-01 -1.18188978e-01
-1.50137319e-01 -1.18287931e-01
-1.49795386e-01 -1.18386737e-01
-1.49453411e-01 -1.18485395e-01
-1.49111393e-01 -1.18583905e-01
-1.48769329e-01 -1.18682266e-01
-1.48427219e-01 -1.18780480e-01
-1.48085061e-01 -1.18878545e-01
-1.47742854e-01 -1.18976462e-01
-1.47400595e-01 -1.19074231e-01
-1.47058285e-01 -1.19171851e-01
-1.46715921e-01 -1.19269322e-01
-1.46373503e-01 -1.19366645e-01
-1.46031028e-01 -1.19463820e-01
-1.45688495e-01 -1.19560845e-01
-1.45345903e-01 -1.19657722e-01
-1.45003251e-01 -1.19754450e-01
-1.44660536e-01 -1.19851029e-01
-1.44317759e-01 -1.19947459e-01
-1.43974916e-01 -1.20043740e-01
-1.43632008e-01 -1.20139872e-01
-1.43289032e-01 -1.20235854e-01
-1.42945987e-01 -1.20331687e-01
-1.42602872e-01 -1.20427371e-01
-1.42259686e-01 -1.20522906e-01
-1.41916426e-01 -1.20618291e-01
-1.41573092e-01 -1.20713526e-01
-1.41229682e-01 -1.20808612e-01
-1.40886196e-01 -1.20903548e-01
-1.40542630e-01 -1.20998335e-01
-1.40198985e-01 -1.21092971e-01
-1.39855258e-01 -1.21187458e-01
-1.39511449e-01 -1.21281795e-01
-1.39167555e-01 -1.21375982e-01
-1.38823577e-01 -1.21470018e-01
-1.38479511e-01 -1.21563905e-01
-1.38135358e-01 -1.21657642e-01
-1.37791115e-01 -1.21751228e-01
-1.37446781e-01 -1.21844664e-01
-1.37102355e-01 -1.21937950e-01
-1.36757835e-01 -1.22031085e-01
-1.36413220e-01 -1.22124070e-01
-1.36068509e-01 -1.22216904e-01
-1.35723701e-01 -1.22309587e-01
-1.35378793e-01 -1.22402120e-01
-1.35033785e-01 -1.22494503e-01
-1.34688675e-01 -1.22586734e-01
-1.34343463e-01 -1.22678815e-01
-1.33998145e-01 -1.22770745e-01
-1.33652722e-01 -1.22862524e-01
-1.33307192e-01 -1.22954152e-01
-1.32961554e-01 -1.23045629e-01
-1.32615806e-01 -1.23136955e-01
-1.32269946e-01 -1.23228129e-01
-1.31923974e-01 -1.23319153e-01
-1.31577889e-01 -1.23410025e-01
-1.31231688e-01 -1.23500746e-01
-1.30885370e-01 -1.23591316e-01
-1.30538935e-01 -1.23681734e-01
-1.30192381e-01 -1.23772001e-01
-1.29845706e-01 -1.23862116e-01
-1.29498909e-01 -1.23952080e-01
-1.29151989e-01 -1.24041892e-01
-1.28804945e-01 -1.24131552e-01
-1.28457775e-01 -1.24221061e-01
-1.28110478e-01 -1.24310418e-01
-1.27763052e-01 -1.24399623e-01
-1.27415497e-01 -1.24488677e-01
-1.27067810e-01 -1.24577578e-01
-1.26719991e-01 -1.24666328e-01
-1.26372039e-01 -1.24754925e-01
-1.26023951e-01 -1.24843371e-01
-1.25675727e-01 -1.24931664e-01
-1.25327365e-01 -1.25019805e-01
-1.24978865e-01 -1.25107795e-01
-1.24630224e-01 -1.25195631e-01
-1.24281441e-01 -1.25283316e-01
-1.23932516e-01 -1.25370848e-01
-1.23583446e-01 -1.25458228e-01
-1.23234231e-01 -1.25545456e-01
-1.22884869e-01 -1.25632531e-01
-1.22535359e-01 -1.25719454e-01
-1.22185699e-01 -1.25806224e-01
-1.21835889e-01 -1.25892841e-01
-1.21485927e-01 -1.25979306e-01
-1.21135812e-01 -1.26065619e-01
-1.20785542e-01 -1.26151778e-01
-1.20435116e-01 -1.26237785e-01
-1.20084533e-01 -1.26323639e-01
-1.19733791e-01 -1.26409341e-01
-1.19382890e-01 -1.26494889e-01
-1.19031828e-01 -1.26580285e-01
-1.18680604e-01 -1.26665527e-01
-1.18329215e-01 -1.26750617e-01
-1.17977662e-01 -1.26835554e-01
-1.17625943e-01 -1.26920338e-01
-1.17274057e-01 -1.27004968e-01
-1.16922002e-01 -1.27089446e-01
-1.16569777e-01 -1.27173770e-01
-1.16217380e-01 -1.27257941e-01
-1.15864811e-01 -1.27341959e-01
-1.15512069e-01 -1.27425824e-01
-1.15159151e-01 -1.27509535e-01
-1.14806057e-01 -1.27593094e-01
-1.14452785e-01 -1.27676498e-01
-1.14099335e-01 -1.27759750e-01
-1.13745705e-01 -1.27842848e-01
-1.13391893e-01 -1.27925792e-01
-1.13037898e-01 -1.28008583e-01
-1.12683720e-01 -1.28091221e-01
-1.12329357e-01 -1.28173705e-01
-1.11974807e-01 -1.28256035e-01
-1.11620069e-01 -1.28338212e-01
-1.11265143e-01 -1.28420235e-01
-1.10910027e-01 -1.28502105e-01
-1.10554719e-01 -1.28583820e-01
-1.10199218e-01 -1.28665383e-01
-1.09843524e-01 -1.28746791e-01
-1.09487635e-01 -1.28828045e-01
-1.09131549e-01 -1.28909146e-01
-1.08775266e-01 -1.28990093e-01
-1.08418784e-01 -1.29070886e-01
-1.08062102e-01 -1.29151525e-01
-1.07705219e-01 -1.29232010e-01
-1.07348133e-01 -1.29312342e-01
-1.06990843e-01 -1.29392519e-01
-1.06633348e-01 -1.29472542e-01
-1.06275648e-01 -1.29552411e-01
-1.05917739e-01 -1.29632127e-01
-1.05559623e-01 -1.29711688e-01
-1.05201296e-01 -1.29791095e-01
-1.04842758e-01 -1.29870348e-01
-1.04484008e-01 -1.29949446e-01
-1.04125044e-01 -1.30028391e-01
-1.03765866e-01 -1.30107181e-01
-1.03406472e-01 -1.30185818e-01
-1.03046860e-01 -1.30264300e-01
-1.02687030e-01 -1.30342627e-01
-1.02326981e-01 -1.30420801e-01
-1.01966710e-01 -1.30498820e-01
-1.01606218e-01 -1.30576685e-01
-1.01245503e-01 -1.30654395e-01
-1.00884563e-01 -1.30731951e-01
-1.00523397e-01 -1.30809353e-01
-1.00162005e-01 -1.30886600e-01
-9.98003848e-02 -1.30963693e-01
-9.94385354e-02 -1.31040632e-01
-9.90764555e-02 -1.31117416e-01
-9.87141440e-02 -1.31194045e-01
-9.83515998e-02 -1.31270520e-01
-9.79888215e-02 -1.31346841e-01
-9.76258082e-02 -1.31423007e-01
-9.72625585e-02 -1.31499018e-01
-9.68990712e-02 -1.31574875e-01
-9.65353453e-02 -1.31650578e-01
-9.61713794e-02 -1.31726125e-01
-9.58071725e-02 -1.31801519e-01
-9.54427234e-02 -1.31876757e-01
-9.50780308e-02 -1.31951841e-01
-9.47130937e-02 -1.32026770e-01
-9.43479107e-02 -1.32101545e-01
-9.39824809e-02 -1.32176165e-01
-9.36168029e-02 -1.32250630e-01
-9.32508756e-02 -1.32324941e-01
-9.28846979e-02 -1.32399097e-01
-9.25182686e-02 -1.32473098e-01
-9.21515865e-02 -1.32546944e-01
-9.17846505e-02 -1.32620636e-01
-9.14174594e-02 -1.32694173e-01
-9.10500121e-02 -1.32767555e-01
-9.06823073e-02 -1.32840782e-01
-9.03143440e-02 -1.32913855e-01
-8.99461210e-02 -1.32986772e-01
-8.95776371e-02 -1.33059535e-01
-8.92088913e-02 -1.33132144e-01
-8.88398822e-02 -1.33204597e-01
-8.84706089e-02 -1.33276895e-01
-8.81010701e-02 -1.33349039e-01
-8.77312647e-02 -1.33421028e-01
-8.73611916e-02 -1.33492862e-01
-8.69908496e-02 -1.33564541e-01
-8.66202377e-02 -1.33636065e-01
-8.62493545e-02 -1.33707435e-01
-8.58781992e-02 -1.33778649e-01
-8.55067704e-02 -1.33849709e-01
-8.51350670e-02 -1.33920613e-01
-8.47630880e-02 -1.33991363e-01
-8.43908322e-02 -1.34061958e-01
-8.40182985e-02 -1.34132398e-01
-8.36454858e-02 -1.34202683e-01
-8.32723929e-02 -1.34272813e-01
-8.28990187e-02 -1.34342789e-01
-8.25253621e-02 -1.34412609e-01
-8.21514220e-02 -1.34482274e-01
-8.17771973e-02 -1.34551785e-01
-8.14026868e-02 -1.34621140e-01
-8.10278895e-02 -1.34690341e-01
-8.06528042e-02 -1.34759387e-01
-8.02774298e-02 -1.34828278e-01
-7.99017653e-02 -1.34897013e-01
-7.95258094e-02 -1.34965594e-01
-7.91495612e-02 -1.35034020e-01
-7.87730195e-02 -1.35102291e-01
-7.83961832e-02 -1.35170408e-01
-7.80190512e-02 -1.35238369e-01
-7.76416225e-02 -1.35306175e-01
-7.72638959e-02 -1.35373826e-01
-7.68858703e-02 -1.35441323e-01
-7.65075446e-02 -1.35508664e-01
-7.61289178e-02 -1.35575851e-01
-7.57499888e-02 -1.35642883e-01
-7.53707564e-02 -1.35709759e-01
-7.49912197e-02 -1.35776481e-01
-7.46113775e-02 -1.35843048e-01
-7.42312287e-02 -1.35909460e-01
-7.38507723e-02 -1.35975717e-01
-7.34700071e-02 -1.36041819e-01
-7.30889322e-02 -1.36107767e-01
-7.27075464e-02 -1.36173559e-01
-7.23258486e-02 -1.36239197e-01
-7.19438379e-02 -1.36304679e-01
-7.15615131e-02 -1.36370007e-01
-7.11788731e-02 -1.36435180e-01
-7.07959169e-02 -1.36500198e-01
-7.04126435e-02 -1.36565062e-01
-7.00290518e-02 -1.36629770e-01
-6.96451406e-02 -1.36694324e-01
-6.92609091e-02 -1.36758722e-01
-6.88763560e-02 -1.36822966e-01
-6.84914804e-02 -1.36887055e-01
-6.81062811e-02 -1.36950990e-01
-6.77207572e-02 -1.37014769e-01
-6.73349077e-02 -1.37078394e-01
-6.69487313e-02 -1.37141864e-01
-6.65622272e-02 -1.37205179e-01
-6.61753943e-02 -1.37268340e-01
-6.57882314e-02 -1.37331346e-01
-6.54007377e-02 -1.37394197e-01
-6.50129120e-02 -1.37456893e-01
-6.46247533e-02 -1.37519434e-01
-6.42362606e-02 -1.37581821e-01
-6.38474328e-02 -1.37644053e-01
-6.34582690e-02 -1.37706131e-01
-6.30687680e-02 -1.37768054e-01
-6.26789289e-02 -1.37829822e-01
-6.22887506e-02 -1.37891436e-01
-6.18982322e-02 -1.37952895e-01
-6.15073725e-02 -1.38014199e-01
-6.11161706e-02 -1.38075349e-01
-6.07246255e-02 -1.38136344e-01
-6.03327361e-02 -1.38197185e-01
-5.99405014e-02 -1.38257871e-01
-5.95479204e-02 -1.38318402e-01
-5.91549921e-02 -1.38378779e-01
-5.87617156e-02 -1.38439002e-01
-5.83680897e-02 -1.38499070e-01
-5.79741134e-02 -1.38558984e-01
-5.75797859e-02 -1.38618743e-01
-5.71851060e-02 -1.38678348e-01
-5.67900728e-02 -1.38737798e-01
-5.63946853e-02 -1.38797094e-01
-5.59989425e-02 -1.38856235e-01
-5.56028433e-02 -1.38915222e-01
-5.52063868e-02 -1.38974055e-01
-5.48095721e-02 -1.39032734e-01
-5.44123980e-02 -1.39091258e-01
-5.40148637e-02 -1.39149628e-01
-5.36169681e-02 -1.39207844e-01
-5.32187103e-02 -1.39265905e-01
-5.28200892e-02 -1.39323812e-01
-5.24211040e-02 -1.39381565e-01
-5.20217535e-02 -1.39439164e-01
-5.16220369e-02 -1.39496608e-01
-5.12219532e-02 -1.39553899e-01
-5.08215014e-02 -1.39611035e-01
-5.04206805e-02 -1.39668018e-01
-5.00194895e-02 -1.39724846e-01
-4.96179276e-02 -1.39781520e-01
-4.92159936e-02 -1.39838040e-01
-4.88136867e-02 -1.39894406e-01
-4.84110059e-02 -1.39950618e-01
-4.80079503e-02 -1.40006676e-01
-4.76045188e-02 -1.40062580e-01
-4.72007106e-02 -1.40118331e-01
-4.67965246e-02 -1.40173927e-01
-4.63919599e-02 -1.40229370e-01
-4.59870157e-02 -1.40284658e-01
-4.55816908e-02 -1.40339793e-01
-4.51759844e-02 -1.40394774e-01
-4.47698955e-02 -1.40449602e-01
-4.43634232e-02 -1.40504275e-01
-4.39565666e-02 -1.40558795e-01
-4.35493246e-02 -1.40613161e-01
-4.31416965e-02 -1.40667374e-01
-4.27336811e-02 -1.40721433e-01
-4.23252776e-02 -1.40775338e-01
-4.19164852e-02 -1.40829090e-01
-4.15073027e-02 -1.40882688e-01
-4.10977293e-02 -1.40936132e-01
-4.06877642e-02 -1.40989423e-01
-4.02774062e-02 -1.41042561e-01
-3.98666546e-02 -1.41095545e-01
-3.94555085e-02 -1.41148376e-01
-3.90439668e-02 -1.41201054e-01
-3.86320286e-02 -1.41253578e-01
-3.82196932e-02 -1.41305948e-01
-3.78069595e-02 -1.41358166e-01
-3.73938266e-02 -1.41410230e-01
-3.69802936e-02 -1.41462141e-01
-3.65663596e-02 -1.41513899e-01
-3.61520238e-02 -1.41565504e-01
-3.57372852e-02 -1.41616955e-01
-3.53221428e-02 -1.41668254e-01
-3.49065959e-02 -1.41719399e-01
-3.44906435e-02 -1.41770391e-01
-3.40742846e-02 -1.41821231e-01
-3.36575185e-02 -1.41871917e-01
-3.32403442e-02 -1.41922450e-01
-3.28227608e-02 -1.41972831e-01
-3.24047675e-02 -1.42023058e-01
-3.19863633e-02 -1.42073133e-01
-3.15675474e-02 -1.42123055e-01
-3.11483188e-02 -1.42172824e-01
-3.07286768e-02 -1.42222441e-01
-3.03086203e-02 -1.42271905e-01
-2.98881486e-02 -1.42321216e-01
-2.94672608e-02 -1.42370374e-01
-2.90459560e-02 -1.42419380e-01
-2.86242333e-02 -1.42468233e-01
-2.82020918e-02 -1.42516934e-01
-2.77795307e-02 -1.42565482e-01
-2.73565491e-02 -1.42613878e-01
-2.69331462e-02 -1.42662122e-01
-2.65093210e-02 -1.42710213e-01
-2.60850728e-02 -1.42758151e-01
-2.56604006e-02 -1.42805938e-01
-2.52353036e-02 -1.42853572e-01
-2.48097810e-02 -1.42901054e-01
-2.43838319e-02 -1.42948384e-01
-2.39574554e-02 -1.42995561e-01
-2.35306507e-02 -1.43042587e-01
-2.31034169e-02 -1.43089460e-01
-2.26757533e-02 -1.43136181e-01
-2.22476589e-02 -1.43182751e-01
-2.18191329e-02 -1.43229168e-01
-2.13901745e-02 -1.43275434e-01
-2.09607828e-02 -1.43321547e-01
-2.05309571e-02 -1.43367509e-01
-2.01006964e-02 -1.43413319e-01
-1.96699999e-02 -1.43458977e-01
-1.92388668e-02 -1.43504484e-01
-1.88072963e-02 -1.43549839e-01
-1.83752875e-02 -1.43595042e-01
-1.79428396e-02 -1.43640094e-01
-1.75099519e-02 -1.43684994e-01
-1.70766234e-02 -1.43729743e-01
-1.66428534e-02 -1.43774340e-01
-1.62086410e-02 -1.43818786e-01
-1.57739854e-02 -1.43863080e-01
-1.53388858e-02 -1.43907223e-01
-1.49033414e-02 -1.43951215e-01
-1.44673514e-02 -1.43995055e-01
-1.40309150e-02 -1.44038745e-01
-1.35940313e-02 -1.44082283e-01
-1.31566996e-02 -1.44125670e-01
-1.27189191e-02 -1.44168906e-01
-1.22806889e-02 -1.44211991e-01
-1.18420083e-02 -1.44254925e-01
-1.14028764e-02 -1.44297708e-01
-1.09632925e-02 -1.44340340e-01
-1.05232558e-02 -1.44382821e-01
-1.00827655e-02 -1.44425152e-01
-9.64182082e-03 -1.44467332e-01
-9.20042091e-03 -1.44509361e-01
-8.75856502e-03 -1.44551239e-01
-8.31625238e-03 -1.44592967e-01
-7.87348220e-03 -1.44634545e-01
-7.43025370e-03 -1.44675971e-01
-6.98656610e-03 -1.44717248e-01
-6.54241863e-03 -1.44758374e-01
-6.09781051e-03 -1.44799349e-01
-5.65274097e-03 -1.44840174e-01
-5.20720924e-03 -1.44880849e-01
-4.76121456e-03 -1.44921374e-01
-4.31475615e-03 -1.44961749e-01
-3.86783325e-03 -1.45001973e-01
-3.42044511e-03 -1.45042047e-01
-2.97259095e-03 -1.45081972e-01
-2.52427003e-03 -1.45121746e-01
-2.07548158e-03 -1.45161371e-01
-1.62622485e-03 -1.45200845e-01
-1.17649909e-03 -1.45240170e-01
-7.26303546e-04 -1.45279345e-01
-2.75637469e-04 -1.45318370e-01
1.75499888e-04 -1.45357246e-01
6.27109269e-04 -1.45395972e-01
1.07919142e-03 -1.45434548e-01
1.53174707e-03 -1.45472975e-01
1.98477698e-03 -1.45511252e-01
2.43828187e-03 -1.45549380e-01
2.89226248e-03 -1.45587359e-01
3.34671954e-03 -1.45625188e-01
3.80165379e-03 -1.45662868e-01
4.25706596e-03 -1.45700399e-01
4.71295677e-03 -1.45737781e-01
5.16932694e-03 -1.45775014e-01
5.62617721e-03 -1.45812097e-01
6.08350830e-03 -1.45849032e-01
6.54132092e-03 -1.45885818e-01
6.99961579e-03 -1.45922454e-01
7.45839362e-03 -1.45958942e-01
7.91765515e-03 -1.45995282e-01
8.37740106e-03 -1.46031472e-01
8.83763208e-03 -1.46067514e-01
9.29834892e-03 -1.46103407e-01
9.75955227e-03 -1.46139152e-01
1.02212429e-02 -1.46174748e-01
1.06834214e-02 -1.46210196e-01
1.11460885e-02 -1.46245495e-01
1.16092450e-02 -1.46280646e-01
1.20728914e-02 -1.46315649e-01
1.25370286e-02 -1.46350504e-01
1.30016572e-02 -1.46385210e-01
1.34667780e-02 -1.46419769e-01
1.39323915e-02 -1.46454179e-01
1.43984984e-02 -1.46488441e-01
1.48650996e-02 -1.46522556e-01
1.53321956e-02 -1.46556522e-01
1.57997871e-02 -1.46590341e-01
1.62678748e-02 -1.46624012e-01
1.67364594e-02 -1.46657535e-01
1.72055416e-02 -1.46690911e-01
1.76751220e-02 -1.46724139e-01
1.81452013e-02 -1.46757220e-01
1.86157802e-02 -1.46790153e-01
1.90868593e-02 -1.46822939e-01
1.95584393e-02 -1.46855577e-01
2.00305209e-02 -1.46888068e-01
2.05031047e-02 -1.46920412e-01
2.09761915e-02 -1.46952609e-01
2.14497817e-02 -1.46984659e-01
2.19238762e-02 -1.47016561e-01
2.23984756e-02 -1.47048317e-01
2.28735804e-02 -1.47079926e-01
2.33491914e-02 -1.47111388e-01
2.38253092e-02 -1.47142703e-01
2.43019345e-02 -1.47173871e-01
2.47790679e-02 -1.47204893e-01
2.52567100e-02 -1.47235768e-01
2.57348615e-02 -1.47266497e-01
2.62135231e-02 -1.47297079e-01
2.66926952e-02 -1.47327515e-01
2.71723787e-02 -1.47357804e-01
2.76525741e-02 -1.47387948e-01
2.81332821e-02 -1.47417944e-01
2.86145032e-02 -1.47447795e-01
2.90962382e-02 -1.47477500e-01
2.95784876e-02 -1.47507059e-01
3.00612520e-02 -1.47536471e-01
3.05445322e-02 -1.47565738e-01
3.10283286e-02 -1.47594859e-01
3.15126420e-02 -1.47623834e-01
3.19974728e-02 -1.47652664e-01
3.24828219e-02 -1.47681347e-01
3.29686896e-02 -1.47709886e-01
3.34550768e-02 -1.47738278e-01
3.39419839e-02 -1.47766526e-01
3.44294116e-02 -1.47794628e-01
3.49173604e-02 -1.47822584e-01
3.54058311e-02 -1.47850396e-01
3.58948241e-02 -1.47878062e-01
3.63843401e-02 -1.47905583e-01
3.68743797e-02 -1.47932959e-01
3.73649434e-02 -1.47960190e-01
3.78560319e-02 -1.47987276e-01
3.83476458e-02 -1.48014217e-01
3.88397855e-02 -1.48041014e-01
3.93324518e-02 -1.48067666e-01
3.98256453e-02 -1.48094173e-01
4.03193663e-02 -1.48120535e-01
4.08136157e-02 -1.48146753e-01
4.13083939e-02 -1.48172827e-01
4.18037015e-02 -1.48198756e-01
4.22995391e-02 -1.48224541e-01
4.27959073e-02 -1.48250182e-01
4.32928066e-02 -1.48275678e-01
4.37902376e-02 -1.48301031e-01
4.42882009e-02 -1.48326239e-01
4.47866970e-02 -1.48351304e-01
4.52857265e-02 -1.48376224e-01
4.57852900e-02 -1.48401001e-01
4.62853880e-02 -1.48425634e-01
4.67860210e-02 -1.48450124e-01
4.72871897e-02 -1.48474469e-01
4.77888945e-02 -1.48498672e-01
4.82911361e-02 -1.48522730e-01
4.87939149e-02 -1.48546646e-01
4.92972316e-02 -1.48570418e-01
4.98010866e-02 -1.48594047e-01
5.03054805e-02 -1.48617532e-01
5.08104139e-02 -1.48640875e-01
5.13158873e-02 -1.48664074e-01
5.18219012e-02 -1.48687131e-01
5.23284561e-02 -1.48710044e-01
5.28355527e-02 -1.48732815e-01
5.33431913e-02 -1.48755443e-01
5.38513726e-02 -1.48777928e-01
5.43600971e-02 -1.48800271e-01
5.48693653e-02 -1.48822471e-01
5.53791777e-02 -1.48844529e-01
5.58895349e-02 -1.48866445e-01
5.64004373e-02 -1.48888218e-01
5.69118855e-02 -1.48909849e-01
5.74238800e-02 -1.48931337e-01
5.79364213e-02 -1.48952684e-01
5.84495099e-02 -1.48973889e-01
5.89631463e-02 -1.48994951e-01
5.94773311e-02 -1.49015872e-01
5.99920647e-02 -1.49036651e-01
6.05073477e-02 -1.49057288e-01
6.10231805e-02 -1.49077784e-01
6.15395636e-02 -1.49098138e-01
6.20564976e-02 -1.49118351e-01
6.25739830e-02 -1.49138422e-01
6.30920201e-02 -1.49158352e-01
6.36106096e-02 -1.49178140e-01
6.41297519e-02 -1.49197788e-01
6.46494474e-02 -1.49217294e-01
6.51696968e-02 -1.49236659e-01
6.56905004e-02 -1.49255884e-01
6.62118588e-02 -1.49274967e-01
6.67337724e-02 -1.49293910e-01
6.72562417e-02 -1.49312712e-01
6.77792672e-02 -1.49331373e-01
6.83028494e-02 -1.49349894e-01
6.88269886e-02 -1.49368274e-01
6.93516855e-02 -1.49386513e-01
6.98769404e-02 -1.49404613e-01
7.04027539e-02 -1.49422572e-01
7.09291263e-02 -1.49440391e-01
7.14560582e-02 -1.49458070e-01
7.19835500e-02 -1.49475609e-01
7.25116022e-02 -1.49493008e-01
7.30402152e-02 -1.49510267e-01
7.35693895e-02 -1.49527386e-01
7.40991255e-02 -1.49544365e-01
7.46294237e-02 -1.49561205e-01
7.51602845e-02 -1.49577906e-01
7.56917084e-02 -1.49594466e-01
7.62236958e-02 -1.49610888e-01
7.67562472e-02 -1.49627170e-01
7.72893630e-02 -1.49643313e-01
7.78230437e-02 -1.49659317e-01
7.83572896e-02 -1.49675181e-01
7.88921012e-02 -1.49690907e-01
7.94274790e-02 -1.49706494e-01
7.99634233e-02 -1.49721942e-01
8.04999346e-02 -1.49737251e-01
8.10370134e-02 -1.49752421e-01
8.15746600e-02 -1.49767453e-01
8.21128749e-02 -1.49782346e-01
8.26516585e-02 -1.49797101e-01
8.31910112e-02 -1.49811718e-01
8.37309334e-02 -1.49826196e-01
8.42714256e-02 -1.49840536e-01
8.48124881e-02 -1.49854738e-01
8.53541214e-02 -1.49868802e-01
8.58963259e-02 -1.49882728e-01
8.64391019e-02 -1.49896517e-01
8.69824500e-02 -1.49910167e-01
8.75263704e-02 -1.49923680e-01
8.80708636e-02 -1.49937055e-01
8.86159300e-02 -1.49950292e-01
8.91615700e-02 -1.49963393e-01
8.97077840e-02 -1.49976355e-01
9.02545724e-02 -1.49989181e-01
9.08019355e-02 -1.50001869e-01
9.13498737e-02 -1.50014420e-01
9.18983875e-02 -1.50026834e-01
9.24474773e-02 -1.50039112e-01
9.29971433e-02 -1.50051252e-01
9.35473860e-02 -1.50063256e-01
9.40982058e-02 -1.50075122e-01
9.46496031e-02 -1.50086853e-01
9.52015781e-02 -1.50098446e-01
9.57541314e-02 -1.50109904e-01
9.63072632e-02 -1.50121225e-01
9.68609739e-02 -1.50132409e-01
9.74152639e-02 -1.50143458e-01
9.79701336e-02 -1.50154370e-01
9.85255834e-02 -1.50165147e-01
9.90816135e-02 -1.50175787e-01
9.96382244e-02 -1.50186292e-01
1.00195416e-01 -1.50196661e-01
1.00753190e-01 -1.50206894e-01
1.01311545e-01 -1.50216991e-01
1.01870482e-01 -1.50226953e-01
1.02430002e-01 -1.50236780e-01
1.02990105e-01 -1.50246471e-01
1.03550791e-01 -1.50256028e-01
1.04112061e-01 -1.50265448e-01
1.04673914e-01 -1.50274734e-01
1.05236352e-01 -1.50283885e-01
1.05799374e-01 -1.50292901e-01
1.06362981e-01 -1.50301782e-01
1.06927174e-01 -1.50310529e-01
1.07491952e-01 -1.50319141e-01
1.08057316e-01 -1.50327618e-01
1.08623266e-01 -1.50335961e-01
1.09189802e-01 -1.50344169e-01
1.09756926e-01 -1.50352244e-01
1.10324637e-01 -1.50360184e-01
1.10892935e-01 -1.50367989e-01
1.11461821e-01 -1.50375661e-01
1.12031295e-01 -1.50383199e-01
1.12601358e-01 -1.50390603e-01
1.13172010e-01 -1.50397874e-01
1.13743250e-01 -1.50405010e-01
1.14315080e-01 -1.50412014e-01
1.14887500e-01 -1.50418883e-01
1.15460510e-01 -1.50425619e-01
1.16034110e-01 -1.50432222e-01
1.16608300e-01 -1.50438692e-01
1.17183082e-01 -1.50445029e-01
1.17758455e-01 -1.50451232e-01
1.18334419e-01 -1.50457303e-01
1.18910975e-01 -1.50463240e-01
1.19488123e-01 -1.50469045e-01
1.20065864e-01 -1.50474718e-01
1.20644197e-01 -1.50480257e-01
1.21223123e-01 -1.50485665e-01
1.21802642e-01 -1.50490939e-01
1.22382755e-01 -1.50496082e-01
1.22963462e-01 -1.50501092e-01
1.23544762e-01 -1.50505970e-01
1.24126657e-01 -1.50510716e-01
1.24709147e-01 -1.50515330e-01
1.25292232e-01 -1.50519813e-01
1.25875911e-01 -1.50524163e-01
1.26460186e-01 -1.50528382e-01
1.27045057e-01 -1.50532469e-01
1.27630524e-01 -1.50536425e-01
1.28216587e-01 -1.50540249e-01
1.28803246e-01 -1.50543942e-01
1.29390502e-01 -1.50547504e-01
1.29978355e-01 -1.50550934e-01
1.30566806e-01 -1.50554234e-01
1.31155854e-01 -1.50557403e-01
1.31745499e-01 -1.50560440e-01
1.32335743e-01 -1.50563347e-01
1.32926584e-01 -1.50566124e-01
1.33518025e-01 -1.50568770e-01
1.34110064e-01 -1.50571285e-01
1.34702701e-01 -1.50573670e-01
1.35295939e-01 -1.50575924e-01
1.35889775e-01 -1.50578049e-01
1.36484211e-01 -1.50580043e-01
1.37079247e-01 -1.50581907e-01
1.37674883e-01 -1.50583642e-01
1.38271120e-01 -1.50585246e-01
1.38867957e-01 -1.50586721e-01
1.39465395e-01 -1.50588066e-01
1.40063434e-01 -1.50589282e-01
1.40662074e-01 -1.50590368e-01
1.41261315e-01 -1.50591325e-01
1.41861158e-01 -1.50592152e-01
1.42461604e-01 -1.50592851e-01
1.43062651e-01 -1.50593420e-01
1.43664300e-01 -1.50593860e-01
1.44266552e-01 -1.50594172e-01
1.44869407e-01 -1.50594354e-01
1.45472865e-01 -1.50594408e-01
1.46076926e-01 -1.50594334e-01
1.46681590e-01 -1.50594130e-01
1.47286857e-01 -1.50593799e-01
1.47892729e-01 -1.50593339e-01
1.48499204e-01 -1.50592751e-01
1.49106283e-01 -1.50592034e-01
1.49713967e-01 -1.50591190e-01
1.50322255e-01 -1.50590218e-01
1.50931148e-01 -1.50589118e-01
1.51540646e-01 -1.50587890e-01
1.52150749e-01 -1.50586535e-01
1.52761457e-01 -1.50585052e-01
1.53372770e-01 -1.50583441e-01
1.53984689e-01 -1.50581703e-01
1.54597214e-01 -1.50579838e-01
1.55210345e-01 -1.50577846e-01
1.55824081e-01 -1.50575727e-01
1.56438424e-01 -1.50573480e-01
1.57053374e-01 -1.50571107e-01
1.57668930e-01 -1.50568607e-01
1.58285093e-01 -1.50565980e-01
1.58901863e-01 -1.50563227e-01
1.59519240e-01 -1.50560347e-01
1.60137224e-01 -1.50557341e-01
1.60755815e-01 -1.50554209e-01
1.61375014e-01 -1.50550950e-01
1.61994821e-01 -1.50547566e-01
1.62615236e-01 -1.50544055e-01
1.63236258e-01 -1.50540418e-01
1.63857889e-01 -1.50536656e-01
1.64480128e-01 -1.50532768e-01
1.65102976e-01 -1.50528754e-01
1.65726432e-01 -1.50524615e-01
1.66350497e-01 -1.50520350e-01
1.66975170e-01 -1.50515960e-01
1.67600453e-01 -1.50511445e-01
1.68226345e-01 -1.50506805e-01
1.68852846e-01 -1.50502039e-01
1.69479956e-01 -1.50497149e-01
1.70107676e-01 -1.50492134e-01
1.70736006e-01 -1.50486994e-01
1.71364945e-01 -1.50481730e-01
1.71994494e-01 -1.50476341e-01
1.72624653e-01 -1.50470828e-01
1.73255423e-01 -1.50465190e-01
1.73886802e-01 -1.50459428e-01
1.74518792e-01 -1.50453542e-01
1.75151392e-01 -1.50447532e-01
1.75784603e-01 -1.50441398e-01
1.76418425e-01 -1.50435140e-01
1.77052857e-01 -1.50428758e-01
1.77687900e-01 -1.50422253e-01
1.78323554e-01 -1.50415625e-01
1.78959819e-01 -1.50408872e-01
1.79596696e-01 -1.50401997e-01
1.80234183e-01 -1.50394998e-01
1.80872282e-01 -1.50387876e-01
1.81510993e-01 -1.50380631e-01
1.82150315e-01 -1.50373264e-01
1.82790248e-01 -1.50365773e-01
1.83430794e-01 -1.50358160e-01
1.84071951e-01 -1.50350424e-01
1.84713720e-01 -1.50342565e-01
1.85356101e-01 -1.50334584e-01
1.85999094e-01 -1.50326481e-01
1.86642699e-01 -1.50318255e-01
1.87286916e-01 -1.50309908e-01
1.87931746e-01 -1.50301438e-01
1.88577188e-01 -1.50292847e-01
1.89223242e-01 -1.50284133e-01
1.89869909e-01 -1.50275298e-01
1.90517188e-01 -1.50266341e-01
1.91165080e-01 -1.50257263e-01
1.91813585e-01 -1.50248064e-01
1.92462702e-01 -1.50238743e-01
1.93112432e-01 -1.50229300e-01
1.93762775e-01 -1.50219737e-01
1.94413731e-01 -1.50210053e-01
1.95065300e-01 -1.50200248e-01
1.95717482e-01 -1.50190322e-01
1.96370276e-01 -1.50180275e-01
1.97023684e-01 -1.50170108e-01
1.97677705e-01 -1.50159820e-01
1.98332339e-01 -1.50149412e-01
1.98987587e-01 -1.50138883e-01
1.99643447e-01 -1.50128235e-01
2.00299921e-01 -1.50117466e-01
2.00957009e-01 -1.50106577e-01
2.01614709e-01 -1.50095569e-01
2.02273023e-01 -1.50084440e-01
2.02931951e-01 -1.50073192e-01
2.03591491e-01 -1.50061825e-01
2.04251646e-01 -1.50050338e-01
2.04912413e-01 -1.50038731e-01
2.05573795e-01 -1.50027006e-01
2.06235789e-01 -1.50015161e-01
2.06898398e-01 -1.50003197e-01
2.07561620e-01 -1.49991114e-01
2.08225455e-01 -1.49978912e-01
2.08889904e-01 -1.49966592e-01
2.09554967e-01 -1.49954153e-01
2.10220643e-01 -1.49941595e-01
2.10886933e-01 -1.49928919e-01
2.11553836e-01 -1.49916125e-01
2.12221353e-01 -1.49903212e-01
2.12889484e-01 -1.49890181e-01
2.13558228e-01 -1.49877032e-01
2.14227586e-01 -1.49863766e-01
2.14897557e-01 -1.49850381e-01
2.15568142e-01 -1.49836879e-01
2.16239341e-01 -1.49823259e-01
2.16911153e-01 -1.49809522e-01
2.17583579e-01 -1.49795667e-01
2.18256618e-01 -1.49781695e-01
2.18930271e-01 -1.49767606e-01
2.19604537e-01 -1.49753400e-01
2.20279417e-01 -1.49739077e-01
2.20954911e-01 -1.49724637e-01
2.21631017e-01 -1.49710080e-01
2.22307737e-01 -1.49695407e-01
2.22985071e-01 -1.49680616e-01
2.23663018e-01 -1.49665710e-01
2.24341578e-01 -1.49650687e-01
2.25020752e-01 -1.49635548e-01
2.25700538e-01 -1.49620293e-01
2.26380938e-01 -1.49604922e-01
2.27061951e-01 -1.49589435e-01
2.27743578e-01 -1.49573832e-01
2.28425817e-01 -1.49558113e-01
2.29108669e-01 -1.49542279e-01
2.29792135e-01 -1.49526329e-01
2.30476213e-01 -1.49510264e-01
2.31160904e-01 -1.49494083e-01
2.31846208e-01 -1.49477788e-01
2.32532125e-01 -1.49461377e-01
2.33218655e-01 -1.49444851e-01
2.33905797e-01 -1.49428211e-01
2.34593552e-01 -1.49411455e-01
2.35281919e-01 -1.49394585e-01
2.35970899e-01 -1.49377601e-01
2.36660492e-01 -1.49360502e-01
2.37350696e-01 -1.49343289e-01
2.38041513e-01 -1.49325961e-01
2.38732943e-01 -1.49308520e-01
2.39424984e-01 -1.49290964e-01
2.40117637e-01 -1.49273294e-01
2.40810903e-01 -1.49255511e-01
2.41504780e-01 -1.49237614e-01
2.42199269e-01 -1.49219603e-01
2.42894370e-01 -1.49201479e-01
2.43590083e-01 -1.49183242e-01
2.44286407e-01 -1.49164891e-01
2.44983342e-01 -1.49146427e-01
2.45680889e-01 -1.49127850e-01
2.46379048e-01 -1.49109160e-01
2.47077817e-01 -1.49090357e-01
2.47777198e-01 -1.49071442e-01
2.48477189e-01 -1.49052414e-01
2.49177792e-01 -1.49033273e-01
2.49879005e-01 -1.49014020e-01
2.50580829e-01 -1.48994655e-01
2.51283264e-01 -1.48975177e-01
2.51986309e-01 -1.48955588e-01
2.52689965e-01 -1.48935886e-01
2.53394231e-01 -1.48916073e-01
2.54099107e-01 -1.48896147e-01
2.54804593e-01 -1.48876110e-01
2.55510689e-01 -1.48855962e-01
2.56217395e-01 -1.48835702e-01
2.56924710e-01 -1.48815331e-01
2.57632635e-01 -1.48794848e-01
2.58341170e-01 -1.48774255e-01
2.59050314e-01 -1.48753550e-01
2.59760067e-01 -1.48732735e-01
2.60470429e-01 -1.48711808e-01
2.61181400e-01 -1.48690771e-01
2.61892980e-01 -1.48669624e-01
2.62605169e-01 -1.48648366e-01
2.63317966e-01 -1.48626998e-01
2.64031371e-01 -1.48605519e-01
2.64745385e-01 -1.48583930e-01
2.65460007e-01 -1.48562231e-01
2.66175237e-01 -1.48540422e-01
2.66891075e-01 -1.48518504e-01
2.67607520e-01 -1.48496476e-01
2.68324573e-01 -1.48474338e-01
2.69042233e-01 -1.48452090e-01
2.69760501e-01 -1.48429734e-01
2.70479375e-01 -1.48407268e-01
2.71198857e-01 -1.48384692e-01
2.71918945e-01 -1.48362008e-01
2.72639640e-01 -1.48339215e-01
2.73360941e-01 -1.48316313e-01
2.74082849e-01 -1.48293302e-01
2.74805362e-01 -1.48270183e-01
2.75528482e-01 -1.48246955e-01
2.76252207e-01 -1.48223618e-01
2.76976538e-01 -1.48200174e-01
2.77701475e-01 -1.48176621e-01
2.78427016e-01 -1.48152960e-01
2.79153163e-01 -1.48129191e-01
2.79879914e-01 -1.48105314e-01
2.80607271e-01 -1.48081330e-01
2.81335231e-01 -1.48057238e-01
2.82063797e-01 -1.48033038e-01
2.82792966e-01 -1.48008731e-01
2.83522739e-01 -1.47984316e-01
2.84253116e-01 -1.47959795e-01
2.84984097e-01 -1.47935166e-01
2.85715681e-01 -1.47910430e-01
2.86447868e-01 -1.47885588e-01
2.87180658e-01 -1.47860639e-01
2.87914051e-01 -1.47835583e-01
2.88648047e-01 -1.47810420e-01
2.89382645e-01 -1.47785151e-01
2.90117845e-01 -1.47759776e-01
2.90853647e-01 -1.47734294e-01
2.91590051e-01 -1.47708707e-01
2.92327056e-01 -1.47683013e-01
2.93064663e-01 -1.47657214e-01
2.93802871e-01 -1.47631308e-01
2.94541680e-01 -1.47605297e-01
2.95281090e-01 -1.47579181e-01
2.96021100e-01 -1.47552959e-01
2.96761711e-01 -1.47526632e-01
2.97502921e-01 -1.47500199e-01
2.98244731e-01 -1.47473662e-01
2.98987141e-01 -1.47447019e-01
2.99730151e-01 -1.47420271e-01
3.00473759e-01 -1.47393419e-01
3.01217966e-01 -1.47366462e-01
3.01962772e-01 -1.47339401e-01
3.02708177e-01 -1.47312235e-01
3.03454180e-01 -1.47284964e-01
3.04200780e-01 -1.47257590e-01
3.04947979e-01 -1.47230111e-01
3.05695775e-01 -1.47202528e-01
3.06444168e-01 -1.47174842e-01
3.07193158e-01 -1.47147051e-01
3.07942745e-01 -1.47119157e-01
3.08692928e-01 -1.47091160e-01
3.09443708e-01 -1.47063059e-01
3.10195083e-01 -1.47034854e-01
3.10947055e-01 -1.47006546e-01
3.11699621e-01 -1.46978136e-01
3.12452784e-01 -1.46949622e-01
3.13206541e-01 -1.46921005e-01
3.13960892e-01 -1.46892286e-01
3.14715839e-01 -1.46863463e-01
3.15471379e-01 -1.46834539e-01
3.16227513e-01 -1.46805511e-01
3.16984241e-01 -1.46776382e-01
3.17741562e-01 -1.46747150e-01
3.18499477e-01 -1.46717816e-01
3.19257984e-01 -1.46688380e-01
3.20017084e-01 -1.46658842e-01
3.20776776e-01 -1.46629203e-01
3.21537060e-01 -1.46599461e-01
3.22297936e-01 -1.46569618e-01
3.23059403e-01 -1.46539674e-01
3.23821461e-01 -1.46509628e-01
3.24584110e-01 -1.46479481e-01
3.25347350e-01 -1.46449233e-01
3.26111180e-01 -1.46418884e-01
3.26875600e-01 -1.46388434e-01
3.27640610e-01 -1.46357883e-01
3.28406209e-01 -1.46327232e-01
3.29172397e-01 -1.46296480e-01
3.29939174e-01 -1.46265627e-01
3.30706539e-01 -1.46234674e-01
3.31474493e-01 -1.46203621e-01
3.32243035e-01 -1.46172468e-01
3.33012164e-01 -1.46141215e-01
3.33781880e-01 -1.46109862e-01
3.34552183e-01 -1.46078409e-01
3.35323074e-01 -1.46046856e-01
3.36094550e-01 -1.46015204e-01
3.36866612e-01 -1.45983452e-01
3.37639260e-01 -1.45951601e-01
3.38412494e-01 -1.45919651e-01
3.39186313e-01 -1.45887602e-01
3.39960716e-01 -1.45855453e-01
3.40735704e-01 -1.45823206e-01
3.41511276e-01 -1.45790860e-01
3.42287431e-01 -1.45758416e-01
3.43064170e-01 -1.45725872e-01
3.43841493e-01 -1.45693231e-01
3.44619398e-01 -1.45660491e-01
3.45397885e-01 -1.45627652e-01
3.46176955e-01 -1.45594716e-01
3.46956606e-01 -1.45561682e-01
3.47736839e-01 -1.45528549e-01
3.48517653e-01 -1.45495319e-01
3.49299047e-01 -1.45461992e-01
3.50081022e-01 -1.45428566e-01
3.50863578e-01 -1.45395044e-01
3.51646712e-01 -1.45361424e-01
3.52430427e-01 -1.45327707e-01
3.53214720e-01 -1.45293892e-01
3.53999592e-01 -1.45259981e-01
3.54785042e-01 -1.45225973e-01
3.55571070e-01 -1.45191868e-01
3.56357676e-01 -1.45157666e-01
3.57144859e-01 -1.45123368e-01
3.57932619e-01 -1.45088973e-01
3.58720955e-01 -1.45054482e-01
3.59509867e-01 -1.45019895e-01
3.60299356e-01 -1.44985212e-01
3.61089419e-01 -1.44950433e-01
3.61880058e-01 -1.44915558e-01
3.62671272e-01 -1.44880587e-01
3.63463059e-01 -1.44845520e-01
3.64255421e-01 -1.44810358e-01
3.65048356e-01 -1.44775101e-01
3.65841864e-01 -1.44739748e-01
3.66635945e-01 -1.44704300e-01
3.67430599e-01 -1.44668757e-01
3.68225824e-01 -1.44633119e-01
3.69021621e-01 -1.44597386e-01
3.69817990e-01 -1.44561559e-01
3.70614929e-01 -1.44525636e-01
3.71412438e-01 -1.44489620e-01
3.72210518e-01 -1.44453508e-01
3.73009168e-01 -1.44417303e-01
3.73808386e-01 -1.44381003e-01
3.74608174e-01 -1.44344609e-01
3.75408530e-01 -1.44308122e-01
3.76209454e-01 -1.44271540e-01
3.77010946e-01 -1.44234865e-01
3.77813005e-01 -1.44198096e-01
3.78615631e-01 -1.44161233e-01
3.79418823e-01 -1.44124278e-01
3.80222581e-01 -1.44087229e-01
3.81026906e-01 -1.44050086e-01
3.81831795e-01 -1.44012851e-01
3.82637249e-01 -1.43975523e-01
3.83443267e-01 -1.43938101e-01
3.84249850e-01 -1.43900588e-01
3.85056996e-01 -1.43862981e-01
3.85864705e-01 -1.43825282e-01
3.86672977e-01 -1.43787491e-01
3.87481811e-01 -1.43749607e-01
3.88291207e-01 -1.43711631e-01
3.89101164e-01 -1.43673563e-01
3.89911683e-01 -1.43635404e-01
3.90722762e-01 -1.43597152e-01
3.91534401e-01 -1.43558809e-01
3.92346600e-01 -1.43520374e-01
3.93159358e-01 -1.43481847e-01
3.93972675e-01 -1.43443230e-01
3.94786550e-01 -1.43404521e-01
3.95600984e-01 -1.43365720e-01
3.96415974e-01 -1.43326829e-01
3.97231522e-01 -1.43287847e-01
3.98047627e-01 -1.43248774e-01
3.98864287e-01 -1.43209610e-01
3.99681504e-01 -1.43170356e-01
4.00499275e-01 -1.43131011e-01
4.01317602e-01 -1.43091576e-01
4.02136482e-01 -1.43052051e-01
4.02955917e-01 -1.43012436e-01
4.03775905e-01 -1.42972730e-01
4.04596446e-01 -1.42932935e-01
4.05417540e-01 -1.42893050e-01
4.06239186e-01 -1.42853075e-01
4.07061383e-01 -1.42813010e-01
4.07884131e-01 -1.42772856e-01
4.08707430e-01 -1.42732613e-01
4.09531279e-01 -1.42692281e-01
4.10355678e-01 -1.42651859e-01
4.11180627e-01 -1.42611349e-01
4.12006124e-01 -1.42570749e-01
4.12832169e-01 -1.42530061e-01
4.13658762e-01 -1.42489284e-01
4.14485902e-01 -1.42448418e-01
4.15313589e-01 -1.42407464e-01
4.16141823e-01 -1.42366422e-01
4.16970603e-01 -1.42325292e-01
4.17799928e-01 -1.42284073e-01
4.18629797e-01 -1.42242766e-01
4.19460212e-01 -1.42201372e-01
4.20291170e-01 -1.42159890e-01
4.21122671e-01 -1.42118320e-01
4.21954716e-01 -1.42076662e-01
4.22787303e-01 -1.42034917e-01
4.23620432e-01 -1.41993085e-01
4.24454102e-01 -1.41951166e-01
4.25288314e-01 -1.41909159e-01
4.26123065e-01 -1.41867066e-01
4.26958357e-01 -1.41824886e-01
4.27794188e-01 -1.41782618e-01
4.28630559e-01 -1.41740265e-01
4.29467467e-01 -1.41697824e-01
4.30304914e-01 -1.41655298e-01
4.31142897e-01 -1.41612685e-01
4.31981418e-01 -1.41569986e-01
4.32820475e-01 -1.41527200e-01
4.33660068e-01 -1.41484329e-01
4.34500197e-01 -1.41441372e-01
4.35340860e-01 -1.41398329e-01
4.36182057e-01 -1.41355201e-01
4.37023788e-01 -1.41311987e-01
4.37866053e-01 -1.41268687e-01
4.38708850e-01 -1.41225303e-01
4.39552179e-01 -1.41181833e-01
4.40396040e-01 -1.41138278e-01
4.41240433e-01 -1.41094638e-01
4.42085355e-01 -1.41050913e-01
4.42930808e-01 -1.41007104e-01
4.43776791e-01 -1.40963210e-01
4.44623302e-01 -1.40919231e-01
4.45470342e-01 -1.40875168e-01
4.46317909e-01 -1.40831021e-01
4.47166004e-01 -1.40786790e-01
4.48014626e-01 -1.40742474e-01
4.48863774e-01 -1.40698075e-01
4.49713448e-01 -1.40653592e-01
4.50563647e-01 -1.40609025e-01
4.51414371e-01 -1.40564374e-01
4.52265619e-01 -1.40519640e-01
4.53117390e-01 -1.40474823e-01
4.53969684e-01 -1.40429922e-01
4.54822501e-01 -1.40384938e-01
4.55675839e-01 -1.40339872e-01
4.56529699e-01 -1.40294722e-01
4.57384080e-01 -1.40249489e-01
4.58238980e-01 -1.40204174e-01
4.59094401e-01 -1.40158776e-01
4.59950340e-01 -1.40113296e-01
4.60806798e-01 -1.40067733e-01
4.61663773e-01 -1.40022088e-01
4.62521266e-01 -1.39976361e-01
4.63379276e-01 -1.39930551e-01
4.64237802e-01 -1.39884660e-01
4.65096844e-01 -1.39838687e-01
4.65956400e-01 -1.39792633e-01
4.66816471e-01 -1.39746497e-01
4.67677056e-01 -1.39700279e-01
4.68538154e-01 -1.39653980e-01
4.69399765e-01 -1.39607600e-01
4.70261888e-01 -1.39561138e-01
4.71124523e-01 -1.39514596e-01
4.71987668e-01 -1.39467973e-01
4.72851324e-01 -1.39421268e-01
4.73715490e-01 -1.39374484e-01
4.74580164e-01 -1.39327618e-01
4.75445348e-01 -1.39280672e-01
4.76311039e-01 -1.39233646e-01
4.77177238e-01 -1.39186540e-01
4.78043943e-01 -1.39139353e-01
4.78911155e-01 -1.39092087e-01
4.79778872e-01 -1.39044740e-01
4.80647094e-01 -1.38997314e-01
4.81515821e-01 -1.38949808e-01
4.82385051e-01 -1.38902223e-01
4.83254784e-01 -1.38854558e-01
4.84125020e-01 -1.38806813e-01
4.84995758e-01 -1.38758990e-01
4.85866998e-01 -1.38711087e-01
4.86738737e-01 -1.38663106e-01
4.87610978e-01 -1.38615045e-01
4.88483717e-01 -1.38566906e-01
4.89356955e-01 -1.38518688e-01
4.90230692e-01 -1.38470391e-01
4.91104926e-01 -1.38422016e-01
4.91979657e-01 -1.38373563e-01
4.92854885e-01 -1.38325032e-01
4.93730608e-01 -1.38276422e-01
4.94606827e-01 -1.38227734e-01
4.95483539e-01 -1.38178969e-01
4.96360746e-01 -1.38130126e-01
4.97238446e-01 -1.38081205e-01
4.98116639e-01 -1.38032206e-01
4.98995323e-01 -1.37983130e-01
4.99874499e-01 -1.37933977e-01
5.00754165e-01 -1.37884746e-01
5.01634322e-01 -1.37835439e-01
5.02514967e-01 -1.37786054e-01
5.03396102e-01 -1.37736593e-01
5.04277725e-01 -1.37687055e-01
5.05159835e-01 -1.37637440e-01
5.06042432e-01 -1.37587748e-01
5.06925515e-01 -1.37537980e-01
5.07809083e-01 -1.37488136e-01
5.08693137e-01 -1.37438216e-01
5.09577674e-01 -1.37388219e-01
5.10462695e-01 -1.37338147e-01
5.11348199e-01 -1.37287998e-01
5.12234186e-01 -1.37237774e-01
5.13120653e-01 -1.37187474e-01
5.14007602e-01 -1.37137099e-01
5.14895031e-01 -1.37086648e-01
5.15782940e-01 -1.37036122e-01
5.16671327e-01 -1.36985521e-01
5.17560193e-01 -1.36934844e-01
5.18449536e-01 -1.36884093e-01
5.19339356e-01 -1.36833267e-01
5.20229652e-01 -1.36782365e-01
5.21120424e-01 -1.36731390e-01
5.22011671e-01 -1.36680339e-01
5.22903392e-01 -1.36629215e-01
5.23795587e-01 -1.36578016e-01
5.24688254e-01 -1.36526742e-01
5.25581394e-01 -1.36475395e-01
5.26475005e-01 -1.36423974e-01
5.27369087e-01 -1.36372479e-01
5.28263639e-01 -1.36320910e-01
5.29158660e-01 -1.36269267e-01
5.30054150e-01 -1.36217551e-01
5.30950109e-01 -1.36165761e-01
5.31846534e-01 -1.36113898e-01
5.32743426e-01 -1.36061962e-01
5.33640785e-01 -1.36009953e-01
5.34538608e-01 -1.35957871e-01
5.35436896e-01 -1.35905715e-01
5.36335648e-01 -1.35853487e-01
5.37234864e-01 -1.35801187e-01
5.38134541e-01 -1.35748814e-01
5.39034681e-01 -1.35696368e-01
5.39935281e-01 -1.35643850e-01
5.40836342e-01 -1.35591260e-01
5.41737863e-01 -1.35538598e-01
5.42639843e-01 -1.35485864e-01
5.43542280e-01 -1.35433058e-01
5.44445176e-01 -1.35380180e-01
5.45348528e-01 -1.35327230e-01
5.46252336e-01 -1.35274209e-01
5.47156600e-01 -1.35221116e-01
5.48061318e-01 -1.35167953e-01
5.48966491e-01 -1.35114717e-01
5.49872117e-01 -1.35061411e-01
5.50778195e-01 -1.35008034e-01
5.51684725e-01 -1.34954586e-01
5.52591706e-01 -1.34901067e-01
5.53499137e-01 -1.34847477e-01
5.54407018e-01 -1.34793817e-01
5.55315348e-01 -1.34740087e-01
5.56224126e-01 -1.34686286e-01
5.57133352e-01 -1.34632414e-01
5.58043024e-01 -1.34578473e-01
5.58953142e-01 -1.34524462e-01
5.59863705e-01 -1.34470380e-01
5.60774713e-01 -1.34416229e-01
5.61686165e-01 -1.34362009e-01
5.62598060e-01 -1.34307718e-01
5.63510397e-01 -1.34253359e-01
5.64423175e-01 -1.34198929e-01
5.65336395e-01 -1.34144431e-01
5.66250054e-01 -1.34089864e-01
5.67164153e-01 -1.34035227e-01
5.68078690e-01 -1.33980521e-01
5.68993665e-01 -1.33925747e-01
5.69909077e-01 -1.33870904e-01
5.70824925e-01 -1.33815993e-01
5.71741209e-01 -1.33761013e-01
5.72657928e-01 -1.33705964e-01
5.73575081e-01 -1.33650848e-01
5.74492667e-01 -1.33595663e-01
5.75410686e-01 -1.33540410e-01
5.76329136e-01 -1.33485089e-01
5.77248017e-01 -1.33429700e-01
5.78167329e-01 -1.33374244e-01
5.79087070e-01 -1.33318720e-01
5.80007240e-01 -1.33263129e-01
5.80927837e-01 -1.33207470e-01
5.81848862e-01 -1.33151744e-01
5.82770314e-01 -1.33095950e-01
5.83692190e-01 -1.33040090e-01
5.84614492e-01 -1.32984163e-01
5.85537218e-01 -1.32928169e-01
5.86460367e-01 -1.32872108e-01
5.87383939e-01 -1.32815980e-01
5.88307932e-01 -1.32759786e-01
5.89232346e-01 -1.32703526e-01
5.90157181e-01 -1.32647199e-01
5.91082435e-01 -1.32590806e-01
5.92008108e-01 -1.32534347e-01
5.92934198e-01 -1.32477822e-01
5.93860705e-01 -1.32421231e-01
5.94787629e-01 -1.32364575e-01
5.95714968e-01 -1.32307852e-01
5.96642722e-01 -1.32251065e-01
5.97570890e-01 -1.32194211e-01
5.98499471e-01 -1.32137293e-01
5.99428464e-01 -1.32080309e-01
6.00357869e-01 -1.32023260e-01
6.01287684e-01 -1.31966146e-01
6.02217909e-01 -1.31908968e-01
6.03148544e-01 -1.31851724e-01
6.04079587e-01 -1.31794416e-01
6.05011037e-01 -1.31737043e-01
6.05942894e-01 -1.31679606e-01
6.06875156e-01 -1.31622104e-01
6.07807824e-01 -1.31564539e-01
6.08740897e-01 -1.31506909e-01
6.09674372e-01 -1.31449215e-01
6.10608250e-01 -1.31391457e-01
6.11542531e-01 -1.31333635e-01
6.12477212e-01 -1.31275750e-01
6.13412293e-01 -1.31217801e-01
6.14347774e-01 -1.31159788e-01
6.15283653e-01 -1.31101712e-01
6.16219931e-01 -1.31043573e-01
6.17156605e-01 -1.30985371e-01
6.18093675e-01 -1.30927106e-01
6.19031141e-01 -1.30868777e-01
6.19969001e-01 -1.30810386e-01
6.20907254e-01 -1.30751932e-01
6.21845901e-01 -1.30693416e-01
6.22784939e-01 -1.30634837e-01
6.23724369e-01 -1.30576196e-01
6.24664189e-01 -1.30517492e-01
6.25604399e-01 -1.30458726e-01
6.26544997e-01 -1.30399898e-01
6.27485983e-01 -1.30341008e-01
6.28427356e-01 -1.30282056e-01
6.29369115e-01 -1.30223042e-01
6.30311260e-01 -1.30163967e-01
6.31253789e-01 -1.30104830e-01
6.32196701e-01 -1.30045632e-01
6.33139997e-01 -1.29986372e-01
6.34083674e-01 -1.29927052e-01
6.35027733e-01 -1.29867670e-01
6.35972172e-01 -1.29808227e-01
6.36916990e-01 -1.29748723e-01
6.37862187e-01 -1.29689158e-01
6.38807761e-01 -1.29629533e-01
6.39753713e-01 -1.29569847e-01
6.40700040e-01 -1.29510100e-01
6.41646743e-01 -1.29450293e-01
6.42593820e-01 -1.29390426e-01
6.43541270e-01 -1.29330499e-01
6.44489093e-01 -1.29270511e-01
6.45437288e-01 -1.29210464e-01
6.46385854e-01 -1.29150357e-01
6.47334789e-01 -1.29090190e-01
6.48284094e-01 -1.29029963e-01
6.49233767e-01 -1.28969677e-01
6.50183808e-01 -1.28909332e-01
6.51134215e-01 -1.28848927e-01
6.52084988e-01 -1.28788463e-01
6.53036126e-01 -1.28727940e-01
6.53987627e-01 -1.28667358e-01
6.54939492e-01 -1.28606717e-01
6.55891719e-01 -1.28546017e-01
6.56844307e-01 -1.28485258e-01
6.57797255e-01 -1.28424441e-01
6.58750564e-01 -1.28363566e-01
6.59704231e-01 -1.28302632e-01
6.60658255e-01 -1.28241639e-01
6.61612637e-01 -1.28180589e-01
6.62567375e-01 -1.28119481e-01
6.63522468e-01 -1.28058314e-01
6.64477915e-01 -1.27997090e-01
6.65433716e-01 -1.27935808e-01
6.66389869e-01 -1.27874469e-01
6.67346374e-01 -1.27813072e-01
6.68303230e-01 -1.27751617e-01
6.69260435e-01 -1.27690106e-01
6.70217990e-01 -1.27628537e-01
6.71175892e-01 -1.27566910e-01
6.72134142e-01 -1.27505227e-01
6.73092738e-01 -1.27443487e-01
6.74051679e-01 -1.27381691e-01
6.75010965e-01 -1.27319837e-01
6.75970595e-01 -1.27257927e-01
6.76930567e-01 -1.27195961e-01
6.77890881e-01 -1.27133938e-01
6.78851535e-01 -1.27071859e-01
6.79812530e-01 -1.27009723e-01
6.80773864e-01 -1.26947532e-01
6.81735536e-01 -1.26885285e-01
6.82697546e-01 -1.26822982e-01
6.83659891e-01 -1.26760623e-01
6.84622573e-01 -1.26698208e-01
6.85585588e-01 -1.26635738e-01
6.86548938e-01 -1.26573213e-01
6.87512620e-01 -1.26510632e-01
6.88476634e-01 -1.26447996e-01
6.89440978e-01 -1.26385305e-01
6.90405653e-01 -1.26322559e-01
6.91370657e-01 -1.26259758e-01
6.92335989e-01 -1.26196902e-01
6.93301648e-01 -1.26133991e-01
6.94267633e-01 -1.26071026e-01
6.95233944e-01 -1.26008006e-01
6.96200579e-01 -1.25944932e-01
6.97167538e-01 -1.25881804e-01
6.98134820e-01 -1.25818622e-01
6.99102423e-01 -1.25755385e-01
7.00070346e-01 -1.25692094e-01
7.01038590e-01 -1.25628750e-01
7.02007152e-01 -1.25565352e-01
7.02976033e-01 -1.25501900e-01
7.03945230e-01 -1.25438395e-01
7.04914743e-01 -1.25374836e-01
7.05884572e-01 -1.25311224e-01
7.06854715e-01 -1.25247558e-01
7.07825171e-01 -1.25183839e-01
7.08795939e-01 -1.25120068e-01
7.09767019e-01 -1.25056243e-01
7.10738409e-01 -1.24992366e-01
7.11710109e-01 -1.24928436e-01
7.12682117e-01 -1.24864453e-01
7.13654433e-01 -1.24800417e-01
7.14627056e-01 -1.24736330e-01
7.15599984e-01 -1.24672190e-01
7.16573217e-01 -1.24607997e-01
7.17546754e-01 -1.24543753e-01
7.18520593e-01 -1.24479456e-01
7.19494735e-01 -1.24415108e-01
7.20469178e-01 -1.24350708e-01
7.21443920e-01 -1.24286256e-01
7.22418962e-01 -1.24221752e-01
7.23394302e-01 -1.24157197e-01
7.24369938e-01 -1.24092591e-01
7.25345872e-01 -1.24027933e-01
7.26322100e-01 -1.23963224e-01
7.27298622e-01 -1.23898464e-01
7.28275438e-01 -1.23833653e-01
7.29252546e-01 -1.23768791e-01
7.30229946e-01 -1.23703879e-01
7.31207636e-01 -1.23638915e-01
7.32185615e-01 -1.23573901e-01
7.33163883e-01 -1.23508837e-01
7.34142439e-01 -1.23443722e-01
7.35121281e-01 -1.23378557e-01
7.36100408e-01 -1.23313342e-01
7.37079820e-01 -1.23248076e-01
7.38059516e-01 -1.23182761e-01
7.39039494e-01 -1.23117396e-01
7.40019754e-01 -1.23051981e-01
7.41000295e-01 -1.22986516e-01
7.41981115e-01 -1.22921002e-01
7.42962214e-01 -1.22855438e-01
7.43943591e-01 -1.22789825e-01
7.44925245e-01 -1.22724162e-01
7.45907174e-01 -1.22658451e-01
7.46889379e-01 -1.22592690e-01
7.47871857e-01 -1.22526881e-01
7.48854607e-01 -1.22461022e-01
7.49837630e-01 -1.22395115e-01
7.50820924e-01 -1.22329159e-01
7.51804487e-01 -1.22263155e-01
7.52788320e-01 -1.22197102e-01
7.53772420e-01 -1.22131000e-01
7.54756787e-01 -1.22064851e-01
7.55741420e-01 -1.21998653e-01
7.56726318e-01 -1.21932407e-01
7.57711480e-01 -1.21866114e-01
7.58696905e-01 -1.21799772e-01
7.59682592e-01 -1.21733383e-01
7.60668539e-01 -1.21666946e-01
7.61654747e-01 -1.21600461e-01
7.62641213e-01 -1.21533929e-01
7.63627938e-01 -1.21467349e-01
7.64614919e-01 -1.21400723e-01
7.65602157e-01 -1.21334049e-01
7.66589649e-01 -1.21267328e-01
7.67577395e-01 -1.21200560e-01
7.68565394e-01 -1.21133745e-01
7.69553645e-01 -1.21066884e-01
7.70542147e-01 -1.20999976e-01
7.71530898e-01 -1.20933021e-01
7.72519899e-01 -1.20866020e-01
7.73509147e-01 -1.20798972e-01
7.74498642e-01 -1.20731878e-01
7.75488383e-01 -1.20664738e-01
7.76478369e-01 -1.20597552e-01
7.77468599e-01 -1.20530320e-01
7.78459071e-01 -1.20463042e-01
7.79449785e-01 -1.20395718e-01
7.80440740e-01 -1.20328349e-01
7.81431935e-01 -1.20260934e-01
7.82423368e-01 -1.20193473e-01
7.83415039e-01 -1.20125968e-01
7.84406947e-01 -1.20058416e-01
7.85399090e-01 -1.19990820e-01
7.86391468e-01 -1.19923179e-01
7.87384079e-01 -1.19855492e-01
7.88376923e-01 -1.19787761e-01
7.89369998e-01 -1.19719985e-01
7.90363304e-01 -1.19652164e-01
7.91356840e-01 -1.19584299e-01
7.92350604e-01 -1.19516389e-01
7.93344595e-01 -1.19448435e-01
7.94338812e-01 -1.19380436e-01
7.95333255e-01 -1.19312394e-01
7.96327922e-01 -1.19244307e-01
7.97322813e-01 -1.19176176e-01
7.98317925e-01 -1.19108001e-01
7.99313259e-01 -1.19039783e-01
8.00308813e-01 -1.18971520e-01
8.01304586e-01 -1.18903215e-01
8.02300577e-01 -1.18834865e-01
8.03296785e-01 -1.18766472e-01
8.04293209e-01 -1.18698036e-01
8.05289848e-01 -1.18629557e-01
8.06286700e-01 -1.18561034e-01
8.07283766e-01 -1.18492469e-01
8.08281043e-01 -1.18423860e-01
8.09278531e-01 -1.18355209e-01
8.10276229e-01 -1.18286515e-01
8.11274135e-01 -1.18217778e-01
8.12272249e-01 -1.18148999e-01
8.13270570e-01 -1.18080177e-01
8.14269096e-01 -1.18011313e-01
8.15267826e-01 -1.17942407e-01
8.16266760e-01 -1.17873459e-01
8.17265896e-01 -1.17804468e-01
8.18265233e-01 -1.17735436e-01
8.19264770e-01 -1.17666361e-01
8.20264507e-01 -1.17597245e-01
8.21264441e-01 -1.17528087e-01
8.22264573e-01 -1.17458888e-01
8.23264900e-01 -1.17389647e-01
8.24265423e-01 -1.17320365e-01
8.25266139e-01 -1.17251041e-01
8.26267048e-01 -1.17181676e-01
8.27268148e-01 -1.17112271e-01
8.28269440e-01 -1.17042824e-01
8.29270920e-01 -1.16973336e-01
8.30272590e-01 -1.16903807e-01
8.31274446e-01 -1.16834238e-01
8.32276489e-01 -1.16764628e-01
8.33278717e-01 -1.16694978e-01
8.34281130e-01 -1.16625287e-01
8.35283725e-01 -1.16555555e-01
8.36286503e-01 -1.16485784e-01
8.37289461e-01 -1.16415972e-01
8.38292600e-01 -1.16346121e-01
8.39295917e-01 -1.16276229e-01
8.40299412e-01 -1.16206297e-01
8.41303083e-01 -1.16136326e-01
8.42306930e-01 -1.16066315e-01
8.43310952e-01 -1.15996265e-01
8.44315147e-01 -1.15926175e-01
8.45319514e-01 -1.15856045e-01
8.46324053e-01 -1.15785876e-01
8.47328762e-01 -1.15715669e-01
8.48333639e-01 -1.15645422e-01
8.49338685e-01 -1.15575136e-01
8.50343898e-01 -1.15504811e-01
8.51349276e-01 -1.15434447e-01
8.52354819e-01 -1.15364044e-01
8.53360526e-01 -1.15293603e-01
8.54366395e-01 -1.15223124e-01
8.55372426e-01 -1.15152605e-01
8.56378617e-01 -1.15082049e-01
8.57384967e-01 -1.15011454e-01
8.58391476e-01 -1.14940821e-01
8.59398141e-01 -1.14870150e-01
8.60404963e-01 -1.14799441e-01
8.61411939e-01 -1.14728695e-01
8.62419069e-01 -1.14657910e-01
8.63426352e-01 -1.14587088e-01
8.64433786e-01 -1.14516228e-01
8.65441371e-01 -1.14445330e-01
8.66449105e-01 -1.14374395e-01
8.67456988e-01 -1.14303423e-01
8.68465017e-01 -1.14232414e-01
8.69473193e-01 -1.14161367e-01
8.70481514e-01 -1.14090284e-01
8.71489978e-01 -1.14019163e-01
8.72498585e-01 -1.13948006e-01
8.73507334e-01 -1.13876811e-01
8.74516223e-01 -1.13805581e-01
8.75525252e-01 -1.13734313e-01
8.76534419e-01 -1.13663009e-01
8.77543723e-01 -1.13591669e-01
8.78553163e-01 -1.13520292e-01
8.79562738e-01 -1.13448879e-01
8.80572447e-01 -1.13377430e-01
8.81582289e-01 -1.13305945e-01
8.82592262e-01 -1.13234424e-01
8.83602366e-01 -1.13162868e-01
8.84612599e-01 -1.13091275e-01
8.85622960e-01 -1.13019647e-01
8.86633449e-01 -1.12947983e-01
8.87644063e-01 -1.12876284e-01
8.88654803e-01 -1.12804549e-01
8.89665666e-01 -1.12732779e-01
8.90676652e-01 -1.12660974e-01
8.91687759e-01 -1.12589134e-01
8.92698987e-01 -1.12517258e-01
8.93710334e-01 -1.12445348e-01
8.94721799e-01 -1.12373403e-01
8.95733381e-01 -1.12301423e-01
8.96745079e-01 -1.12229409e-01
8.97756892e-01 -1.12157360e-01
8.98768818e-01 -1.12085276e-01
8.99780857e-01 -1.12013159e-01
9.00793007e-01 -1.11941006e-01
9.01805268e-01 -1.11868820e-01
9.02817638e-01 -1.11796600e-01
9.03830115e-01 -1.11724345e-01
9.04842700e-01 -1.11652057e-01
9.05855390e-01 -1.11579734e-01
9.06868184e-01 -1.11507378e-01
9.07881083e-01 -1.11434989e-01
9.08894083e-01 -1.11362565e-01
9.09907185e-01 -1.11290109e-01
9.10920386e-01 -1.11217619e-01
9.11933686e-01 -1.11145095e-01
9.12947085e-01 -1.11072538e-01
9.13960579e-01 -1.10999949e-01
9.14974170e-01 -1.10927326e-01
9.15987854e-01 -1.10854670e-01
9.17001632e-01 -1.10781982e-01
9.18015501e-01 -1.10709260e-01
9.19029462e-01 -1.10636506e-01
9.20043512e-01 -1.10563720e-01
9.21057651e-01 -1.10490901e-01
9.22071877e-01 -1.10418049e-01
9.23086189e-01 -1.10345165e-01
9.24100587e-01 -1.10272249e-01
9.25115069e-01 -1.10199301e-01
9.26129633e-01 -1.10126321e-01
9.27144279e-01 -1.10053309e-01
9.28159006e-01 -1.09980265e-01
9.29173812e-01 -1.09907189e-01
9.30188696e-01 -1.09834081e-01
9.31203657e-01 -1.09760942e-01
9.32218694e-01 -1.09687772e-01
9.33233806e-01 -1.09614570e-01
9.34248991e-01 -1.09541336e-01
9.35264249e-01 -1.09468072e-01
9.36279578e-01 -1.09394776e-01
9.37294977e-01 -1.09321449e-01
9.38310446e-01 -1.09248091e-01
9.39325981e-01 -1.09174702e-01
9.40341584e-01 -1.09101283e-01
9.41357252e-01 -1.09027832e-01
9.42372984e-01 -1.08954351e-01
9.43388780e-01 -1.08880840e-01
9.44404637e-01 -1.08807298e-01
9.45420555e-01 -1.08733726e-01
9.46436533e-01 -1.08660123e-01
9.47452569e-01 -1.08586490e-01
9.48468663e-01 -1.08512827e-01
9.49484813e-01 -1.08439134e-01
9.50501017e-01 -1.08365412e-01
9.51517276e-01 -1.08291659e-01
9.52533587e-01 -1.08217876e-01
9.53549949e-01 -1.08144064e-01
9.54566362e-01 -1.08070222e-01
9.55582824e-01 -1.07996351e-01
9.56599334e-01 -1.07922451e-01
9.57615890e-01 -1.07848521e-01
9.58632492e-01 -1.07774561e-01
9.59649139e-01 -1.07700573e-01
9.60665829e-01 -1.07626555e-01
9.61682560e-01 -1.07552509e-01
9.62699333e-01 -1.07478434e-01
9.63716145e-01 -1.07404330e-01
9.64732996e-01 -1.07330197e-01
9.65749884e-01 -1.07256035e-01
9.66766809e-01 -1.07181845e-01
9.67783768e-01 -1.07107627e-01
9.68800761e-01 -1.07033380e-01
9.69817787e-01 -1.06959105e-01
9.70834844e-01 -1.06884801e-01
9.71851931e-01 -1.06810470e-01
9.72869048e-01 -1.06736110e-01
9.73886192e-01 -1.06661723e-01
9.74903363e-01 -1.06587307e-01
9.75920559e-01 -1.06512864e-01
9.76937780e-01 -1.06438393e-01
9.77955024e-01 -1.06363895e-01
9.78972289e-01 -1.06289369e-01
9.79989576e-01 -1.06214815e-01
9.81006882e-01 -1.06140235e-01
9.82024206e-01 -1.06065627e-01
9.83041547e-01 -1.05990991e-01
9.84058905e-01 -1.05916329e-01
9.85076277e-01 -1.05841640e-01
9.86093663e-01 -1.05766923e-01
9.87111061e-01 -1.05692180e-01
9.88128470e-01 -1.05617410e-01
9.89145890e-01 -1.05542614e-01
9.90163318e-01 -1.05467790e-01
9.91180754e-01 -1.05392941e-01
9.92198196e-01 -1.05318065e-01
9.93215643e-01 -1.05243162e-01
9.94233094e-01 -1.05168233e-01
9.95250548e-01 -1.05093278e-01
9.96268004e-01 -1.05018297e-01
9.97285460e-01 -1.04943290e-01
9.98302915e-01 -1.04868257e-01
9.99320369e-01 -1.04793199e-01
1.00033782e+00 -1.04718114e-01
1.00135526e+00 -1.04643004e-01
1.00237270e+00 -1.04567868e-01
1.00339014e+00 -1.04492707e-01
1.00440756e+00 -1.04417520e-01
1.00542498e+00 -1.04342308e-01
1.00644238e+00 -1.04267071e-01
1.00745978e+00 -1.04191808e-01
1.00847716e+00 -1.04116520e-01
1.00949453e+00 -1.04041208e-01
1.01051188e+00 -1.03965870e-01
1.01152921e+00 -1.03890508e-01
1.01254653e+00 -1.03815121e-01
1.01356383e+00 -1.03739709e-01
1.01458111e+00 -1.03664272e-01
1.01559836e+00 -1.03588811e-01
1.01661560e+00 -1.03513326e-01
1.01763281e+00 -1.03437816e-01
1.01865000e+00 -1.03362282e-01
1.01966715e+00 -1.03286724e-01
1.02068429e+00 -1.03211142e-01
1.02170139e+00 -1.03135535e-01
1.02271846e+00 -1.03059905e-01
1.02373551e+00 -1.02984251e-01
1.02475252e+00 -1.02908573e-01
1.02576949e+00 -1.02832871e-01
1.02678644e+00 -1.02757146e-01
1.02780334e+00 -1.02681397e-01
1.02882021e+00 -1.02605625e-01
1.02983704e+00 -1.02529829e-01
1.03085383e+00 -1.02454010e-01
1.03187058e+00 -1.02378168e-01
1.03288729e+00 -1.02302303e-01
1.03390396e+00 -1.02226414e-01
1.03492058e+00 -1.02150503e-01
1.03593715e+00 -1.02074569e-01
1.03695368e+00 -1.01998612e-01
1.03797016e+00 -1.01922632e-01
1.03898659e+00 -1.01846630e-01
1.04000297e+00 -1.01770605e-01
1.04101930e+00 -1.01694558e-01
1.04203557e+00 -1.01618488e-01
1.04305179e+00 -1.01542396e-01
1.04406796e+00 -1.01466281e-01
1.04508406e+00 -1.01390145e-01
1.04610011e+00 -1.01313986e-01
1.04711610e+00 -1.01237805e-01
1.04813204e+00 -1.01161603e-01
1.04914790e+00 -1.01085378e-01
1.05016371e+00 -1.01009132e-01
1.05117945e+00 -1.00932864e-01
1.05219513e+00 -1.00856574e-01
1.05321074e+00 -1.00780263e-01
1.05422628e+00 -1.00703931e-01
1.05524175e+00 -1.00627577e-01
1.05625715e+00 -1.00551202e-01
1.05727248e+00 -1.00474805e-01
1.05828774e+00 -1.00398388e-01
1.05930293e+00 -1.00321949e-01
1.06031803e+00 -1.00245490e-01
1.06133307e+00 -1.00169009e-01
1.06234802e+00 -1.00092508e-01
1.06336290e+00 -1.00015986e-01
1.06437769e+00 -9.99394430e-02
1.06539240e+00 -9.98628797e-02
1.06640704e+00 -9.97862959e-02
1.06742158e+00 -9.97096917e-02
1.06843604e+00 -9.96330671e-02
1.06945042e+00 -9.95564222e-02
1.07046471e+00 -9.94797571e-02
1.07147891e+00 -9.94030719e-02
1.07249301e+00 -9.93263667e-02
1.07350703e+00 -9.92496415e-02
1.07452096e+00 -9.91728964e-02
1.07553479e+00 -9.90961315e-02
1.07654852e+00 -9.90193469e-02
1.07756216e+00 -9.89425426e-02
1.07857570e+00 -9.88657188e-02
1.07958914e+00 -9.87888754e-02
1.08060249e+00 -9.87120127e-02
1.08161573e+00 -9.86351305e-02
1.08262886e+00 -9.85582292e-02
1.08364190e+00 -9.84813086e-02
1.08465483e+00 -9.84043689e-02
1.08566765e+00 -9.83274101e-02
1.08668037e+00 -9.82504324e-02
1.08769297e+00 -9.81734359e-02
1.08870547e+00 -9.80964205e-02
1.08971785e+00 -9.80193863e-02
1.09073012e+00 -9.79423335e-02
1.09174228e+00 -9.78652622e-02
1.09275432e+00 -9.77881723e-02
1.09376625e+00 -9.77110640e-02
1.09477806e+00 -9.76339374e-02
1.09578975e+00 -9.75567924e-02
1.09680132e+00 -9.74796293e-02
1.09781277e+00 -9.74024480e-02
1.09882409e+00 -9.73252487e-02
1.09983529e+00 -9.72480315e-02
1.10084637e+00 -9.71707963e-02
1.10185732e+00 -9.70935433e-02
1.10286814e+00 -9.70162725e-02
1.10387884e+00 -9.69389841e-02
1.10488940e+00 -9.68616781e-02
1.10589983e+00 -9.67843545e-02
1.10691013e+00 -9.67070135e-02
1.10792029e+00 -9.66296552e-02
1.10893032e+00 -9.65522795e-02
1.10994021e+00 -9.64748866e-02
1.11094997e+00 -9.63974766e-02
1.11195958e+00 -9.63200494e-02
1.11296906e+00 -9.62426053e-02
1.11397839e+00 -9.61651443e-02
1.11498758e+00 -9.60876664e-02
1.11599663e+00 -9.60101717e-02
1.11700553e+00 -9.59326603e-02
1.11801429e+00 -9.58551323e-02
1.11902289e+00 -9.57775878e-02
1.12003135e+00 -9.57000267e-02
1.12103966e+00 -9.56224493e-02
1.12204781e+00 -9.55448555e-02
1.12305582e+00 -9.54672455e-02
1.12406366e+00 -9.53896192e-02
1.12507136e+00 -9.53119769e-02
1.12607889e+00 -9.52343185e-02
1.12708627e+00 -9.51566441e-02
1.12809349e+00 -9.50789539e-02
1.12910055e+00 -9.50012478e-02
1.13010744e+00 -9.49235260e-02
1.13111417e+00 -9.48457885e-02
1.13212074e+00 -9.47680354e-02
1.13312715e+00 -9.46902668e-02
1.13413338e+00 -9.46124827e-02
1.13513945e+00 -9.45346832e-02
1.13614535e+00 -9.44568684e-02
1.13715107e+00 -9.43790384e-02
1.13815663e+00 -9.43011932e-02
1.13916201e+00 -9.42233330e-02
1.14016722e+00 -9.41454577e-02
1.14117225e+00 -9.40675674e-02
1.14217710e+00 -9.39896623e-02
1.14318178e+00 -9.39117423e-02
1.14418627e+00 -9.38338077e-02
1.14519059e+00 -9.37558583e-02
1.14619472e+00 -9.36778944e-02
1.14719867e+00 -9.35999160e-02
1.14820243e+00 -9.35219231e-02
1.14920601e+00 -9.34439158e-02
1.15020940e+00 -9.33658942e-02
1.15121260e+00 -9.32878584e-02
1.15221562e+00 -9.32098085e-02
1.15321844e+00 -9.31317444e-02
1.15422106e+00 -9.30536663e-02
1.15522350e+00 -9.29755743e-02
1.15622574e+00 -9.28974684e-02
1.15722778e+00 -9.28193486e-02
1.15822963e+00 -9.27412152e-02
1.15923127e+00 -9.26630681e-02
1.16023272e+00 -9.25849073e-02
1.16123397e+00 -9.25067331e-02
1.16223501e+00 -9.24285454e-02
1.16323585e+00 -9.23503443e-02
1.16423648e+00 -9.22721299e-02
1.16523691e+00 -9.21939022e-02
1.16623712e+00 -9.21156614e-02
1.16723713e+00 -9.20374075e-02
1.16823693e+00 -9.19591405e-02
1.16923652e+00 -9.18808606e-02
1.17023589e+00 -9.18025678e-02
1.17123505e+00 -9.17242621e-02
1.17223400e+00 -9.16459437e-02
1.17323273e+00 -9.15676126e-02
1.17423124e+00 -9.14892689e-02
1.17522953e+00 -9.14109126e-02
1.17622759e+00 -9.13325439e-02
1.17722544e+00 -9.12541627e-02
1.17822307e+00 -9.11757692e-02
1.17922046e+00 -9.10973634e-02
1.18021764e+00 -9.10189455e-02
1.18121458e+00 -9.09405154e-02
1.18221130e+00 -9.08620732e-02
1.18320779e+00 -9.07836190e-02
1.18420405e+00 -9.07051529e-02
1.18520007e+00 -9.06266749e-02
1.18619586e+00 -9.05481852e-02
1.18719142e+00 -9.04696837e-02
1.18818674e+00 -9.03911705e-02
1.18918182e+00 -9.03126458e-02
1.19017667e+00 -9.02341096e-02
1.19117127e+00 -9.01555619e-02
1.19216563e+00 -9.00770028e-02
1.19315975e+00 -8.99984324e-02
1.19415363e+00 -8.99198507e-02
1.19514726e+00 -8.98412579e-02
1.19614064e+00 -8.97626539e-02
1.19713378e+00 -8.96840389e-02
1.19812666e+00 -8.96054129e-02
1.19911930e+00 -8.95267760e-02
1.20011168e+00 -8.94481283e-02
1.20110382e+00 -8.93694698e-02
1.20209569e+00 -8.92908006e-02
1.20308732e+00 -8.92121207e-02
1.20407868e+00 -8.91334302e-02
1.20506979e+00 -8.90547293e-02
1.20606064e+00 -8.89760179e-02
1.20705122e+00 -8.88972961e-02
1.20804155e+00 -8.88185640e-02
1.20903161e+00 -8.87398216e-02
1.21002140e+00 -8.86610691e-02
1.21101093e+00 -8.85823065e-02
1.21200020e+00 -8.85035338e-02
1.21298919e+00 -8.84247511e-02
1.21397792e+00 -8.83459586e-02
1.21496637e+00 -8.82671561e-02
1.21595455e+00 -8.81883439e-02
1.21694246e+00 -8.81095220e-02
1.21793009e+00 -8.80306904e-02
1.21891745e+00 -8.79518493e-02
1.21990453e+00 -8.78729986e-02
1.22089133e+00 -8.77941384e-02
1.22187785e+00 -8.77152689e-02
1.22286409e+00 -8.76363900e-02
1.22385004e+00 -8.75575019e-02
1.22483571e+00 -8.74786046e-02
1.22582110e+00 -8.73996982e-02
1.22680620e+00 -8.73207827e-02
1.22779101e+00 -8.72418581e-02
1.22877553e+00 -8.71629247e-02
1.22975976e+00 -8.70839824e-02
1.23074370e+00 -8.70050313e-02
1.23172734e+00 -8.69260714e-02
1.23271069e+00 -8.68471028e-02
1.23369375e+00 -8.67681257e-02
1.23467651e+00 -8.66891400e-02
1.23565897e+00 -8.66101458e-02
1.23664113e+00 -8.65311432e-02
1.23762299e+00 -8.64521322e-02
1.23860454e+00 -8.63731129e-02
1.23958579e+00 -8.62940854e-02
1.24056674e+00 -8.62150498e-02
1.24154738e+00 -8.61360060e-02
1.24252772e+00 -8.60569542e-02
1.24350774e+00 -8.59778944e-02
1.24448746e+00 -8.58988267e-02
1.24546686e+00 -8.58197511e-02
1.24644595e+00 -8.57406678e-02
1.24742473e+00 -8.56615767e-02
1.24840319e+00 -8.55824780e-02
1.24938133e+00 -8.55033717e-02
1.25035916e+00 -8.54242579e-02
1.25133667e+00 -8.53451365e-02
1.25231385e+00 -8.52660078e-02
1.25329072e+00 -8.51868717e-02
1.25426726e+00 -8.51077283e-02
1.25524347e+00 -8.50285777e-02
1.25621937e+00 -8.49494200e-02
1.25719493e+00 -8.48702551e-02
1.25817016e+00 -8.47910833e-02
1.25914507e+00 -8.47119044e-02
1.26011964e+00 -8.46327186e-02
1.26109389e+00 -8.45535260e-02
1.26206779e+00 -8.44743266e-02
1.26304137e+00 -8.43951204e-02
1.26401460e+00 -8.43159076e-02
1.26498750e+00 -8.42366882e-02
1.26596006e+00 -8.41574623e-02
1.26693228e+00 -8.40782298e-02
1.26790416e+00 -8.39989910e-02
1.26887570e+00 -8.39197458e-02
1.26984689e+00 -8.38404943e-02
1.27081774e+00 -8.37612365e-02
1.27178824e+00 -8.36819726e-02
1.27275839e+00 -8.36027026e-02
1.27372819e+00 -8.35234265e-02
1.27469764e+00 -8.34441444e-02
1.27566674e+00 -8.33648564e-02
1.27663549e+00 -8.32855625e-02
1.27760388e+00 -8.32062628e-02
1.27857191e+00 -8.31269573e-02
1.27953959e+00 -8.30476462e-02
1.28050691e+00 -8.29683294e-02
1.28147387e+00 -8.28890071e-02
1.28244047e+00 -8.28096792e-02
1.28340670e+00 -8.27303459e-02
1.28437258e+00 -8.26510072e-02
1.28533808e+00 -8.25716631e-02
1.28630322e+00 -8.24923138e-02
1.28726800e+00 -8.24129593e-02
1.28823240e+00 -8.23335996e-02
1.28919644e+00 -8.22542349e-02
1.29016010e+00 -8.21748651e-02
1.29112339e+00 -8.20954903e-02
1.29208630e+00 -8.20161106e-02
1.29304884e+00 -8.19367260e-02
1.29401100e+00 -8.18573367e-02
1.29497279e+00 -8.17779426e-02
1.29593419e+00 -8.16985438e-02
1.29689521e+00 -8.16191404e-02
1.29785585e+00 -8.15397324e-02
1.29881611e+00 -8.14603199e-02
1.29977599e+00 -8.13809030e-02
1.30073547e+00 -8.13014817e-02
1.30169457e+00 -8.12220561e-02
1.30265328e+00 -8.11426262e-02
1.30361160e+00 -8.10631921e-02
1.30456953e+00 -8.09837538e-02
1.30552707e+00 -8.09043114e-02
1.30648421e+00 -8.08248650e-02
1.30744096e+00 -8.07454146e-02
1.30839731e+00 -8.06659602e-02
1.30935327e+00 -8.05865021e-02
1.31030882e+00 -8.05070400e-02
1.31126397e+00 -8.04275743e-02
1.31221872e+00 -8.03481048e-02
1.31317307e+00 -8.02686317e-02
1.31412702e+00 -8.01891551e-02
1.31508056e+00 -8.01096749e-02
1.31603369e+00 -8.00301912e-02
1.31698641e+00 -7.99507041e-02
1.31793872e+00 -7.98712137e-02
1.31889062e+00 -7.97917200e-02
1.31984211e+00 -7.97122230e-02
1.32079319e+00 -7.96327228e-02
1.32174385e+00 -7.95532196e-02
1.32269409e+00 -7.94737132e-02
1.32364392e+00 -7.93942038e-02
1.32459333e+00 -7.93146915e-02
1.32554232e+00 -7.92351763e-02
1.32649088e+00 -7.91556582e-02
1.32743903e+00 -7.90761374e-02
1.32838675e+00 -7.89966138e-02
1.32933404e+00 -7.89170875e-02
1.33028091e+00 -7.88375586e-02
1.33122735e+00 -7.87580271e-02
1.33217336e+00 -7.86784931e-02
1.33311894e+00 -7.85989567e-02
1.33406408e+00 -7.85194179e-02
1.33500880e+00 -7.84398767e-02
1.33595307e+00 -7.83603332e-02
1.33689692e+00 -7.82807875e-02
1.33784032e+00 -7.82012396e-02
1.33878329e+00 -7.81216896e-02
1.33972582e+00 -7.80421375e-02
1.34066790e+00 -7.79625834e-02
1.34160955e+00 -7.78830273e-02
1.34255074e+00 -7.78034693e-02
1.34349150e+00 -7.77239095e-02
1.34443181e+00 -7.76443479e-02
1.34537167e+00 -7.75647845e-02
1.34631108e+00 -7.74852194e-02
1.34725004e+00 -7.74056527e-02
1.34818855e+00 -7.73260844e-02
1.34912660e+00 -7.72465146e-02
1.35006420e+00 -7.71669434e-02
1.35100135e+00 -7.70873707e-02
1.35193804e+00 -7.70077966e-02
1.35287427e+00 -7.69282212e-02
1.35381004e+00 -7.68486446e-02
1.35474535e+00 -7.67690667e-02
1.35568019e+00 -7.66894877e-02
1.35661458e+00 -7.66099076e-02
1.35754850e+00 -7.65303265e-02
1.35848195e+00 -7.64507443e-02
1.35941493e+00 -7.63711612e-02
1.36034745e+00 -7.62915773e-02
1.36127949e+00 -7.62119925e-02
1.36221107e+00 -7.61324069e-02
1.36314217e+00 -7.60528206e-02
1.36407280e+00 -7.59732336e-02
1.36500295e+00 -7.58936460e-02
1.36593263e+00 -7.58140578e-02
1.36686182e+00 -7.57344691e-02
1.36779054e+00 -7.56548799e-02
1.36871878e+00 -7.55752903e-02
1.36964654e+00 -7.54957004e-02
1.37057381e+00 -7.54161101e-02
1.37150060e+00 -7.53365196e-02
1.37242690e+00 -7.52569289e-02
1.37335271e+00 -7.51773380e-02
1.37427804e+00 -7.50977470e-02
1.37520288e+00 -7.50181560e-02
1.37612722e+00 -7.49385650e-02
1.37705107e+00 -7.48589740e-02
1.37797443e+00 -7.47793831e-02
1.37889730e+00 -7.46997924e-02
1.37981966e+00 -7.46202018e-02
1.38074153e+00 -7.45406116e-02
1.38166291e+00 -7.44610216e-02
1.38258378e+00 -7.43814320e-02
1.38350414e+00 -7.43018428e-02
1.38442401e+00 -7.42222541e-02
1.38534337e+00 -7.41426659e-02
1.38626223e+00 -7.40630782e-02
1.38718058e+00 -7.39834911e-02
1.38809842e+00 -7.39039047e-02
1.38901575e+00 -7.38243191e-02
1.38993257e+00 -7.37447341e-02
1.39084888e+00 -7.36651500e-02
1.39176467e+00 -7.35855668e-02
1.39267995e+00 -7.35059845e-02
1.39359472e+00 -7.34264031e-02
1.39450897e+00 -7.33468227e-02
1.39542269e+00 -7.32672434e-02
1.39633590e+00 -7.31876652e-02
1.39724859e+00 -7.31080882e-02
1.39816075e+00 -7.30285124e-02
1.39907239e+00 -7.29489378e-02
1.39998351e+00 -7.28693646e-02
1.40089410e+00 -7.27897927e-02
1.40180416e+00 -7.27102222e-02
1.40271369e+00 -7.26306531e-02
1.40362269e+00 -7.25510856e-02
1.40453116e+00 -7.24715196e-02
1.40543910e+00 -7.23919552e-02
1.40634650e+00 -7.23123925e-02
1.40725337e+00 -7.22328315e-02
1.40815969e+00 -7.21532722e-02
1.40906549e+00 -7.20737147e-02
1.40997074e+00 -7.19941591e-02
1.41087545e+00 -7.19146054e-02
1.41177961e+00 -7.18350536e-02
1.41268324e+00 -7.17555037e-02
1.41358632e+00 -7.16759560e-02
1.41448885e+00 -7.15964103e-02
1.41539084e+00 -7.15168667e-02
1.41629228e+00 -7.14373253e-02
1.41719316e+00 -7.13577862e-02
1.41809350e+00 -7.12782493e-02
1.41899328e+00 -7.11987148e-02
1.41989251e+00 -7.11191826e-02
1.42079118e+00 -7.10396528e-02
1.42168930e+00 -7.09601255e-02
1.42258686e+00 -7.08806007e-02
1.42348386e+00 -7.08010785e-02
1.42438030e+00 -7.07215589e-02
1.42527618e+00 -7.06420419e-02
1.42617149e+00 -7.05625276e-02
1.42706624e+00 -7.04830161e-02
1.42796042e+00 -7.04035074e-02
1.42885404e+00 -7.03240015e-02
1.42974709e+00 -7.02444985e-02
1.43063957e+00 -7.01649984e-02
1.43153148e+00 -7.00855014e-02
1.43242281e+00 -7.00060073e-02
1.43331357e+00 -6.99265163e-02
1.43420376e+00 -6.98470284e-02
1.43509337e+00 -6.97675437e-02
1.43598240e+00 -6.96880622e-02
1.43687086e+00 -6.96085840e-02
1.43775873e+00 -6.95291090e-02
1.43864603e+00 -6.94496374e-02
1.43953274e+00 -6.93701692e-02
1.44041886e+00 -6.92907045e-02
1.44130440e+00 -6.92112432e-02
1.44218936e+00 -6.91317854e-02
1.44307372e+00 -6.90523312e-02
1.44395750e+00 -6.89728807e-02
1.44484069e+00 -6.88934338e-02
1.44572328e+00 -6.88139906e-02
1.44660528e+00 -6.87345511e-02
1.44748669e+00 -6.86551155e-02
1.44836750e+00 -6.85756837e-02
1.44924772e+00 -6.84962558e-02
1.45012733e+00 -6.84168318e-02
1.45100635e+00 -6.83374118e-02
1.45188476e+00 -6.82579958e-02
1.45276258e+00 -6.81785839e-02
1.45363979e+00 -6.80991761e-02
1.45451639e+00 -6.80197725e-02
1.45539239e+00 -6.79403730e-02
1.45626778e+00 -6.78609778e-02
1.45714256e+00 -6.77815869e-02
1.45801674e+00 -6.77022003e-02
1.45889030e+00 -6.76228180e-02
1.45976325e+00 -6.75434402e-02
1.46063558e+00 -6.74640669e-02
1.46150730e+00 -6.73846980e-02
1.46237840e+00 -6.73053337e-02
1.46324889e+00 -6.72259740e-02
1.46411875e+00 -6.71466190e-02
1.46498800e+00 -6.70672686e-02
1.46585662e+00 -6.69879229e-02
1.46672462e+00 -6.69085820e-02
1.46759200e+00 -6.68292458e-02
1.46845875e+00 -6.67499146e-02
1.46932487e+00 -6.66705882e-02
1.47019037e+00 -6.65912668e-02
1.47105523e+00 -6.65119503e-02
1.47191947e+00 -6.64326389e-02
1.47278307e+00 -6.63533325e-02
1.47364604e+00 -6.62740312e-02
1.47450838e+00 -6.61947351e-02
1.47537008e+00 -6.61154441e-02
1.47623114e+00 -6.60361584e-02
1.47709156e+00 -6.59568780e-02
1.47795135e+00 -6.58776028e-02
1.47881049e+00 -6.57983331e-02
1.47966899e+00 -6.57190687e-02
1.48052685e+00 -6.56398097e-02
1.48138406e+00 -6.55605563e-02
1.48224062e+00 -6.54813083e-02
1.48309654e+00 -6.54020659e-02
1.48395181e+00 -6.53228292e-02
1.48480643e+00 -6.52435980e-02
1.48566039e+00 -6.51643726e-02
1.48651371e+00 -6.50851529e-02
1.48736637e+00 -6.50059389e-02
1.48821837e+00 -6.49267308e-02
1.48906972e+00 -6.48475285e-02
1.48992041e+00 -6.47683321e-02
1.49077044e+00 -6.46891416e-02
1.49161981e+00 -6.46099572e-02
1.49246852e+00 -6.45307787e-02
1.49331657e+00 -6.44516062e-02
1.49416395e+00 -6.43724399e-02
1.49501067e+00 -6.42932797e-02
1.49585672e+00 -6.42141257e-02
1.49670210e+00 -6.41349779e-02
1.49754681e+00 -6.40558363e-02
1.49839085e+00 -6.39767010e-02
1.49923422e+00 -6.38975721e-02
1.50007691e+00 -6.38184495e-02
1.50091893e+00 -6.37393334e-02
1.50176028e+00 -6.36602237e-02
1.50260094e+00 -6.35811205e-02
1.50344093e+00 -6.35020238e-02
1.50428024e+00 -6.34229337e-02
1.50511887e+00 -6.33438502e-02
1.50595682e+00 -6.32647733e-02
1.50679408e+00 -6.31857032e-02
1.50763066e+00 -6.31066397e-02
1.50846655e+00 -6.30275831e-02
1.50930175e+00 -6.29485332e-02
1.51013627e+00 -6.28694902e-02
1.51097009e+00 -6.27904540e-02
1.51180323e+00 -6.27114248e-02
1.51263567e+00 -6.26324025e-02
1.51346741e+00 -6.25533873e-02
1.51429847e+00 -6.24743790e-02
1.51512882e+00 -6.23953779e-02
1.51595848e+00 -6.23163838e-02
1.51678744e+00 -6.22373969e-02
1.51761570e+00 -6.21584172e-02
1.51844326e+00 -6.20794448e-02
1.51927011e+00 -6.20004795e-02
1.52009626e+00 -6.19215216e-02
1.52092171e+00 -6.18425710e-02
1.52174645e+00 -6.17636278e-02
1.52257048e+00 -6.16846920e-02
1.52339380e+00 -6.16057637e-02
1.52421641e+00 -6.15268429e-02
1.52503831e+00 -6.14479295e-02
1.52585950e+00 -6.13690238e-02
1.52667997e+00 -6.12901256e-02
1.52749972e+00 -6.12112351e-02
1.52831876e+00 -6.11323523e-02
1.52913709e+00 -6.10534771e-02
1.52995469e+00 -6.09746097e-02
1.53077157e+00 -6.08957501e-02
1.53158773e+00 -6.08168983e-02
1.53240317e+00 -6.07380544e-02
1.53321788e+00 -6.06592184e-02
1.53403186e+00 -6.05803903e-02
1.53484512e+00 -6.05015701e-02
1.53565765e+00 -6.04227580e-02
1.53646946e+00 -6.03439539e-02
1.53728053e+00 -6.02651579e-02
1.53809087e+00 -6.01863700e-02
1.53890047e+00 -6.01075902e-02
1.53970934e+00 -6.00288187e-02
1.54051748e+00 -5.99500553e-02
1.54132488e+00 -5.98713002e-02
1.54213154e+00 -5.97925534e-02
1.54293746e+00 -5.97138149e-02
1.54374263e+00 -5.96350848e-02
1.54454707e+00 -5.95563630e-02
1.54535076e+00 -5.94776497e-02
1.54615371e+00 -5.93989449e-02
1.54695592e+00 -5.93202486e-02
1.54775737e+00 -5.92415608e-02
1.54855808e+00 -5.91628815e-02
1.54935803e+00 -5.90842109e-02
1.55015724e+00 -5.90055489e-02
1.55095569e+00 -5.89268956e-02
1.55175340e+00 -5.88482510e-02
1.55255034e+00 -5.87696152e-02
1.55334653e+00 -5.86909881e-02
1.55414196e+00 -5.86123698e-02
1.55493664e+00 -5.85337604e-02
1.55573055e+00 -5.84551599e-02
1.55652370e+00 -5.83765683e-02
1.55731609e+00 -5.82979856e-02
1.55810772e+00 -5.82194119e-02
1.55889858e+00 -5.81408473e-02
1.55968868e+00 -5.80622917e-02
1.56047800e+00 -5.79837451e-02
1.56126656e+00 -5.79052077e-02
1.56205435e+00 -5.78266795e-02
1.56284137e+00 -5.77481604e-02
1.56362762e+00 -5.76696506e-02
1.56441309e+00 -5.75911500e-02
1.56519779e+00 -5.75126586e-02
1.56598171e+00 -5.74341767e-02
1.56676485e+00 -5.73557040e-02
1.56754722e+00 -5.72772408e-02
1.56832880e+00 -5.71987869e-02
1.56910961e+00 -5.71203425e-02
1.56988963e+00 -5.70419076e-02
1.57066887e+00 -5.69634822e-02
1.57144732e+00 -5.68850664e-02
1.57222499e+00 -5.68066601e-02
1.57300186e+00 -5.67282635e-02
1.57377796e+00 -5.66498765e-02
1.57455326e+00 -5.65714991e-02
1.57532777e+00 -5.64931315e-02
1.57610148e+00 -5.64147737e-02
1.57687441e+00 -5.63364256e-02
1.57764653e+00 -5.62580873e-02
1.57841787e+00 -5.61797588e-02
1.57918840e+00 -5.61014402e-02
1.57995814e+00 -5.60231316e-02
1.58072708e+00 -5.59448328e-02
1.58149521e+00 -5.58665440e-02
1.58226254e+00 -5.57882652e-02
1.58302907e+00 -5.57099965e-02
1.58379480e+00 -5.56317378e-02
1.58455972e+00 -5.55534892e-02
1.58532383e+00 -5.54752507e-02
1.58608713e+00 -5.53970224e-02
1.58684962e+00 -5.53188042e-02
1.58761130e+00 -5.52405963e-02
1.58837217e+00 -5.51623986e-02
1.58913223e+00 -5.50842112e-02
1.58989147e+00 -5.50060341e-02
1.59064990e+00 -5.49278673e-02
1.59140750e+00 -5.48497109e-02
1.59216429e+00 -5.47715649e-02
1.59292026e+00 -5.46934293e-02
1.59367541e+00 -5.46153042e-02
1.59442974e+00 -5.45371896e-02
1.59518324e+00 -5.44590854e-02
1.59593592e+00 -5.43809919e-02
1.59668777e+00 -5.43029089e-02
1.59743880e+00 -5.42248365e-02
1.59818899e+00 -5.41467748e-02
1.59893836e+00 -5.40687237e-02
1.59968690e+00 -5.39906834e-02
1.60043460e+00 -5.39126537e-02
1.60118147e+00 -5.38346349e-02
1.60192751e+00 -5.37566268e-02
1.60267271e+00 -5.36786295e-02
1.60341708e+00 -5.36006431e-02
1.60416060e+00 -5.35226675e-02
1.60490329e+00 -5.34447029e-02
1.60564513e+00 -5.33667492e-02
1.60638614e+00 -5.32888064e-02
1.60712630e+00 -5.32108747e-02
1.60786562e+00 -5.31329539e-02
1.60860409e+00 -5.30550442e-02
1.60934171e+00 -5.29771456e-02
1.61007849e+00 -5.28992581e-02
1.61081441e+00 -5.28213817e-02
1.61154949e+00 -5.27435165e-02
1.61228372e+00 -5.26656625e-02
1.61301709e+00 -5.25878197e-02
1.61374961e+00 -5.25099881e-02
1.61448127e+00 -5.24321679e-02
1.61521207e+00 -5.23543589e-02
1.61594202e+00 -5.22765612e-02
1.61667111e+00 -5.21987750e-02
1.61739934e+00 -5.21210001e-02
1.61812671e+00 -5.20432366e-02
1.61885321e+00 -5.19654845e-02
1.61957886e+00 -5.18877440e-02
1.62030363e+00 -5.18100149e-02
1.62102754e+00 -5.17322974e-02
1.62175058e+00 -5.16545914e-02
1.62247276e+00 -5.15768970e-02
1.62319406e+00 -5.14992142e-02
1.62391450e+00 -5.14215430e-02
1.62463406e+00 -5.13438835e-02
1.62535274e+00 -5.12662357e-02
1.62607056e+00 -5.11885996e-02
1.62678749e+00 -5.11109752e-02
1.62750355e+00 -5.10333626e-02
1.62821873e+00 -5.09557618e-02
1.62893303e+00 -5.08781728e-02
1.62964645e+00 -5.08005957e-02
1.63035899e+00 -5.07230304e-02
1.63107065e+00 -5.06454771e-02
1.63178142e+00 -5.05679357e-02
1.63249130e+00 -5.04904062e-02
1.63320030e+00 -5.04128887e-02
1.63390841e+00 -5.03353832e-02
1.63461563e+00 -5.02578898e-02
1.63532196e+00 -5.01804084e-02
1.63602740e+00 -5.01029391e-02
1.63673195e+00 -5.00254819e-02
1.63743560e+00 -4.99480368e-02
1.63813836e+00 -4.98706039e-02
1.63884022e+00 -4.97931832e-02
1.63954118e+00 -4.97157747e-02
1.64024124e+00 -4.96383784e-02
1.64094041e+00 -4.95609944e-02
1.64163867e+00 -4.94836227e-02
1.64233603e+00 -4.94062633e-02
1.64303249e+00 -4.93289162e-02
1.64372804e+00 -4.92515815e-02
1.64442268e+00 -4.91742592e-02
1.64511642e+00 -4.90969493e-02
1.64580925e+00 -4.90196518e-02
1.64650117e+00 -4.89423668e-02
1.64719218e+00 -4.88650943e-02
1.64788228e+00 -4.87878343e-02
1.64857146e+00 -4.87105868e-02
1.64925974e+00 -4.86333519e-02
1.64994709e+00 -4.85561296e-02
1.65063353e+00 -4.84789198e-02
1.65131905e+00 -4.84017227e-02
1.65200365e+00 -4.83245383e-02
1.65268733e+00 -4.82473666e-02
1.65337009e+00 -4.81702075e-02
1.65405193e+00 -4.80930612e-02
1.65473284e+00 -4.80159276e-02
1.65541283e+00 -4.79388069e-02
1.65609189e+00 -4.78616989e-02
1.65677002e+00 -4.77846037e-02
1.65744723e+00 -4.77075214e-02
1.65812350e+00 -4.76304520e-02
1.65879885e+00 -4.75533954e-02
1.65947326e+00 -4.74763518e-02
1.66014674e+00 -4.73993211e-02
1.66081929e+00 -4.73223033e-02
1.66149089e+00 -4.72452986e-02
1.66216157e+00 -4.71683069e-02
1.66283130e+00 -4.70913282e-02
1.66350010e+00 -4.70143625e-02
1.66416795e+00 -4.69374099e-02
1.66483487e+00 -4.68604705e-02
1.66550084e+00 -4.67835441e-02
1.66616586e+00 -4.67066309e-02
1.66682994e+00 -4.66297309e-02
1.66749308e+00 -4.65528440e-02
1.66815527e+00 -4.64759704e-02
1.66881651e+00 -4.63991100e-02
1.66947680e+00 -4.63222629e-02
1.67013614e+00 -4.62454290e-02
1.67079452e+00 -4.61686085e-02
1.67145196e+00 -4.60918012e-02
1.67210844e+00 -4.60150074e-02
1.67276396e+00 -4.59382268e-02
1.67341853e+00 -4.58614597e-02
1.67407214e+00 -4.57847060e-02
1.67472479e+00 -4.57079657e-02
1.67537648e+00 -4.56312389e-02
1.67602720e+00 -4.55545255e-02
1.67667697e+00 -4.54778256e-02
1.67732577e+00 -4.54011393e-02
1.67797361e+00 -4.53244665e-02
1.67862048e+00 -4.52478072e-02
1.67926638e+00 -4.51711616e-02
1.67991132e+00 -4.50945295e-02
1.68055529e+00 -4.50179111e-02
1.68119828e+00 -4.49413063e-02
1.68184031e+00 -4.48647151e-02
1.68248136e+00 -4.47881377e-02
1.68312143e+00 -4.47115740e-02
1.68376053e+00 -4.46350239e-02
1.68439866e+00 -4.45584877e-02
1.68503581e+00 -4.44819652e-02
1.68567197e+00 -4.44054565e-02
1.68630716e+00 -4.43289616e-02
1.68694137e+00 -4.42524805e-02
1.68757460e+00 -4.41760133e-02
1.68820684e+00 -4.40995599e-02
1.68883810e+00 -4.40231204e-02
1.68946837e+00 -4.39466949e-02
1.69009765e+00 -4.38702832e-02
1.69072595e+00 -4.37938855e-02
1.69135326e+00 -4.37175018e-02
1.69197958e+00 -4.36411321e-02
1.69260490e+00 -4.35647764e-02
1.69322924e+00 -4.34884347e-02
1.69385258e+00 -4.34121070e-02
1.69447492e+00 -4.33357934e-02
1.69509627e+00 -4.32594939e-02
1.69571663e+00 -4.31832085e-02
1.69633598e+00 -4.31069373e-02
1.69695434e+00 -4.30306801e-02
1.69757169e+00 -4.29544372e-02
1.69818804e+00 -4.28782084e-02
1.69880339e+00 -4.28019938e-02
1.69941774e+00 -4.27257934e-02
1.70003108e+00 -4.26496072e-02
1.70064342e+00 -4.25734354e-02
1.70125474e+00 -4.24972778e-02
1.70186506e+00 -4.24211344e-02
1.70247437e+00 -4.23450054e-02
1.70308267e+00 -4.22688907e-02
1.70368996e+00 -4.21927904e-02
1.70429624e+00 -4.21167044e-02
1.70490150e+00 -4.20406328e-02
1.70550574e+00 -4.19645757e-02
1.70610897e+00 -4.18885329e-02
1.70671118e+00 -4.18125046e-02
1.70731238e+00 -4.17364907e-02
1.70791255e+00 -4.16604913e-02
1.70851170e+00 -4.15845064e-02
1.70910983e+00 -4.15085360e-02
1.70970694e+00 -4.14325801e-02
1.71030302e+00 -4.13566388e-02
1.71089808e+00 -4.12807120e-02
1.71149211e+00 -4.12047998e-02
1.71208512e+00 -4.11289022e-02
1.71267709e+00 -4.10530192e-02
1.71326804e+00 -4.09771508e-02
1.71385795e+00 -4.09012971e-02
1.71444684e+00 -4.08254581e-02
1.71503469e+00 -4.07496337e-02
1.71562150e+00 -4.06738240e-02
1.71620728e+00 -4.05980291e-02
1.71679203e+00 -4.05222489e-02
1.71737573e+00 -4.04464834e-02
1.71795840e+00 -4.03707327e-02
1.71854003e+00 -4.02949968e-02
1.71912061e+00 -4.02192756e-02
1.71970016e+00 -4.01435693e-02
1.72027866e+00 -4.00678778e-02
1.72085612e+00 -3.99922012e-02
1.72143253e+00 -3.99165394e-02
1.72200790e+00 -3.98408925e-02
1.72258222e+00 -3.97652605e-02
1.72315549e+00 -3.96896434e-02
1.72372771e+00 -3.96140412e-02
1.72429887e+00 -3.95384540e-02
1.72486899e+00 -3.94628817e-02
1.72543806e+00 -3.93873244e-02
1.72600607e+00 -3.93117821e-02
1.72657302e+00 -3.92362548e-02
1.72713892e+00 -3.91607426e-02
1.72770376e+00 -3.90852453e-02
1.72826754e+00 -3.90097631e-02
1.72883027e+00 -3.89342960e-02
1.72939193e+00 -3.88588440e-02
1.72995253e+00 -3.87834070e-02
1.73051207e+00 -3.87079852e-02
1.73107054e+00 -3.86325785e-02
1.73162795e+00 -3.85571869e-02
1.73218429e+00 -3.84818105e-02
1.73273957e+00 -3.84064493e-02
1.73329377e+00 -3.83311032e-02
1.73384691e+00 -3.82557724e-02
1.73439898e+00 -3.81804568e-02
1.73494997e+00 -3.81051564e-02
1.73549990e+00 -3.80298712e-02
1.73604874e+00 -3.79546013e-02
1.73659652e+00 -3.78793467e-02
1.73714322e+00 -3.78041074e-02
1.73768884e+00 -3.77288833e-02
1.73823338e+00 -3.76536746e-02
1.73877685e+00 -3.75784813e-02
1.73931923e+00 -3.75033032e-02
1.73986053e+00 -3.74281405e-02
1.74040075e+00 -3.73529932e-02
1.74093989e+00 -3.72778613e-02
1.74147794e+00 -3.72027448e-02
1.74201491e+00 -3.71276437e-02
1.74255079e+00 -3.70525580e-02
1.74308558e+00 -3.69774878e-02
1.74361928e+00 -3.69024330e-02
1.74415190e+00 -3.68273937e-02
1.74468342e+00 -3.67523698e-02
1.74521385e+00 -3.66773615e-02
1.74574319e+00 -3.66023687e-02
1.74627143e+00 -3.65273913e-02
1.74679858e+00 -3.64524296e-02
1.74732463e+00 -3.63774833e-02
1.74784958e+00 -3.63025527e-02
1.74837344e+00 -3.62276376e-02
1.74889619e+00 -3.61527380e-02
1.74941785e+00 -3.60778541e-02
1.74993840e+00 -3.60029858e-02
1.75045786e+00 -3.59281331e-02
1.75097620e+00 -3.58532961e-02
1.75149345e+00 -3.57784747e-02
1.75200958e+00 -3.57036689e-02
1.75252461e+00 -3.56288789e-02
1.75303854e+00 -3.55541045e-02
1.75355135e+00 -3.54793458e-02
1.75406305e+00 -3.54046028e-02
1.75457364e+00 -3.53298756e-02
1.75508312e+00 -3.52551641e-02
1.75559149e+00 -3.51804683e-02
1.75609874e+00 -3.51057883e-02
1.75660488e+00 -3.50311241e-02
1.75710990e+00 -3.49564756e-02
1.75761381e+00 -3.48818429e-02
1.75811659e+00 -3.48072261e-02
1.75861826e+00 -3.47326250e-02
1.75911880e+00 -3.46580398e-02
1.75961822e+00 -3.45834704e-02
1.76011653e+00 -3.45089169e-02
1.76061370e+00 -3.44343792e-02
1.76110976e+00 -3.43598574e-02
1.76160468e+00 -3.42853515e-02
1.76209848e+00 -3.42108615e-02
1.76259115e+00 -3.41363874e-02
1.76308270e+00 -3.40619292e-02
1.76357311e+00 -3.39874869e-02
1.76406239e+00 -3.39130606e-02
1.76455054e+00 -3.38386502e-02
1.76503756e+00 -3.37642558e-02
1.76552345e+00 -3.36898774e-02
1.76600819e+00 -3.36155149e-02
1.76649181e+00 -3.35411685e-02
1.76697428e+00 -3.34668380e-02
1.76745562e+00 -3.33925236e-02
1.76793582e+00 -3.33182251e-02
1.76841488e+00 -3.32439428e-02
1.76889279e+00 -3.31696764e-02
1.76936957e+00 -3.30954261e-02
1.76984520e+00 -3.30211919e-02
1.77031969e+00 -3.29469737e-02
1.77079303e+00 -3.28727717e-02
1.77126522e+00 -3.27985857e-02
1.77173627e+00 -3.27244158e-02
1.77220617e+00 -3.26502621e-02
1.77267492e+00 -3.25761245e-02
1.77314252e+00 -3.25020030e-02
1.77360897e+00 -3.24278976e-02
1.77407427e+00 -3.23538084e-02
1.77453841e+00 -3.22797354e-02
1.77500140e+00 -3.22056785e-02
1.77546323e+00 -3.21316378e-02
1.77592391e+00 -3.20576133e-02
1.77638343e+00 -3.19836050e-02
1.77684179e+00 -3.19096129e-02
1.77729899e+00 -3.18356371e-02
1.77775503e+00 -3.17616774e-02
1.77820991e+00 -3.16877340e-02
1.77866363e+00 -3.16138069e-02
1.77911618e+00 -3.15398959e-02
1.77956757e+00 -3.14660013e-02
1.78001779e+00 -3.13921229e-02
1.78046685e+00 -3.13182608e-02
1.78091474e+00 -3.12444150e-02
1.78136146e+00 -3.11705855e-02
1.78180701e+00 -3.10967723e-02
1.78225139e+00 -3.10229754e-02
1.78269460e+00 -3.09491948e-02
1.78313664e+00 -3.08754306e-02
1.78357750e+00 -3.08016827e-02
1.78401719e+00 -3.07279511e-02
1.78445570e+00 -3.06542359e-02
1.78489304e+00 -3.05805371e-02
1.78532920e+00 -3.05068546e-02
1.78576418e+00 -3.04331885e-02
1.78619798e+00 -3.03595388e-02
1.78663061e+00 -3.02859055e-02
1.78706205e+00 -3.02122886e-02
1.78749230e+00 -3.01386881e-02
1.78792138e+00 -3.00651040e-02
1.78834927e+00 -2.99915364e-02
1.78877597e+00 -2.99179851e-02
1.78920149e+00 -2.98444504e-02
1.78962582e+00 -2.97709320e-02
1.79004897e+00 -2.96974301e-02
1.79047092e+00 -2.96239447e-02
1.79089168e+00 -2.95504758e-02
1.79131126e+00 -2.94770233e-02
1.79172964e+00 -2.94035873e-02
1.79214682e+00 -2.93301678e-02
1.79256282e+00 -2.92567648e-02
1.79297761e+00 -2.91833783e-02
1.79339122e+00 -2.91100083e-02
1.79380362e+00 -2.90366548e-02
1.79421483e+00 -2.89633179e-02
1.79462484e+00 -2.88899974e-02
1.79503365e+00 -2.88166935e-02
1.79544125e+00 -2.87434062e-02
1.79584766e+00 -2.86701354e-02
1.79625286e+00 -2.85968812e-02
1.79665686e+00 -2.85236435e-02
1.79705965e+00 -2.84504224e-02
1.79746124e+00 -2.83772179e-02
1.79786163e+00 -2.83040299e-02
1.79826080e+00 -2.82308586e-02
1.79865877e+00 -2.81577038e-02
1.79905552e+00 -2.80845657e-02
1.79945107e+00 -2.80114441e-02
1.79984540e+00 -2.79383392e-02
1.80023853e+00 -2.78652508e-02
1.80063043e+00 -2.77921791e-02
1.80102113e+00 -2.77191241e-02
1.80141061e+00 -2.76460856e-02
1.80179887e+00 -2.75730638e-02
1.80218592e+00 -2.75000587e-02
1.80257175e+00 -2.74270702e-02
1.80295636e+00 -2.73540983e-02
1.80333975e+00 -2.72811431e-02
1.80372191e+00 -2.72082046e-02
1.80410286e+00 -2.71352828e-02
1.80448259e+00 -2.70623776e-02
1.80486109e+00 -2.69894891e-02
1.80523836e+00 -2.69166173e-02
1.80561441e+00 -2.68437622e-02
1.80598924e+00 -2.67709238e-02
1.80636283e+00 -2.66981021e-02
1.80673520e+00 -2.66252971e-02
1.80710634e+00 -2.65525088e-02
1.80747625e+00 -2.64797372e-02
1.80784492e+00 -2.64069824e-02
1.80821237e+00 -2.63342443e-02
1.80857858e+00 -2.62615229e-02
1.80894356e+00 -2.61888182e-02
1.80930730e+00 -2.61161303e-02
1.80966981e+00 -2.60434591e-02
1.81003108e+00 -2.59708047e-02
1.81039111e+00 -2.58981670e-02
1.81074991e+00 -2.58255461e-02
1.81110746e+00 -2.57529420e-02
1.81146378e+00 -2.56803546e-02
1.81181885e+00 -2.56077840e-02
1.81217268e+00 -2.55352301e-02
1.81252527e+00 -2.54626930e-02
1.81287662e+00 -2.53901727e-02
1.81322671e+00 -2.53176692e-02
1.81357557e+00 -2.52451825e-02
1.81392317e+00 -2.51727126e-02
1.81426953e+00 -2.51002595e-02
1.81461464e+00 -2.50278231e-02
1.81495850e+00 -2.49554036e-02
1.81530111e+00 -2.48830009e-02
1.81564247e+00 -2.48106149e-02
1.81598258e+00 -2.47382458e-02
1.81632143e+00 -2.46658936e-02
1.81665903e+00 -2.45935581e-02
1.81699538e+00 -2.45212394e-02
1.81733046e+00 -2.44489376e-02
1.81766430e+00 -2.43766526e-02
1.81799687e+00 -2.43043845e-02
1.81832819e+00 -2.42321331e-02
1.81865824e+00 -2.41598987e-02
1.81898704e+00 -2.40876810e-02
1.81931457e+00 -2.40154802e-02
1.81964084e+00 -2.39432962e-02
1.81996585e+00 -2.38711291e-02
1.82028960e+00 -2.37989789e-02
1.82061208e+00 -2.37268455e-02
1.82093329e+00 -2.36547289e-02
1.82125324e+00 -2.35826292e-02
1.82157192e+00 -2.35105464e-02
1.82188934e+00 -2.34384804e-02
1.82220548e+00 -2.33664313e-02
1.82252035e+00 -2.32943991e-02
1.82283395e+00 -2.32223837e-02
1.82314629e+00 -2.31503852e-02
1.82345734e+00 -2.30784036e-02
1.82376713e+00 -2.30064388e-02
1.82407564e+00 -2.29344910e-02
1.82438287e+00 -2.28625600e-02
1.82468883e+00 -2.27906459e-02
1.82499351e+00 -2.27187487e-02
1.82529691e+00 -2.26468683e-02
1.82559904e+00 -2.25750049e-02
1.82589988e+00 -2.25031583e-02
1.82619944e+00 -2.24313287e-02
1.82649773e+00 -2.23595159e-02
1.82679473e+00 -2.22877200e-02
1.82709044e+00 -2.22159410e-02
1.82738487e+00 -2.21441789e-02
1.82767802e+00 -2.20724337e-02
1.82796988e+00 -2.20007054e-02
1.82826046e+00 -2.19289940e-02
1.82854975e+00 -2.18572995e-02
1.82883775e+00 -2.17856220e-02
1.82912446e+00 -2.17139613e-02
1.82940988e+00 -2.16423175e-02
1.82969400e+00 -2.15706906e-02
1.82997684e+00 -2.14990806e-02
1.83025839e+00 -2.14274876e-02
1.83053864e+00 -2.13559114e-02
1.83081759e+00 -2.12843521e-02
1.83109525e+00 -2.12128098e-02
1.83137162e+00 -2.11412844e-02
1.83164669e+00 -2.10697758e-02
1.83192046e+00 -2.09982842e-02
1.83219293e+00 -2.09268095e-02
1.83246410e+00 -2.08553518e-02
1.83273398e+00 -2.07839109e-02
1.83300255e+00 -2.07124869e-02
1.83326982e+00 -2.06410799e-02
1.83353578e+00 -2.05696897e-02
1.83380045e+00 -2.04983165e-02
1.83406381e+00 -2.04269602e-02
1.83432586e+00 -2.03556208e-02
1.83458661e+00 -2.02842983e-02
1.83484605e+00 -2.02129927e-02
1.83510418e+00 -2.01417041e-02
1.83536100e+00 -2.00704323e-02
1.83561652e+00 -1.99991775e-02
1.83587072e+00 -1.99279396e-02
1.83612362e+00 -1.98567186e-02
1.83637520e+00 -1.97855145e-02
1.83662547e+00 -1.97143273e-02
1.83687442e+00 -1.96431570e-02
1.83712206e+00 -1.95720036e-02
1.83736839e+00 -1.95008672e-02
1.83761339e+00 -1.94297476e-02
1.83785709e+00 -1.93586450e-02
1.83809946e+00 -1.92875593e-02
1.83834052e+00 -1.92164904e-02
1.83858026e+00 -1.91454385e-02
1.83881867e+00 -1.90744035e-02
1.83905577e+00 -1.90033854e-02
1.83929154e+00 -1.89323842e-02
1.83952599e+00 -1.88613999e-02
1.83975912e+00 -1.87904325e-02
1.83999093e+00 -1.87194820e-02
1.84022141e+00 -1.86485484e-02
1.84045056e+00 -1.85776317e-02
1.84067839e+00 -1.85067319e-02
1.84090489e+00 -1.84358490e-02
1.84113006e+00 -1.83649830e-02
1.84135390e+00 -1.82941339e-02
1.84157641e+00 -1.82233016e-02
1.84179759e+00 -1.81524863e-02
1.84201744e+00 -1.80816878e-02
1.84223596e+00 -1.80109063e-02
1.84245315e+00 -1.79401416e-02
1.84266900e+00 -1.78693938e-02
1.84288352e+00 -1.77986629e-02
1.84309670e+00 -1.77279488e-02
1.84330855e+00 -1.76572517e-02
1.84351906e+00 -1.75865714e-02
1.84372823e+00 -1.75159080e-02
1.84393606e+00 -1.74452614e-02
1.84414255e+00 -1.73746318e-02
1.84434771e+00 -1.73040190e-02
1.84455152e+00 -1.72334230e-02
1.84475399e+00 -1.71628439e-02
1.84495512e+00 -1.70922817e-02
1.84515491e+00 -1.70217364e-02
1.84535335e+00 -1.69512079e-02
1.84555044e+00 -1.68806962e-02
1.84574620e+00 -1.68102014e-02
1.84594060e+00 -1.67397235e-02
1.84613366e+00 -1.66692624e-02
1.84632537e+00 -1.65988181e-02
1.84651573e+00 -1.65283907e-02
1.84670475e+00 -1.64579801e-02
1.84689241e+00 -1.63875864e-02
1.84707872e+00 -1.63172095e-02
1.84726368e+00 -1.62468494e-02
1.84744729e+00 -1.61765062e-02
1.84762954e+00 -1.61061798e-02
1.84781044e+00 -1.60358701e-02
1.84798999e+00 -1.59655774e-02
1.84816818e+00 -1.58953014e-02
1.84834502e+00 -1.58250422e-02
1.84852049e+00 -1.57547999e-02
1.84869461e+00 -1.56845743e-02
1.84886737e+00 -1.56143656e-02
1.84903878e+00 -1.55441737e-02
1.84920882e+00 -1.54739985e-02
1.84937750e+00 -1.54038402e-02
1.84954482e+00 -1.53336986e-02
1.84971078e+00 -1.52635738e-02
1.84987537e+00 -1.51934658e-02
1.85003861e+00 -1.51233746e-02
1.85020047e+00 -1.50533002e-02
1.85036098e+00 -1.49832425e-02
1.85052011e+00 -1.49132016e-02
1.85067788e+00 -1.48431775e-02
1.85083428e+00 -1.47731701e-02
1.85098932e+00 -1.47031795e-02
1.85114298e+00 -1.46332056e-02
1.85129528e+00 -1.45632485e-02
1.85144620e+00 -1.44933081e-02
1.85159576e+00 -1.44233845e-02
1.85174394e+00 -1.43534776e-02
1.85189075e+00 -1.42835874e-02
1.85203619e+00 -1.42137139e-02
1.85218025e+00 -1.41438572e-02
1.85232294e+00 -1.40740172e-02
1.85246425e+00 -1.40041939e-02
1.85260419e+00 -1.39343874e-02
1.85274275e+00 -1.38645975e-02
1.85287993e+00 -1.37948243e-02
1.85301574e+00 -1.37250679e-02
1.85315016e+00 -1.36553281e-02
1.85328321e+00 -1.35856050e-02
1.85341487e+00 -1.35158986e-02
1.85354516e+00 -1.34462089e-02
1.85367406e+00 -1.33765358e-02
1.85380158e+00 -1.33068794e-02
1.85392772e+00 -1.32372397e-02
1.85405247e+00 -1.31676167e-02
1.85417584e+00 -1.30980103e-02
1.85429782e+00 -1.30284205e-02
1.85441842e+00 -1.29588474e-02
1.85453763e+00 -1.28892909e-02
1.85465545e+00 -1.28197511e-02
1.85477188e+00 -1.27502279e-02
1.85488693e+00 -1.26807213e-02
1.85500058e+00 -1.26112313e-02
1.85511285e+00 -1.25417580e-02
1.85522372e+00 -1.24723013e-02
1.85533321e+00 -1.24028611e-02
1.85544130e+00 -1.23334376e-02
1.85554800e+00 -1.22640307e-02
1.85565330e+00 -1.21946403e-02
1.85575721e+00 -1.21252665e-02
1.85585972e+00 -1.20559093e-02
1.85596084e+00 -1.19865687e-02
1.85606056e+00 -1.19172446e-02
1.85615889e+00 -1.18479371e-02
1.85625582e+00 -1.17786462e-02
1.85635135e+00 -1.17093718e-02
1.85644548e+00 -1.16401139e-02
1.85653821e+00 -1.15708726e-02
1.85662953e+00 -1.15016478e-02
1.85671946e+00 -1.14324395e-02
1.85680799e+00 -1.13632478e-02
1.85689511e+00 -1.12940726e-02
1.85698083e+00 -1.12249138e-02
1.85706515e+00 -1.11557716e-02
1.85714806e+00 -1.10866458e-02
1.85722957e+00 -1.10175366e-02
1.85730967e+00 -1.09484438e-02
1.85738836e+00 -1.08793675e-02
1.85746565e+00 -1.08103077e-02
1.85754153e+00 -1.07412643e-02
1.85761600e+00 -1.06722374e-02
1.85768906e+00 -1.06032270e-02
1.85776072e+00 -1.05342330e-02
1.85783096e+00 -1.04652554e-02
1.85789979e+00 -1.03962942e-02
1.85796721e+00 -1.03273495e-02
1.85803321e+00 -1.02584212e-02
1.85809780e+00 -1.01895093e-02
1.85816098e+00 -1.01206138e-02
1.85822275e+00 -1.00517347e-02
1.85828310e+00 -9.98287203e-03
1.85834203e+00 -9.91402571e-03
1.85839955e+00 -9.84519576e-03
1.85845565e+00 -9.77638219e-03
1.85851033e+00 -9.70758497e-03
1.85856360e+00 -9.63880411e-03
1.85861544e+00 -9.57003960e-03
1.85866587e+00 -9.50129143e-03
1.85871488e+00 -9.43255959e-03
1.85876246e+00 -9.36384408e-03
1.85880863e+00 -9.29514489e-03
1.85885337e+00 -9.22646202e-03
1.85889669e+00 -9.15779544e-03
1.85893858e+00 -9.08914517e-03
1.85897905e+00 -9.02051118e-03
1.85901810e+00 -8.95189348e-03
1.85905572e+00 -8.88329206e-03
1.85909192e+00 -8.81470690e-03
1.85912669e+00 -8.74613800e-03
1.85916003e+00 -8.67758535e-03
1.85919195e+00 -8.60904895e-03
1.85922244e+00 -8.54052879e-03
1.85925149e+00 -8.47202486e-03
1.85927912e+00 -8.40353715e-03
1.85930532e+00 -8.33506565e-03
1.85933009e+00 -8.26661036e-03
1.85935342e+00 -8.19817127e-03
1.85937533e+00 -8.12974837e-03
1.85939580e+00 -8.06134165e-03
1.85941484e+00 -7.99295111e-03
1.85943244e+00 -7.92457673e-03
1.85944861e+00 -7.85621851e-03
1.85946335e+00 -7.78787645e-03
1.85947665e+00 -7.71955052e-03
1.85948851e+00 -7.65124074e-03
1.85949894e+00 -7.58294707e-03
1.85950793e+00 -7.51466953e-03
1.85951548e+00 -7.44640809e-03
1.85952159e+00 -7.37816276e-03
1.85952627e+00 -7.30993352e-03
1.85952950e+00 -7.24172036e-03
1.85953130e+00 -7.17352328e-03
1.85953165e+00 -7.10534227e-03
1.85953056e+00 -7.03717732e-03
1.85952803e+00 -6.96902841e-03
1.85952405e+00 -6.90089556e-03
1.85951864e+00 -6.83277873e-03
1.85951178e+00 -6.76467793e-03
1.85950347e+00 -6.69659314e-03
1.85949372e+00 -6.62852437e-03
1.85948252e+00 -6.56047159e-03
1.85946988e+00 -6.49243480e-03
1.85945579e+00 -6.42441399e-03
1.85944026e+00 -6.35640915e-03
1.85942327e+00 -6.28842028e-03
1.85940484e+00 -6.22044736e-03
1.85938496e+00 -6.15249039e-03
1.85936363e+00 -6.08454936e-03
1.85934085e+00 -6.01662425e-03
1.85931662e+00 -5.94871506e-03
1.85929093e+00 -5.88082177e-03
1.85926380e+00 -5.81294439e-03
1.85923521e+00 -5.74508290e-03
1.85920517e+00 -5.67723729e-03
1.85917368e+00 -5.60940755e-03
1.85914073e+00 -5.54159368e-03
1.85910632e+00 -5.47379566e-03
1.85907047e+00 -5.40601348e-03
1.85903315e+00 -5.33824714e-03
1.85899438e+00 -5.27049662e-03
1.85895416e+00 -5.20276192e-03
1.85891247e+00 -5.13504303e-03
1.85886933e+00 -5.06733993e-03
1.85882473e+00 -4.99965262e-03
1.85877867e+00 -4.93198108e-03
1.85873115e+00 -4.86432532e-03
1.85868217e+00 -4.79668531e-03
1.85863173e+00 -4.72906105e-03
1.85857983e+00 -4.66145253e-03
1.85852647e+00 -4.59385974e-03
1.85847164e+00 -4.52628266e-03
1.85841535e+00 -4.45872130e-03
1.85835760e+00 -4.39117563e-03
1.85829839e+00 -4.32364566e-03
1.85823771e+00 -4.25613136e-03
1.85817556e+00 -4.18863273e-03
1.85811195e+00 -4.12114976e-03
1.85804688e+00 -4.05368244e-03
1.85798034e+00 -3.98623076e-03
1.85791233e+00 -3.91879471e-03
1.85784285e+00 -3.85137427e-03
1.85777191e+00 -3.78396945e-03
1.85769949e+00 -3.71658022e-03
1.85762561e+00 -3.64920658e-03
1.85755026e+00 -3.58184852e-03
1.85747344e+00 -3.51450602e-03
1.85739514e+00 -3.44717909e-03
1.85731538e+00 -3.37986769e-03
1.85723414e+00 -3.31257184e-03
1.85715144e+00 -3.24529151e-03
1.85706726e+00 -3.17802669e-03
1.85698160e+00 -3.11077738e-03
1.85689448e+00 -3.04354356e-03
1.85680587e+00 -2.97632522e-03
1.85671580e+00 -2.90912236e-03
1.85662425e+00 -2.84193496e-03
1.85653122e+00 -2.77476301e-03
1.85643672e+00 -2.70760650e-03
1.85634074e+00 -2.64046542e-03
1.85624328e+00 -2.57333975e-03
1.85614435e+00 -2.50622950e-03
1.85604394e+00 -2.43913464e-03
1.85594204e+00 -2.37205517e-03
1.85583867e+00 -2.30499107e-03
1.85573382e+00 -2.23794234e-03
1.85562750e+00 -2.17090896e-03
1.85551969e+00 -2.10389092e-03
1.85541039e+00 -2.03688821e-03
1.85529962e+00 -1.96990082e-03
1.85518737e+00 -1.90292874e-03
1.85507363e+00 -1.83597196e-03
1.85495841e+00 -1.76903046e-03
1.85484171e+00 -1.70210424e-03
1.85472352e+00 -1.63519328e-03
1.85460385e+00 -1.56829758e-03
1.85448269e+00 -1.50141711e-03
1.85436005e+00 -1.43455188e-03
1.85423592e+00 -1.36770186e-03
1.85411031e+00 -1.30086705e-03
1.85398321e+00 -1.23404744e-03
1.85385462e+00 -1.16724301e-03
1.85372454e+00 -1.10045375e-03
1.85359298e+00 -1.03367965e-03
1.85345993e+00 -9.66920703e-04
1.85332539e+00 -9.00176892e-04
1.85318936e+00 -8.33448207e-04
1.85305184e+00 -7.66734636e-04
1.85291282e+00 -7.00036167e-04
1.85277232e+00 -6.33352790e-04
1.85263033e+00 -5.66684491e-04
1.85248685e+00 -5.00031259e-04
1.85234187e+00 -4.33393083e-04
1.85219540e+00 -3.66769950e-04
1.85204744e+00 -3.00161849e-04
1.85189798e+00 -2.33568768e-04
1.85174703e+00 -1.66990694e-04
1.85159459e+00 -1.00427616e-04
1.85144065e+00 -3.38795223e-05
1.85128522e+00 3.26536002e-05
1.85112829e+00 9.91717630e-05
1.85096986e+00 1.65674978e-04
1.85080994e+00 2.32163258e-04
1.85064852e+00 2.98636615e-04
1.85048560e+00 3.65095060e-04
1.85032119e+00 4.31538607e-04
1.85015528e+00 4.97967267e-04
1.84998787e+00 5.64381052e-04
1.84981896e+00 6.30779976e-04
1.84964855e+00 6.97164050e-04
1.84947664e+00 7.63533287e-04
1.84930323e+00 8.29887698e-04
1.84912832e+00 8.96227298e-04
1.84895190e+00 9.62552097e-04
1.84877399e+00 1.02886211e-03
1.84859458e+00 1.09515734e-03
1.84841366e+00 1.16143782e-03
1.84823124e+00 1.22770354e-03
1.84804731e+00 1.29395453e-03
1.84786189e+00 1.36019079e-03
1.84767495e+00 1.42641234e-03
1.84748652e+00 1.49261919e-03
1.84729658e+00 1.55881135e-03
1.84710513e+00 1.62498884e-03
1.84691218e+00 1.69115167e-03
1.84671772e+00 1.75729985e-03
1.84652176e+00 1.82343339e-03
1.84632429e+00 1.88955231e-03
1.84612531e+00 1.95565662e-03
1.84592482e+00 2.02174634e-03
1.84572283e+00 2.08782147e-03
1.84551933e+00 2.15388203e-03
1.84531432e+00 2.21992803e-03
1.84510780e+00 2.28595948e-03
1.84489977e+00 2.35197640e-03
1.84469023e+00 2.41797881e-03
1.84447918e+00 2.48396670e-03
1.84426662e+00 2.54994011e-03
1.84405254e+00 2.61589903e-03
1.84383696e+00 2.68184349e-03
1.84361987e+00 2.74777349e-03
1.84340126e+00 2.81368906e-03
1.84318114e+00 2.87959020e-03
1.84295951e+00 2.94547692e-03
1.84273636e+00 3.01134924e-03
1.84251170e+00 3.07720718e-03
1.84228553e+00 3.14305074e-03
1.84205784e+00 3.20887994e-03
1.84182864e+00 3.27469480e-03
1.84159792e+00 3.34049532e-03
1.84136569e+00 3.40628152e-03
1.84113194e+00 3.47205341e-03
1.84089667e+00 3.53781102e-03
1.84065989e+00 3.60355434e-03
1.84042159e+00 3.66928339e-03
1.84018178e+00 3.73499820e-03
1.83994045e+00 3.80069876e-03
1.83969759e+00 3.86638510e-03
1.83945323e+00 3.93205723e-03
1.83920734e+00 3.99771516e-03
1.83895993e+00 4.06335890e-03
1.83871100e+00 4.12898848e-03
1.83846056e+00 4.19460390e-03
1.83820859e+00 4.26020517e-03
1.83795510e+00 4.32579232e-03
1.83770010e+00 4.39136535e-03
1.83744357e+00 4.45692428e-03
1.83718552e+00 4.52246912e-03
1.83692595e+00 4.58799989e-03
1.83666486e+00 4.65351660e-03
1.83640224e+00 4.71901926e-03
1.83613810e+00 4.78450789e-03
1.83587244e+00 4.84998251e-03
1.83560526e+00 4.91544312e-03
1.83533655e+00 4.98088974e-03
1.83506632e+00 5.04632238e-03
1.83479456e+00 5.11174106e-03
1.83452128e+00 5.17714580e-03
1.83424647e+00 5.24253660e-03
1.83397014e+00 5.30791348e-03
1.83369229e+00 5.37327646e-03
1.83341291e+00 5.43862555e-03
1.83313200e+00 5.50396076e-03
1.83284956e+00 5.56928211e-03
1.83256560e+00 5.63458961e-03
1.83228011e+00 5.69988328e-03
1.83199310e+00 5.76516312e-03
1.83170455e+00 5.83042917e-03
1.83141448e+00 5.89568142e-03
1.83112288e+00 5.96091990e-03
1.83082975e+00 6.02614461e-03
1.83053509e+00 6.09135558e-03
1.83023891e+00 6.15655281e-03
1.82994119e+00 6.22173633e-03
1.82964195e+00 6.28690614e-03
1.82934117e+00 6.35206226e-03
1.82903886e+00 6.41720471e-03
1.82873503e+00 6.48233350e-03
1.82842966e+00 6.54744864e-03
1.82812276e+00 6.61255015e-03
1.82781433e+00 6.67763805e-03
1.82750437e+00 6.74271234e-03
1.82719287e+00 6.80777305e-03
1.82687985e+00 6.87282018e-03
1.82656529e+00 6.93785376e-03
1.82624919e+00 7.00287379e-03
1.82593157e+00 7.06788030e-03
1.82561241e+00 7.13287329e-03
1.82529172e+00 7.19785279e-03
1.82496949e+00 7.26281880e-03
1.82464573e+00 7.32777134e-03
1.82432044e+00 7.39271043e-03
1.82399361e+00 7.45763608e-03
1.82366524e+00 7.52254830e-03
1.82333534e+00 7.58744712e-03
1.82300391e+00 7.65233254e-03
1.82267094e+00 7.71720458e-03
1.82233643e+00 7.78206326e-03
1.82200039e+00 7.84690859e-03
1.82166281e+00 7.91174059e-03
1.82132369e+00 7.97655927e-03
1.82098304e+00 8.04136464e-03
1.82064084e+00 8.10615673e-03
1.82029712e+00 8.17093554e-03
1.81995185e+00 8.23570109e-03
1.81960505e+00 8.30045340e-03
1.81925670e+00 8.36519248e-03
1.81890682e+00 8.42991835e-03
1.81855540e+00 8.49463102e-03
1.81820244e+00 8.55933051e-03
1.81784794e+00 8.62401683e-03
1.81749191e+00 8.68869000e-03
1.81713433e+00 8.75335003e-03
1.81677521e+00 8.81799694e-03
1.81641455e+00 8.88263075e-03
1.81605236e+00 8.94725146e-03
1.81568862e+00 9.01185910e-03
1.81532334e+00 9.07645368e-03
1.81495652e+00 9.14103522e-03
1.81458816e+00 9.20560372e-03
1.81421825e+00 9.27015922e-03
1.81384681e+00 9.33470171e-03
1.81347382e+00 9.39923122e-03
1.81309929e+00 9.46374777e-03
1.81272322e+00 9.52825136e-03
1.81234561e+00 9.59274202e-03
1.81196645e+00 9.65721976e-03
1.81158575e+00 9.72168459e-03
1.81120351e+00 9.78613654e-03
1.81081973e+00 9.85057561e-03
1.81043440e+00 9.91500182e-03
1.81004752e+00 9.97941519e-03
1.80965910e+00 1.00438157e-02
1.80926914e+00 1.01082035e-02
1.80887764e+00 1.01725784e-02
1.80848459e+00 1.02369406e-02
1.80808999e+00 1.03012900e-02
1.80769385e+00 1.03656266e-02
1.80729616e+00 1.04299505e-02
1.80689693e+00 1.04942617e-02
1.80649616e+00 1.05585602e-02
1.80609383e+00 1.06228460e-02
1.80568997e+00 1.06871192e-02
1.80528455e+00 1.07513797e-02
1.80487759e+00 1.08156275e-02
1.80446908e+00 1.08798628e-02
1.80405903e+00 1.09440854e-02
1.80364743e+00 1.10082954e-02
1.80323428e+00 1.10724929e-02
1.80281959e+00 1.11366778e-02
1.80240335e+00 1.12008502e-02
1.80198556e+00 1.12650100e-02
1.80156622e+00 1.13291574e-02
1.80114533e+00 1.13932922e-02
1.80072290e+00 1.14574146e-02
1.80029892e+00 1.15215245e-02
1.79987339e+00 1.15856219e-02
1.79944631e+00 1.16497070e-02
1.79901768e+00 1.17137796e-02
1.79858751e+00 1.17778398e-02
1.79815578e+00 1.18418876e-02
1.79772251e+00 1.19059231e-02
1.79728769e+00 1.19699462e-02
1.79685131e+00 1.20339570e-02
1.79641339e+00 1.20979555e-02
1.79597392e+00 1.21619417e-02
1.79553290e+00 1.22259156e-02
1.79509033e+00 1.22898772e-02
1.79464621e+00 1.23538266e-02
1.79420053e+00 1.24177637e-02
1.79375331e+00 1.24816887e-02
1.79330454e+00 1.25456014e-02
1.79285421e+00 1.26095019e-02
1.79240234e+00 1.26733903e-02
1.79194891e+00 1.27372665e-02
1.79149393e+00 1.28011306e-02
1.79103741e+00 1.28649825e-02
1.79057933e+00 1.29288224e-02
1.79011969e+00 1.29926502e-02
1.78965851e+00 1.30564659e-02
1.78919578e+00 1.31202695e-02
1.78873149e+00 1.31840611e-02
1.78826565e+00 1.32478407e-02
1.78779826e+00 1.33116083e-02
1.78732932e+00 1.33753639e-02
1.78685882e+00 1.34391075e-02
1.78638677e+00 1.35028392e-02
1.78591317e+00 1.35665589e-02
1.78543802e+00 1.36302667e-02
1.78496131e+00 1.36939626e-02
1.78448305e+00 1.37576466e-02
1.78400324e+00 1.38213187e-02
1.78352188e+00 1.38849790e-02
1.78303896e+00 1.39486274e-02
1.78255449e+00 1.40122641e-02
1.78206846e+00 1.40758889e-02
1.78158088e+00 1.41395019e-02
1.78109175e+00 1.42031032e-02
1.78060106e+00 1.42666927e-02
1.78010882e+00 1.43302704e-02
1.77961503e+00 1.43938364e-02
1.77911968e+00 1.44573908e-02
1.77862278e+00 1.45209334e-02
1.77812432e+00 1.45844644e-02
1.77762431e+00 1.46479837e-02
1.77712275e+00 1.47114914e-02
1.77661963e+00 1.47749874e-02
1.77611495e+00 1.48384719e-02
1.77560873e+00 1.49019447e-02
1.77510094e+00 1.49654060e-02
1.77459160e+00 1.50288557e-02
1.77408071e+00 1.50922939e-02
1.77356826e+00 1.51557206e-02
1.77305426e+00 1.52191358e-02
1.77253870e+00 1.52825395e-02
1.77202159e+00 1.53459317e-02
1.77150292e+00 1.54093124e-02
1.77098270e+00 1.54726818e-02
1.77046092e+00 1.55360397e-02
1.76993759e+00 1.55993862e-02
1.76941270e+00 1.56627213e-02
1.76888625e+00 1.57260450e-02
1.76835825e+00 1.57893574e-02
1.76782869e+00 1.58526585e-02
1.76729758e+00 1.59159483e-02
1.76676491e+00 1.59792267e-02
1.76623069e+00 1.60424939e-02
1.76569491e+00 1.61057498e-02
1.76515758e+00 1.61689944e-02
1.76461869e+00 1.62322278e-02
1.76407824e+00 1.62954500e-02
1.76353624e+00 1.63586610e-02
1.76299268e+00 1.64218608e-02
1.76244756e+00 1.64850495e-02
1.76190089e+00 1.65482270e-02
1.76135267e+00 1.66113934e-02
1.76080288e+00 1.66745487e-02
1.76025154e+00 1.67376928e-02
1.75969865e+00 1.68008259e-02
1.75914419e+00 1.68639480e-02
1.75858819e+00 1.69270589e-02
1.75803062e+00 1.69901589e-02
1.75747150e+00 1.70532479e-02
1.75691082e+00 1.71163258e-02
1.75634859e+00 1.71793928e-02
1.75578480e+00 1.72424488e-02
1.75521945e+00 1.73054939e-02
1.75465255e+00 1.73685281e-02
1.75408409e+00 1.74315513e-02
1.75351407e+00 1.74945637e-02
1.75294250e+00 1.75575652e-02
1.75236937e+00 1.76205559e-02
1.75179469e+00 1.76835357e-02
1.75121845e+00 1.77465046e-02
1.75064065e+00 1.78094628e-02
1.75006129e+00 1.78724102e-02
1.74948038e+00 1.79353469e-02
1.74889791e+00 1.79982727e-02
1.74831389e+00 1.80611879e-02
1.74772831e+00 1.81240923e-02
1.74714117e+00 1.81869860e-02
1.74655248e+00 1.82498691e-02
1.74596223e+00 1.83127415e-02
1.74537042e+00 1.83756032e-02
1.74477706e+00 1.84384543e-02
1.74418214e+00 1.85012948e-02
1.74358566e+00 1.85641247e-02
1.74298763e+00 1.86269441e-02
1.74238804e+00 1.86897528e-02
1.74178689e+00 1.87525511e-02
1.74118419e+00 1.88153388e-02
1.74057993e+00 1.88781160e-02
1.73997412e+00 1.89408827e-02
1.73936675e+00 1.90036389e-02
1.73875782e+00 1.90663847e-02
1.73814734e+00 1.91291200e-02
1.73753530e+00 1.91918450e-02
1.73692170e+00 1.92545595e-02
1.73630655e+00 1.93172636e-02
1.73568984e+00 1.93799574e-02
1.73507158e+00 1.94426408e-02
1.73445176e+00 1.95053139e-02
1.73383039e+00 1.95679767e-02
1.73320745e+00 1.96306291e-02
1.73258297e+00 1.96932713e-02
1.73195692e+00 1.97559033e-02
1.73132932e+00 1.98185249e-02
1.73070017e+00 1.98811364e-02
1.73006946e+00 1.99437377e-02
1.72943719e+00 2.00063287e-02
1.72880337e+00 2.00689096e-02
1.72816799e+00 2.01314803e-02
1.72753106e+00 2.01940409e-02
1.72689257e+00 2.02565914e-02
1.72625253e+00 2.03191317e-02
1.72561093e+00 2.03816620e-02
1.72496778e+00 2.04441822e-02
1.72432307e+00 2.05066924e-02
1.72367680e+00 2.05691925e-02
1.72302898e+00 2.06316826e-02
1.72237961e+00 2.06941627e-02
1.72172868e+00 2.07566328e-02
1.72107620e+00 2.08190930e-02
1.72042216e+00 2.08815432e-02
1.71976656e+00 2.09439835e-02
1.71910942e+00 2.10064139e-02
1.71845071e+00 2.10688344e-02
1.71779046e+00 2.11312450e-02
1.71712865e+00 2.11936457e-02
1.71646528e+00 2.12560366e-02
1.71580036e+00 2.13184177e-02
1.71513389e+00 2.13807890e-02
1.71446586e+00 2.14431505e-02
1.71379628e+00 2.15055023e-02
1.71312514e+00 2.15678442e-02
1.71245246e+00 2.16301765e-02
1.71177821e+00 2.16924990e-02
1.71110242e+00 2.17548119e-02
1.71042507e+00 2.18171150e-02
1.70974617e+00 2.18794085e-02
1.70906571e+00 2.19416923e-02
1.70838370e+00 2.20039666e-02
1.70770014e+00 2.20662312e-02
1.70701503e+00 2.21284862e-02
1.70632836e+00 2.21907316e-02
1.70564014e+00 2.22529675e-02
1.70495037e+00 2.23151939e-02
1.70425904e+00 2.23774107e-02
1.70356616e+00 2.24396180e-02
1.70287173e+00 2.25018158e-02
1.70217575e+00 2.25640042e-02
1.70147822e+00 2.26261831e-02
1.70077914e+00 2.26883526e-02
1.70007850e+00 2.27505127e-02
1.69937631e+00 2.28126634e-02
1.69867257e+00 2.28748047e-02
1.69796728e+00 2.29369366e-02
1.69726044e+00 2.29990592e-02
1.69655204e+00 2.30611725e-02
1.69584210e+00 2.31232764e-02
1.69513060e+00 2.31853711e-02
1.69441756e+00 2.32474565e-02
1.69370296e+00 2.33095326e-02
1.69298682e+00 2.33715996e-02
1.69226912e+00 2.34336572e-02
1.69154987e+00 2.34957057e-02
1.69082908e+00 2.35577450e-02
1.69010673e+00 2.36197752e-02
1.68938284e+00 2.36817962e-02
1.68865739e+00 2.37438080e-02
1.68793040e+00 2.38058108e-02
1.68720185e+00 2.38678044e-02
1.68647176e+00 2.39297890e-02
1.68574012e+00 2.39917645e-02
1.68500693e+00 2.40537310e-02
1.68427219e+00 2.41156884e-02
1.68353590e+00 2.41776369e-02
1.68279807e+00 2.42395764e-02
1.68205868e+00 2.43015069e-02
1.68131775e+00 2.43634284e-02
1.68057527e+00 2.44253410e-02
1.67983125e+00 2.44872447e-02
1.67908567e+00 2.45491395e-02
1.67833855e+00 2.46110254e-02
1.67758989e+00 2.46729024e-02
1.67683967e+00 2.47347706e-02
1.67608791e+00 2.47966300e-02
1.67533460e+00 2.48584806e-02
1.67457975e+00 2.49203224e-02
1.67382335e+00 2.49821554e-02
1.67306540e+00 2.50439796e-02
1.67230591e+00 2.51057951e-02
1.67154488e+00 2.51676019e-02
1.67078229e+00 2.52294000e-02
1.67001817e+00 2.52911894e-02
1.66925249e+00 2.53529701e-02
1.66848528e+00 2.54147422e-02
1.66771652e+00 2.54765056e-02
1.66694621e+00 2.55382605e-02
1.66617436e+00 2.56000067e-02
1.66540097e+00 2.56617444e-02
1.66462603e+00 2.57234735e-02
1.66384955e+00 2.57851940e-02
1.66307152e+00 2.58469061e-02
1.66229196e+00 2.59086096e-02
1.66151085e+00 2.59703047e-02
1.66072819e+00 2.60319912e-02
1.65994400e+00 2.60936693e-02
1.65915826e+00 2.61553390e-02
1.65837098e+00 2.62170003e-02
1.65758216e+00 2.62786532e-02
1.65679180e+00 2.63402976e-02
1.65599989e+00 2.64019338e-02
1.65520645e+00 2.64635615e-02
1.65441146e+00 2.65251810e-02
1.65361493e+00 2.65867921e-02
1.65281687e+00 2.66483950e-02
1.65201726e+00 2.67099895e-02
1.65121611e+00 2.67715758e-02
1.65041342e+00 2.68331539e-02
1.64960920e+00 2.68947237e-02
1.64880343e+00 2.69562854e-02
1.64799612e+00 2.70178388e-02
1.64718728e+00 2.70793841e-02
1.64637690e+00 2.71409213e-02
1.64556498e+00 2.72024503e-02
1.64475152e+00 2.72639712e-02
1.64393652e+00 2.73254840e-02
1.64311999e+00 2.73869887e-02
1.64230192e+00 2.74484853e-02
1.64148231e+00 2.75099739e-02
1.64066116e+00 2.75714545e-02
1.63983848e+00 2.76329271e-02
1.63901426e+00 2.76943917e-02
1.63818851e+00 2.77558483e-02
1.63736122e+00 2.78172969e-02
1.63653239e+00 2.78787377e-02
1.63570203e+00 2.79401705e-02
1.63487014e+00 2.80015953e-02
1.63403671e+00 2.80630124e-02
1.63320174e+00 2.81244215e-02
1.63236524e+00 2.81858228e-02
1.63152721e+00 2.82472163e-02
1.63068764e+00 2.83086019e-02
1.62984654e+00 2.83699798e-02
1.62900391e+00 2.84313498e-02
1.62815974e+00 2.84927122e-02
1.62731405e+00 2.85540667e-02
1.62646682e+00 2.86154136e-02
1.62561805e+00 2.86767527e-02
1.62476776e+00 2.87380842e-02
1.62391594e+00 2.87994080e-02
1.62306258e+00 2.88607241e-02
1.62220769e+00 2.89220326e-02
1.62135127e+00 2.89833335e-02
1.62049333e+00 2.90446267e-02
1.61963385e+00 2.91059124e-02
1.61877284e+00 2.91671906e-02
1.61791031e+00 2.92284611e-02
1.61704624e+00 2.92897242e-02
1.61618065e+00 2.93509797e-02
1.61531352e+00 2.94122278e-02
1.61444487e+00 2.94734683e-02
1.61357470e+00 2.95347014e-02
1.61270299e+00 2.95959271e-02
1.61182976e+00 2.96571453e-02
1.61095500e+00 2.97183562e-02
1.61007871e+00 2.97795596e-02
1.60920090e+00 2.98407557e-02
1.60832156e+00 2.99019444e-02
1.60744070e+00 2.99631258e-02
1.60655831e+00 3.00242998e-02
1.60567439e+00 3.00854666e-02
1.60478896e+00 3.01466261e-02
1.60390199e+00 3.02077783e-02
1.60301351e+00 3.02689232e-02
1.60212350e+00 3.03300610e-02
1.60123196e+00 3.03911915e-02
1.60033891e+00 3.04523148e-02
1.59944433e+00 3.05134310e-02
1.59854823e+00 3.05745400e-02
1.59765060e+00 3.06356418e-02
1.59675146e+00 3.06967365e-02
1.59585079e+00 3.07578241e-02
1.59494860e+00 3.08189046e-02
1.59404490e+00 3.08799781e-02
1.59313967e+00 3.09410445e-02
1.59223292e+00 3.10021038e-02
1.59132465e+00 3.10631562e-02
1.59041487e+00 3.11242015e-02
1.58950356e+00 3.11852398e-02
1.58859074e+00 3.12462712e-02
1.58767640e+00 3.13072956e-02
1.58676054e+00 3.13683131e-02
1.58584316e+00 3.14293237e-02
1.58492427e+00 3.14903274e-02
1.58400386e+00 3.15513242e-02
1.58308193e+00 3.16123141e-02
1.58215849e+00 3.16732972e-02
1.58123353e+00 3.17342735e-02
1.58030706e+00 3.17952429e-02
1.57937907e+00 3.18562056e-02
1.57844956e+00 3.19171615e-02
1.57751855e+00 3.19781106e-02
1.57658602e+00 3.20390530e-02
1.57565197e+00 3.20999887e-02
1.57471642e+00 3.21609176e-02
1.57377935e+00 3.22218399e-02
1.57284077e+00 3.22827555e-02
1.57190067e+00 3.23436644e-02
1.57095907e+00 3.24045667e-02
1.57001595e+00 3.24654624e-02
1.56907133e+00 3.25263515e-02
1.56812519e+00 3.25872340e-02
1.56717754e+00 3.26481099e-02
1.56622839e+00 3.27089793e-02
1.56527772e+00 3.27698421e-02
1.56432555e+00 3.28306984e-02
1.56337187e+00 3.28915482e-02
1.56241668e+00 3.29523916e-02
1.56145998e+00 3.30132285e-02
1.56050178e+00 3.30740589e-02
1.55954207e+00 3.31348829e-02
1.55858085e+00 3.31957005e-02
1.55761813e+00 3.32565117e-02
1.55665390e+00 3.33173165e-02
1.55568816e+00 3.33781150e-02
1.55472093e+00 3.34389071e-02
1.55375218e+00 3.34996929e-02
1.55278194e+00 3.35604724e-02
1.55181019e+00 3.36212455e-02
1.55083694e+00 3.36820125e-02
1.54986218e+00 3.37427731e-02
1.54888593e+00 3.38035275e-02
1.54790817e+00 3.38642757e-02
1.54692891e+00 3.39250177e-02
1.54594815e+00 3.39857535e-02
1.54496589e+00 3.40464831e-02
1.54398213e+00 3.41072066e-02
1.54299687e+00 3.41679239e-02
1.54201011e+00 3.42286351e-02
1.54102185e+00 3.42893402e-02
1.54003210e+00 3.43500392e-02
1.53904084e+00 3.44107322e-02
1.53804809e+00 3.44714191e-02
1.53705385e+00 3.45320999e-02
1.53605810e+00 3.45927748e-02
1.53506086e+00 3.46534436e-02
1.53406213e+00 3.47141065e-02
1.53306190e+00 3.47747633e-02
1.53206017e+00 3.48354143e-02
1.53105695e+00 3.48960593e-02
1.53005224e+00 3.49566984e-02
1.52904604e+00 3.50173315e-02
1.52803834e+00 3.50779588e-02
1.52702915e+00 3.51385803e-02
1.52601846e+00 3.51991958e-02
1.52500629e+00 3.52598056e-02
1.52399262e+00 3.53204095e-02
1.52297747e+00 3.53810077e-02
1.52196082e+00 3.54416000e-02
1.52094269e+00 3.55021866e-02
1.51992307e+00 3.55627674e-02
1.51890195e+00 3.56233425e-02
1.51787935e+00 3.56839119e-02
1.51685526e+00 3.57444756e-02
1.51582969e+00 3.58050336e-02
1.51480263e+00 3.58655860e-02
1.51377408e+00 3.59261327e-02
1.51274405e+00 3.59866738e-02
1.51171253e+00 3.60472092e-02
1.51067952e+00 3.61077391e-02
1.50964504e+00 3.61682634e-02
1.50860906e+00 3.62287821e-02
1.50757161e+00 3.62892952e-02
1.50653267e+00 3.63498029e-02
1.50549225e+00 3.64103050e-02
1.50445035e+00 3.64708016e-02
1.50340697e+00 3.65312928e-02
1.50236211e+00 3.65917784e-02
1.50131576e+00 3.66522587e-02
1.50026794e+00 3.67127335e-02
1.49921864e+00 3.67732029e-02
1.49816786e+00 3.68336668e-02
1.49711560e+00 3.68941255e-02
1.49606186e+00 3.69545787e-02
1.49500664e+00 3.70150266e-02
1.49394995e+00 3.70754691e-02
1.49289179e+00 3.71359064e-02
1.49183214e+00 3.71963383e-02
1.49077103e+00 3.72567650e-02
1.48970843e+00 3.73171864e-02
1.48864437e+00 3.73776026e-02
1.48757883e+00 3.74380135e-02
1.48651181e+00 3.74984192e-02
1.48544333e+00 3.75588197e-02
1.48437337e+00 3.76192150e-02
1.48330194e+00 3.76796051e-02
1.48222904e+00 3.77399901e-02
1.48115467e+00 3.78003700e-02
1.48007883e+00 3.78607448e-02
1.47900152e+00 3.79211144e-02
1.47792275e+00 3.79814790e-02
1.47684250e+00 3.80418385e-02
1.47576078e+00 3.81021929e-02
1.47467760e+00 3.81625423e-02
1.47359296e+00 3.82228867e-02
1.47250684e+00 3.82832260e-02
1.47141926e+00 3.83435604e-02
1.47033022e+00 3.84038898e-02
1.46923971e+00 3.84642143e-02
1.46814774e+00 3.85245338e-02
1.46705430e+00 3.85848484e-02
1.46595940e+00 3.86451581e-02
1.46486304e+00 3.87054629e-02
1.46376522e+00 3.87657628e-02
1.46266594e+00 3.88260579e-02
1.46156520e+00 3.88863481e-02
1.46046299e+00 3.89466335e-02
1.45935933e+00 3.90069141e-02
1.45825421e+00 3.90671899e-02
1.45714763e+00 3.91274609e-02
1.45603959e+00 3.91877271e-02
1.45493010e+00 3.92479886e-02
1.45381915e+00 3.93082454e-02
1.45270674e+00 3.93684975e-02
1.45159288e+00 3.94287448e-02
1.45047756e+00 3.94889875e-02
1.44936079e+00 3.95492255e-02
1.44824256e+00 3.96094589e-02
1.44712289e+00 3.96696876e-02
1.44600176e+00 3.97299117e-02
1.44487917e+00 3.97901312e-02
1.44375514e+00 3.98503461e-02
1.44262966e+00 3.99105565e-02
1.44150272e+00 3.99707622e-02
1.44037434e+00 4.00309635e-02
1.43924451e+00 4.00911602e-02
1.43811323e+00 4.01513524e-02
1.43698050e+00 4.02115402e-02
1.43584632e+00 4.02717234e-02
1.43471070e+00 4.03319022e-02
1.43357364e+00 4.03920765e-02
1.43243512e+00 4.04522464e-02
1.43129517e+00 4.05124119e-02
1.43015376e+00 4.05725730e-02
1.42901092e+00 4.06327297e-02
1.42786663e+00 4.06928821e-02
1.42672090e+00 4.07530301e-02
1.42557373e+00 4.08131737e-02
1.42442512e+00 4.08733131e-02
1.42327507e+00 4.09334481e-02
1.42212357e+00 4.09935788e-02
1.42097064e+00 4.10537053e-02
1.41981627e+00 4.11138275e-02
1.41866047e+00 4.11739455e-02
1.41750322e+00 4.12340592e-02
1.41634454e+00 4.12941687e-02
1.41518442e+00 4.13542741e-02
1.41402287e+00 4.14143752e-02
1.41285988e+00 4.14744722e-02
1.41169546e+00 4.15345650e-02
1.41052960e+00 4.15946537e-02
1.40936232e+00 4.16547383e-02
1.40819360e+00 4.17148188e-02
1.40702345e+00 4.17748952e-02
1.40585186e+00 4.18349675e-02
1.40467885e+00 4.18950357e-02
1.40350441e+00 4.19550999e-02
1.40232854e+00 4.20151601e-02
1.40115124e+00 4.20752163e-02
1.39997251e+00 4.21352684e-02
1.39879236e+00 4.21953166e-02
1.39761078e+00 4.22553608e-02
1.39642778e+00 4.23154011e-02
1.39524334e+00 4.23754374e-02
1.39405749e+00 4.24354698e-02
1.39287021e+00 4.24954983e-02
1.39168151e+00 4.25555229e-02
1.39049139e+00 4.26155436e-02
1.38929984e+00 4.26755605e-02
1.38810687e+00 4.27355735e-02
1.38691249e+00 4.27955827e-02
1.38571668e+00 4.28555881e-02
1.38451946e+00 4.29155896e-02
1.38332081e+00 4.29755874e-02
1.38212075e+00 4.30355814e-02
1.38091927e+00 4.30955717e-02
1.37971638e+00 4.31555582e-02
1.37851207e+00 4.32155410e-02
1.37730634e+00 4.32755200e-02
1.37609920e+00 4.33354954e-02
1.37489065e+00 4.33954671e-02
1.37368069e+00 4.34554351e-02
1.37246931e+00 4.35153995e-02
1.37125652e+00 4.35753602e-02
1.37004232e+00 4.36353173e-02
1.36882671e+00 4.36952708e-02
1.36760969e+00 4.37552207e-02
1.36639126e+00 4.38151670e-02
1.36517143e+00 4.38751097e-02
1.36395018e+00 4.39350489e-02
1.36272753e+00 4.39949846e-02
1.36150348e+00 4.40549167e-02
1.36027802e+00 4.41148453e-02
1.35905115e+00 4.41747705e-02
1.35782288e+00 4.42346921e-02
1.35659321e+00 4.42946103e-02
1.35536214e+00 4.43545251e-02
1.35412966e+00 4.44144364e-02
1.35289578e+00 4.44743443e-02
1.35166051e+00 4.45342487e-02
1.35042383e+00 4.45941498e-02
1.34918575e+00 4.46540475e-02
1.34794628e+00 4.47139419e-02
1.34670541e+00 4.47738329e-02
1.34546314e+00 4.48337205e-02
1.34421948e+00 4.48936049e-02
1.34297442e+00 4.49534859e-02
1.34172797e+00 4.50133637e-02
1.34048012e+00 4.50732381e-02
1.33923088e+00 4.51331093e-02
1.33798025e+00 4.51929773e-02
1.33672823e+00 4.52528420e-02
1.33547481e+00 4.53127035e-02
1.33422001e+00 4.53725618e-02
1.33296382e+00 4.54324169e-02
1.33170624e+00 4.54922688e-02
1.33044727e+00 4.55521176e-02
1.32918691e+00 4.56119632e-02
1.32792517e+00 4.56718057e-02
1.32666204e+00 4.57316450e-02
1.32539753e+00 4.57914812e-02
1.32413163e+00 4.58513144e-02
1.32286435e+00 4.59111444e-02
1.32159569e+00 4.59709714e-02
1.32032565e+00 4.60307954e-02
1.31905422e+00 4.60906163e-02
1.31778142e+00 4.61504342e-02
1.31650723e+00 4.62102490e-02
1.31523167e+00 4.62700609e-02
1.31395473e+00 4.63298698e-02
1.31267641e+00 4.63896757e-02
1.31139671e+00 4.64494786e-02
1.31011564e+00 4.65092786e-02
1.30883320e+00 4.65690757e-02
1.30754938e+00 4.66288699e-02
1.30626419e+00 4.66886611e-02
1.30497762e+00 4.67484495e-02
1.30368968e+00 4.68082350e-02
1.30240038e+00 4.68680177e-02
1.30110970e+00 4.69277974e-02
1.29981765e+00 4.69875744e-02
1.29852423e+00 4.70473485e-02
1.29722945e+00 4.71071199e-02
1.29593330e+00 4.71668884e-02
1.29463578e+00 4.72266541e-02
1.29333690e+00 4.72864171e-02
1.29203665e+00 4.73461774e-02
1.29073504e+00 4.74059348e-02
1.28943207e+00 4.74656896e-02
1.28812773e+00 4.75254417e-02
1.28682203e+00 4.75851910e-02
1.28551497e+00 4.76449377e-02
1.28420655e+00 4.77046816e-02
1.28289678e+00 4.77644230e-02
1.28158564e+00 4.78241616e-02
1.28027315e+00 4.78838977e-02
1.27895930e+00 4.79436311e-02
1.27764409e+00 4.80033619e-02
1.27632753e+00 4.80630901e-02
1.27500962e+00 4.81228158e-02
1.27369035e+00 4.81825388e-02
1.27236973e+00 4.82422593e-02
1.27104775e+00 4.83019773e-02
1.26972443e+00 4.83616927e-02
1.26839976e+00 4.84214056e-02
1.26707373e+00 4.84811160e-02
1.26574636e+00 4.85408240e-02
1.26441764e+00 4.86005294e-02
1.26308757e+00 4.86602324e-02
1.26175616e+00 4.87199329e-02
1.26042340e+00 4.87796310e-02
1.25908930e+00 4.88393266e-02
1.25775386e+00 4.88990199e-02
1.25641707e+00 4.89587107e-02
1.25507894e+00 4.90183991e-02
1.25373947e+00 4.90780852e-02
1.25239866e+00 4.91377689e-02
1.25105651e+00 4.91974503e-02
1.24971302e+00 4.92571293e-02
1.24836819e+00 4.93168059e-02
1.24702203e+00 4.93764803e-02
1.24567453e+00 4.94361524e-02
1.24432570e+00 4.94958222e-02
1.24297553e+00 4.95554897e-02
1.24162403e+00 4.96151549e-02
1.24027119e+00 4.96748179e-02
1.23891703e+00 4.97344786e-02
1.23756153e+00 4.97941372e-02
1.23620470e+00 4.98537935e-02
1.23484655e+00 4.99134476e-02
1.23348706e+00 4.99730995e-02
1.23212625e+00 5.00327492e-02
1.23076411e+00 5.00923968e-02
1.22940065e+00 5.01520422e-02
1.22803586e+00 5.02116855e-02
1.22666975e+00 5.02713266e-02
1.22530231e+00 5.03309656e-02
1.22393356e+00 5.03906026e-02
1.22256348e+00 5.04502374e-02
1.22119208e+00 5.05098701e-02
1.21981936e+00 5.05695008e-02
1.21844532e+00 5.06291294e-02
1.21706997e+00 5.06887560e-02
1.21569330e+00 5.07483805e-02
1.21431531e+00 5.08080031e-02
1.21293601e+00 5.08676236e-02
1.21155539e+00 5.09272421e-02
1.21017346e+00 5.09868586e-02
1.20879022e+00 5.10464732e-02
1.20740566e+00 5.11060858e-02
1.20601980e+00 5.11656964e-02
1.20463262e+00 5.12253051e-02
1.20324414e+00 5.12849119e-02
1.20185435e+00 5.13445168e-02
1.20046325e+00 5.14041197e-02
1.19907084e+00 5.14637208e-02
1.19767713e+00 5.15233200e-02
1.19628212e+00 5.15829173e-02
1.19488580e+00 5.16425127e-02
1.19348818e+00 5.17021064e-02
1.19208926e+00 5.17616981e-02
1.19068903e+00 5.18212881e-02
1.18928751e+00 5.18808762e-02
1.18788469e+00 5.19404626e-02
1.18648057e+00 5.20000471e-02
1.18507515e+00 5.20596299e-02
1.18366844e+00 5.21192109e-02
1.18226043e+00 5.21787902e-02
1.18085113e+00 5.22383677e-02
1.17944053e+00 5.22979435e-02
1.17802865e+00 5.23575176e-02
1.17661547e+00 5.24170899e-02
1.17520100e+00 5.24766606e-02
1.17378523e+00 5.25362295e-02
1.17236819e+00 5.25957968e-02
1.17094985e+00 5.26553624e-02
1.16953023e+00 5.27149264e-02
1.16810932e+00 5.27744887e-02
1.16668712e+00 5.28340494e-02
1.16526364e+00 5.28936085e-02
1.16383888e+00 5.29531659e-02
1.16241284e+00 5.30127218e-02
1.16098551e+00 5.30722761e-02
1.15955691e+00 5.31318288e-02
1.15812702e+00 5.31913799e-02
1.15669586e+00 5.32509295e-02
1.15526342e+00 5.33104775e-02
1.15382970e+00 5.33700240e-02
1.15239471e+00 5.34295689e-02
1.15095844e+00 5.34891124e-02
1.14952090e+00 5.35486543e-02
1.14808209e+00 5.36081948e-02
1.14664200e+00 5.36677337e-02
1.14520065e+00 5.37272712e-02
1.14375802e+00 5.37868073e-02
1.14231413e+00 5.38463419e-02
1.14086896e+00 5.39058750e-02
1.13942253e+00 5.39654067e-02
1.13797484e+00 5.40249370e-02
1.13652588e+00 5.40844659e-02
1.13507565e+00 5.41439934e-02
1.13362417e+00 5.42035195e-02
1.13217142e+00 5.42630442e-02
1.13071740e+00 5.43225676e-02
1.12926213e+00 5.43820896e-02
1.12780560e+00 5.44416103e-02
1.12634782e+00 5.45011296e-02
1.12488877e+00 5.45606476e-02
1.12342847e+00 5.46201642e-02
1.12196691e+00 5.46796796e-02
1.12050410e+00 5.47391937e-02
1.11904004e+00 5.47987064e-02
1.11757472e+00 5.48582179e-02
1.11610815e+00 5.49177282e-02
1.11464034e+00 5.49772372e-02
1.11317127e+00 5.50367449e-02
1.11170095e+00 5.50962514e-02
1.11022939e+00 5.51557567e-02
1.10875658e+00 5.52152607e-02
1.10728253e+00 5.52747636e-02
1.10580723e+00 5.53342652e-02
1.10433069e+00 5.53937657e-02
1.10285290e+00 5.54532649e-02
1.10137388e+00 5.55127630e-02
1.09989361e+00 5.55722600e-02
1.09841211e+00 5.56317558e-02
1.09692936e+00 5.56912505e-02
1.09544538e+00 5.57507440e-02
1.09396017e+00 5.58102364e-02
1.09247372e+00 5.58697277e-02
1.09098603e+00 5.59292179e-02
1.08949711e+00 5.59887070e-02
1.08800696e+00 5.60481950e-02
1.08651558e+00 5.61076819e-02
1.08502296e+00 5.61671678e-02
1.08352912e+00 5.62266526e-02
1.08203405e+00 5.62861364e-02
1.08053776e+00 5.63456191e-02
1.07904023e+00 5.64051009e-02
1.07754149e+00 5.64645815e-02
1.07604152e+00 5.65240612e-02
1.07454032e+00 5.65835399e-02
1.07303790e+00 5.66430176e-02
1.07153427e+00 5.67024943e-02
1.07002941e+00 5.67619700e-02
1.06852334e+00 5.68214448e-02
1.06701604e+00 5.68809186e-02
1.06550753e+00 5.69403915e-02
1.06399781e+00 5.69998634e-02
1.06248687e+00 5.70593344e-02
1.06097471e+00 5.71188045e-02
1.05946135e+00 5.71782736e-02
1.05794677e+00 5.72377419e-02
1.05643098e+00 5.72972093e-02
1.05491398e+00 5.73566758e-02
1.05339578e+00 5.74161414e-02
1.05187636e+00 5.74756061e-02
1.05035574e+00 5.75350700e-02
1.04883392e+00 5.75945330e-02
1.04731089e+00 5.76539952e-02
1.04578666e+00 5.77134565e-02
1.04426123e+00 5.77729171e-02
1.04273459e+00 5.78323768e-02
1.04120676e+00 5.78918357e-02
1.03967773e+00 5.79512938e-02
1.03814750e+00 5.80107511e-02
1.03661607e+00 5.80702076e-02
1.03508345e+00 5.81296633e-02
1.03354963e+00 5.81891183e-02
1.03201462e+00 5.82485725e-02
1.03047842e+00 5.83080260e-02
1.02894102e+00 5.83674787e-02
1.02740244e+00 5.84269307e-02
1.02586266e+00 5.84863820e-02
1.02432170e+00 5.85458325e-02
1.02277955e+00 5.86052823e-02
1.02123622e+00 5.86647315e-02
1.01969170e+00 5.87241799e-02
1.01814600e+00 5.87836277e-02
1.01659911e+00 5.88430747e-02
1.01505105e+00 5.89025211e-02
1.01350180e+00 5.89619669e-02
1.01195138e+00 5.90214119e-02
1.01039977e+00 5.90808564e-02
1.00884699e+00 5.91403001e-02
1.00729303e+00 5.91997433e-02
1.00573790e+00 5.92591858e-02
1.00418160e+00 5.93186277e-02
1.00262412e+00 5.93780691e-02
1.00106547e+00 5.94375098e-02
9.99505646e-01 5.94969499e-02
9.97944655e-01 5.95563894e-02
9.96382497e-01 5.96158283e-02
9.94819172e-01 5.96752667e-02
9.93254680e-01 5.97347045e-02
9.91689024e-01 5.97941417e-02
9.90122203e-01 5.98535784e-02
9.88554220e-01 5.99130146e-02
9.86985076e-01 5.99724502e-02
9.85414770e-01 6.00318853e-02
9.83843306e-01 6.00913198e-02
9.82270683e-01 6.01507539e-02
9.80696904e-01 6.02101874e-02
9.79121968e-01 6.02696204e-02
9.77545877e-01 6.03290530e-02
9.75968633e-01 6.03884850e-02
9.74390236e-01 6.04479166e-02
9.72810688e-01 6.05073477e-02
9.71229989e-01 6.05667784e-02
9.69648141e-01 6.06262085e-02
9.68065145e-01 6.06856383e-02
9.66481002e-01 6.07450675e-02
9.64895713e-01 6.08044964e-02
9.63309280e-01 6.08639248e-02
9.61721703e-01 6.09233528e-02
9.60132983e-01 6.09827804e-02
9.58543123e-01 6.10422075e-02
9.56952122e-01 6.11016343e-02
9.55359982e-01 6.11610606e-02
9.53766705e-01 6.12204866e-02
9.52172291e-01 6.12799121e-02
9.50576741e-01 6.13393373e-02
9.48980057e-01 6.13987621e-02
9.47382240e-01 6.14581866e-02
9.45783291e-01 6.15176107e-02
9.44183211e-01 6.15770344e-02
9.42582001e-01 6.16364578e-02
9.40979663e-01 6.16958808e-02
9.39376197e-01 6.17553036e-02
9.37771605e-01 6.18147259e-02
9.36165888e-01 6.18741480e-02
9.34559047e-01 6.19335697e-02
9.32951083e-01 6.19929912e-02
9.31341998e-01 6.20524123e-02
9.29731792e-01 6.21118331e-02
9.28120467e-01 6.21712536e-02
9.26508024e-01 6.22306739e-02
9.24894464e-01 6.22900938e-02
9.23279788e-01 6.23495135e-02
9.21663998e-01 6.24089329e-02
9.20047094e-01 6.24683521e-02
9.18429078e-01 6.25277710e-02
9.16809951e-01 6.25871896e-02
9.15189715e-01 6.26466080e-02
9.13568369e-01 6.27060262e-02
9.11945916e-01 6.27654441e-02
9.10322357e-01 6.28248618e-02
9.08697693e-01 6.28842792e-02
9.07071925e-01 6.29436965e-02
9.05445054e-01 6.30031135e-02
9.03817081e-01 6.30625303e-02
9.02188009e-01 6.31219469e-02
9.00557837e-01 6.31813633e-02
8.98926567e-01 6.32407796e-02
8.97294200e-01 6.33001956e-02
8.95660738e-01 6.33596115e-02
8.94026182e-01 6.34190271e-02
8.92390532e-01 6.34784426e-02
8.90753790e-01 6.35378580e-02
8.89115958e-01 6.35972731e-02
8.87477036e-01 6.36566882e-02
8.85837026e-01 6.37161030e-02
8.84195929e-01 6.37755178e-02
8.82553745e-01 6.38349323e-02
8.80910477e-01 6.38943468e-02
8.79266126e-01 6.39537611e-02
8.77620692e-01 6.40131753e-02
8.75974177e-01 6.40725893e-02
8.74326583e-01 6.41320033e-02
8.72677909e-01 6.41914171e-02
8.71028159e-01 6.42508308e-02
8.69377332e-01 6.43102444e-02
8.67725430e-01 6.43696579e-02
8.66072454e-01 6.44290714e-02
8.64418406e-01 6.44884847e-02
8.62763287e-01 6.45478979e-02
8.61107098e-01 6.46073111e-02
8.59449839e-01 6.46667242e-02
8.57791513e-01 6.47261372e-02
8.56132121e-01 6.47855502e-02
8.54471664e-01 6.48449630e-02
8.52810142e-01 6.49043759e-02
8.51147558e-01 6.49637886e-02
8.49483913e-01 6.50232014e-02
8.47819207e-01 6.50826140e-02
8.46153443e-01 6.51420267e-02
8.44486621e-01 6.52014392e-02
8.42818742e-01 6.52608518e-02
8.41149808e-01 6.53202643e-02
8.39479820e-01 6.53796768e-02
8.37808779e-01 6.54390893e-02
8.36136687e-01 6.54985017e-02
8.34463545e-01 6.55579142e-02
8.32789353e-01 6.56173266e-02
8.31114114e-01 6.56767390e-02
8.29437829e-01 6.57361515e-02
8.27760498e-01 6.57955639e-02
8.26082123e-01 6.58549763e-02
8.24402705e-01 6.59143887e-02
8.22722247e-01 6.59738012e-02
8.21040747e-01 6.60332136e-02
8.19358209e-01 6.60926261e-02
8.17674634e-01 6.61520386e-02
8.15990021e-01 6.62114511e-02
8.14304374e-01 6.62708636e-02
8.12617693e-01 6.63302762e-02
8.10929979e-01 6.63896888e-02
8.09241234e-01 6.64491014e-02
8.07551459e-01 6.65085141e-02
8.05860655e-01 6.65679269e-02
8.04168824e-01 6.66273396e-02
8.02475966e-01 6.66867525e-02
8.00782084e-01 6.67461654e-02
7.99087177e-01 6.68055783e-02
7.97391249e-01 6.68649913e-02
7.95694299e-01 6.69244044e-02
7.93996329e-01 6.69838175e-02
7.92297341e-01 6.70432307e-02
7.90597336e-01 6.71026440e-02
7.88896314e-01 6.71620573e-02
7.87194278e-01 6.72214707e-02
7.85491229e-01 6.72808842e-02
7.83787167e-01 6.73402978e-02
7.82082095e-01 6.73997115e-02
7.80376013e-01 6.74591252e-02
7.78668922e-01 6.75185391e-02
7.76960825e-01 6.75779530e-02
7.75251722e-01 6.76373670e-02
7.73541615e-01 6.76967812e-02
7.71830505e-01 6.77561954e-02
7.70118393e-01 6.78156097e-02
7.68405281e-01 6.78750242e-02
7.66691169e-01 6.79344387e-02
7.64976060e-01 6.79938534e-02
7.63259954e-01 6.80532681e-02
7.61542853e-01 6.81126830e-02
7.59824758e-01 6.81720980e-02
7.58105670e-01 6.82315131e-02
7.56385591e-01 6.82909283e-02
7.54664522e-01 6.83503437e-02
7.52942465e-01 6.84097592e-02
7.51219420e-01 6.84691748e-02
7.49495389e-01 6.85285905e-02
7.47770373e-01 6.85880064e-02
7.46044374e-01 6.86474224e-02
7.44317393e-01 6.87068385e-02
7.42589431e-01 6.87662548e-02
7.40860490e-01 6.88256712e-02
7.39130570e-01 6.88850877e-02
7.37399674e-01 6.89445044e-02
7.35667802e-01 6.90039212e-02
7.33934957e-01 6.90633382e-02
7.32201138e-01 6.91227553e-02
7.30466348e-01 6.91821726e-02
7.28730588e-01 6.92415900e-02
7.26993859e-01 6.93010075e-02
7.25256163e-01 6.93604252e-02
7.23517500e-01 6.94198431e-02
7.21777873e-01 6.94792611e-02
7.20037282e-01 6.95386793e-02
7.18295729e-01 6.95980976e-02
7.16553216e-01 6.96575161e-02
7.14809743e-01 6.97169347e-02
7.13065311e-01 6.97763535e-02
7.11319924e-01 6.98357724e-02
7.09573580e-01 6.98951916e-02
7.07826283e-01 6.99546108e-02
7.06078033e-01 7.00140303e-02
7.04328832e-01 7.00734499e-02
7.02578681e-01 7.01328696e-02
7.00827581e-01 7.01922896e-02
6.99075533e-01 7.02517097e-02
6.97322540e-01 7.03111299e-02
6.95568603e-01 7.03705504e-02
6.93813722e-01 7.04299710e-02
6.92057899e-01 7.04893918e-02
6.90301136e-01 7.05488127e-02
6.88543434e-01 7.06082338e-02
6.86784793e-01 7.06676551e-02
6.85025217e-01 7.07270765e-02
6.83264705e-01 7.07864982e-02
6.81503260e-01 7.08459200e-02
6.79740883e-01 7.09053419e-02
6.77977574e-01 7.09647641e-02
6.76213337e-01 7.10241864e-02
6.74448170e-01 7.10836088e-02
6.72682077e-01 7.11430315e-02
6.70915059e-01 7.12024543e-02
6.69147117e-01 7.12618773e-02
6.67378252e-01 7.13213005e-02
6.65608465e-01 7.13807239e-02
6.63837759e-01 7.14401474e-02
6.62066134e-01 7.14995711e-02
6.60293592e-01 7.15589949e-02
6.58520134e-01 7.16184190e-02
6.56745762e-01 7.16778432e-02
6.54970477e-01 7.17372675e-02
6.53194280e-01 7.17966921e-02
6.51417173e-01 7.18561168e-02
6.49639158e-01 7.19155417e-02
6.47860234e-01 7.19749668e-02
6.46080405e-01 7.20343920e-02
6.44299671e-01 7.20938174e-02
6.42518034e-01 7.21532430e-02
6.40735495e-01 7.22126687e-02
6.38952055e-01 7.22720946e-02
6.37167717e-01 7.23315207e-02
6.35382480e-01 7.23909469e-02
6.33596348e-01 7.24503733e-02
6.31809320e-01 7.25097999e-02
6.30021400e-01 7.25692266e-02
6.28232587e-01 7.26286535e-02
6.26442883e-01 7.26880806e-02
6.24652290e-01 7.27475078e-02
6.22860810e-01 7.28069352e-02
6.21068443e-01 7.28663627e-02
6.19275191e-01 7.29257904e-02
6.17481055e-01 7.29852182e-02
6.15686037e-01 7.30446463e-02
6.13890138e-01 7.31040744e-02
6.12093360e-01 7.31635027e-02
6.10295705e-01 7.32229312e-02
6.08497172e-01 7.32823598e-02
6.06697765e-01 7.33417886e-02
6.04897483e-01 7.34012175e-02
6.03096330e-01 7.34606465e-02
6.01294306e-01 7.35200757e-02
5.99491412e-01 7.35795051e-02
5.97687650e-01 7.36389346e-02
5.95883022e-01 7.36983642e-02
5.94077529e-01 7.37577939e-02
5.92271172e-01 7.38172238e-02
5.90463953e-01 7.38766539e-02
5.88655872e-01 7.39360840e-02
5.86846933e-01 7.39955143e-02
5.85037135e-01 7.40549447e-02
5.83226481e-01 7.41143753e-02
5.81414972e-01 7.41738060e-02
5.79602610e-01 7.42332368e-02
5.77789395e-01 7.42926677e-02
5.75975329e-01 7.43520987e-02
5.74160414e-01 7.44115299e-02
5.72344651e-01 7.44709611e-02
5.70528042e-01 7.45303925e-02
5.68710587e-01 7.45898240e-02
5.66892289e-01 7.46492556e-02
5.65073149e-01 7.47086873e-02
5.63253169e-01 7.47681191e-02
5.61432349e-01 7.48275510e-02
5.59610691e-01 7.48869830e-02
5.57788197e-01 7.49464151e-02
5.55964868e-01 7.50058473e-02
5.54140706e-01 7.50652796e-02
5.52315712e-01 7.51247120e-02
5.50489887e-01 7.51841444e-02
5.48663234e-01 7.52435769e-02
5.46835752e-01 7.53030096e-02
5.45007445e-01 7.53624423e-02
5.43178313e-01 7.54218750e-02
5.41348358e-01 7.54813078e-02
5.39517581e-01 7.55407407e-02
5.37685984e-01 7.56001737e-02
5.35853569e-01 7.56596067e-02
5.34020335e-01 7.57190398e-02
5.32186286e-01 7.57784730e-02
5.30351423e-01 7.58379062e-02
5.28515747e-01 7.58973394e-02
5.26679259e-01 7.59567727e-02
5.24841962e-01 7.60162060e-02
5.23003855e-01 7.60756394e-02
5.21164942e-01 7.61350728e-02
5.19325224e-01 7.61945062e-02
5.17484701e-01 7.62539397e-02
5.15643376e-01 7.63133732e-02
5.13801250e-01 7.63728067e-02
5.11958324e-01 7.64322402e-02
5.10114600e-01 7.64916738e-02
5.08270079e-01 7.65511073e-02
5.06424763e-01 7.66105409e-02
5.04578654e-01 7.66699744e-02
5.02731752e-01 7.67294080e-02
5.00884060e-01 7.67888416e-02
4.99035578e-01 7.68482751e-02
4.97186309e-01 7.69077086e-02
4.95336253e-01 7.69671422e-02
4.93485413e-01 7.70265757e-02
4.91633790e-01 7.70860091e-02
4.89781385e-01 7.71454426e-02
4.87928199e-01 7.72048760e-02
4.86074235e-01 7.72643094e-02
4.84219494e-01 7.73237427e-02
4.82363977e-01 7.73831760e-02
4.80507686e-01 7.74426092e-02
4.78650622e-01 7.75020424e-02
4.76792787e-01 7.75614755e-02
4.74934182e-01 7.76209086e-02
4.73074809e-01 7.76803416e-02
4.71214669e-01 7.77397745e-02
4.69353764e-01 7.77992074e-02
4.67492095e-01 7.78586401e-02
4.65629664e-01 7.79180728e-02
4.63766472e-01 7.79775054e-02
4.61902522e-01 7.80369379e-02
4.60037813e-01 7.80963703e-02
4.58172349e-01 7.81558025e-02
4.56306130e-01 7.82152347e-02
4.54439158e-01 7.82746668e-02
4.52571434e-01 7.83340987e-02
4.50702960e-01 7.83935305e-02
4.48833738e-01 7.84529622e-02
4.46963768e-01 7.85123937e-02
4.45093054e-01 7.85718251e-02
4.43221595e-01 7.86312564e-02
4.41349394e-01 7.86906875e-02
4.39476451e-01 7.87501184e-02
4.37602770e-01 7.88095492e-02
4.35728351e-01 7.88689798e-02
4.33853195e-01 7.89284103e-02
4.31977304e-01 7.89878405e-02
4.30100681e-01 7.90472706e-02
4.28223325e-01 7.91067005e-02
4.26345240e-01 7.91661302e-02
4.24466425e-01 7.92255597e-02
4.22586884e-01 7.92849890e-02
4.20706617e-01 7.93444181e-02
4.18825626e-01 7.94038469e-02
4.16943912e-01 7.94632755e-02
4.15061478e-01 7.95227039e-02
4.13178324e-01 7.95821321e-02
4.11294452e-01 7.96415600e-02
4.09409864e-01 7.97009877e-02
4.07524561e-01 7.97604151e-02
4.05638545e-01 7.98198423e-02
4.03751817e-01 7.98792692e-02
4.01864379e-01 7.99386958e-02
3.99976232e-01 7.99981221e-02
3.98087379e-01 8.00575482e-02
3.96197820e-01 8.01169740e-02
3.94307556e-01 8.01763994e-02
3.92416591e-01 8.02358246e-02
3.90524925e-01 8.02952495e-02
3.88632559e-01 8.03546740e-02
3.86739496e-01 8.04140982e-02
3.84845736e-01 8.04735221e-02
3.82951282e-01 8.05329456e-02
3.81056135e-01 8.05923688e-02
3.79160296e-01 8.06517917e-02
3.77263768e-01 8.07112142e-02
3.75366551e-01 8.07706363e-02
3.73468647e-01 8.08300581e-02
3.71570058e-01 8.08894794e-02
3.69670786e-01 8.09489004e-02
3.67770831e-01 8.10083210e-02
3.65870196e-01 8.10677412e-02
3.63968882e-01 8.11271610e-02
3.62066890e-01 8.11865804e-02
3.60164223e-01 8.12459994e-02
3.58260882e-01 8.13054179e-02
3.56356867e-01 8.13648360e-02
3.54452182e-01 8.14242537e-02
3.52546827e-01 8.14836709e-02
3.50640805e-01 8.15430877e-02
3.48734115e-01 8.16025039e-02
3.46826762e-01 8.16619198e-02
3.44918744e-01 8.17213351e-02
3.43010066e-01 8.17807499e-02
3.41100727e-01 8.18401643e-02
3.39190730e-01 8.18995782e-02
3.37280076e-01 8.19589915e-02
3.35368767e-01 8.20184043e-02
3.33456804e-01 8.20778166e-02
3.31544189e-01 8.21372284e-02
3.29630923e-01 8.21966396e-02
3.27717009e-01 8.22560503e-02
3.25802447e-01 8.23154604e-02
3.23887239e-01 8.23748699e-02
3.21971387e-01 8.24342789e-02
3.20054893e-01 8.24936873e-02
3.18137758e-01 8.25530951e-02
3.16219983e-01 8.26125023e-02
3.14301571e-01 8.26719089e-02
3.12382522e-01 8.27313149e-02
3.10462839e-01 8.27907203e-02
3.08542523e-01 8.28501250e-02
3.06621576e-01 8.29095291e-02
3.04699998e-01 8.29689325e-02
3.02777793e-01 8.30283353e-02
3.00854961e-01 8.30877374e-02
2.98931504e-01 8.31471389e-02
2.97007424e-01 8.32065396e-02
2.95082722e-01 8.32659397e-02
2.93157400e-01 8.33253391e-02
2.91231459e-01 8.33847377e-02
2.89304902e-01 8.34441357e-02
2.87377729e-01 8.35035329e-02
2.85449942e-01 8.35629294e-02
2.83521544e-01 8.36223251e-02
2.81592535e-01 8.36817201e-02
2.79662917e-01 8.37411143e-02
2.77732692e-01 8.38005077e-02
2.75801861e-01 8.38599004e-02
2.73870426e-01 8.39192923e-02
2.71938389e-01 8.39786834e-02
2.70005751e-01 8.40380736e-02
2.68072514e-01 8.40974631e-02
2.66138680e-01 8.41568517e-02
2.64204249e-01 8.42162394e-02
2.62269225e-01 8.42756264e-02
2.60333607e-01 8.43350125e-02
2.58397399e-01 8.43943977e-02
2.56460601e-01 8.44537820e-02
2.54523216e-01 8.45131654e-02
2.52585244e-01 8.45725480e-02
2.50646688e-01 8.46319296e-02
2.48707549e-01 8.46913104e-02
2.46767829e-01 8.47506902e-02
2.44827529e-01 8.48100690e-02
2.42886651e-01 8.48694470e-02
2.40945197e-01 8.49288239e-02
2.39003168e-01 8.49881999e-02
2.37060567e-01 8.50475750e-02
2.35117393e-01 8.51069490e-02
2.33173650e-01 8.51663221e-02
2.31229339e-01 8.52256941e-02
2.29284461e-01 8.52850651e-02
2.27339019e-01 8.53444351e-02
2.25393013e-01 8.54038041e-02
2.23446446e-01 8.54631720e-02
2.21499318e-01 8.55225389e-02
2.19551633e-01 8.55819047e-02
2.17603390e-01 8.56412694e-02
2.15654593e-01 8.57006330e-02
2.13705243e-01 8.57599956e-02
2.11755340e-01 8.58193570e-02
2.09804888e-01 8.58787173e-02
2.07853887e-01 8.59380764e-02
2.05902340e-01 8.59974345e-02
2.03950247e-01 8.60567913e-02
2.01997611e-01 8.61161470e-02
2.00044434e-01 8.61755016e-02
1.98090716e-01 8.62348549e-02
1.96136460e-01 8.62942070e-02
1.94181666e-01 8.63535580e-02
1.92226338e-01 8.64129077e-02
1.90270476e-01 8.64722562e-02
1.88314083e-01 8.65316034e-02
1.86357159e-01 8.65909494e-02
1.84399707e-01 8.66502941e-02
1.82441728e-01 8.67096376e-02
1.80483223e-01 8.67689797e-02
1.78524196e-01 8.68283206e-02
1.76564646e-01 8.68876601e-02
1.74604576e-01 8.69469984e-02
1.72643988e-01 8.70063353e-02
1.70682883e-01 8.70656708e-02
1.68721262e-01 8.71250050e-02
1.66759128e-01 8.71843378e-02
1.64796483e-01 8.72436692e-02
1.62833327e-01 8.73029993e-02
1.60869662e-01 8.73623279e-02
1.58905491e-01 8.74216551e-02
1.56940815e-01 8.74809809e-02
1.54975635e-01 8.75403053e-02
1.53009954e-01 8.75996282e-02
1.51043772e-01 8.76589496e-02
1.49077092e-01 8.77182696e-02
1.47109915e-01 8.77775881e-02
1.45142244e-01 8.78369050e-02
1.43174078e-01 8.78962205e-02
1.41205421e-01 8.79555344e-02
1.39236275e-01 8.80148468e-02
1.37266639e-01 8.80741576e-02
1.35296517e-01 8.81334669e-02
1.33325910e-01 8.81927746e-02
1.31354820e-01 8.82520807e-02
1.29383249e-01 8.83113852e-02
1.27411197e-01 8.83706881e-02
1.25438667e-01 8.84299894e-02
1.23465661e-01 8.84892890e-02
1.21492180e-01 8.85485870e-02
1.19518225e-01 8.86078833e-02
1.17543800e-01 8.86671779e-02
1.15568904e-01 8.87264708e-02
1.13593540e-01 8.87857621e-02
1.11617711e-01 8.88450516e-02
1.09641416e-01 8.89043394e-02
1.07664658e-01 8.89636254e-02
1.05687440e-01 8.90229097e-02
1.03709761e-01 8.90821922e-02
1.01731625e-01 8.91414729e-02
9.97530327e-02 8.92007519e-02
9.77739859e-02 8.92600290e-02
9.57944862e-02 8.93193043e-02
9.38145356e-02 8.93785777e-02
9.18341356e-02 8.94378493e-02
8.98532879e-02 8.94971191e-02
8.78719943e-02 8.95563870e-02
8.58902565e-02 8.96156529e-02
8.39080762e-02 8.96749170e-02
8.19254550e-02 8.97341792e-02
7.99423947e-02 8.97934394e-02
7.79588970e-02 8.98526976e-02
7.59749637e-02 8.99119540e-02
7.39905964e-02 8.99712083e-02
7.20057968e-02 9.00304606e-02
7.00205666e-02 9.00897110e-02
6.80349077e-02 9.01489593e-02
6.60488216e-02 9.02082056e-02
6.40623101e-02 9.02674499e-02
6.20753749e-02 9.03266921e-02
6.00880178e-02 9.03859322e-02
5.81002404e-02 9.04451702e-02
5.61120445e-02 9.05044061e-02
5.41234318e-02 9.05636400e-02
5.21344040e-02 9.06228716e-02
5.01449629e-02 9.06821012e-02
4.81551101e-02 9.07413285e-02
4.61648473e-02 9.08005537e-02
4.41741764e-02 9.08597768e-02
4.21830990e-02 9.09189976e-02
4.01916169e-02 9.09782161e-02
3.81997318e-02 9.10374325e-02
3.62074454e-02 9.10966466e-02
3.42147594e-02 9.11558584e-02
3.22216756e-02 9.12150680e-02
3.02281957e-02 9.12742753e-02
2.82343214e-02 9.13334802e-02
2.62400545e-02 9.13926829e-02
2.42453967e-02 9.14518832e-02
2.22503497e-02 9.15110811e-02
2.02549153e-02 9.15702767e-02
1.82590952e-02 9.16294699e-02
1.62628911e-02 9.16886607e-02
1.42663048e-02 9.17478491e-02
1.22693380e-02 9.18070350e-02
1.02719925e-02 9.18662185e-02
8.27426989e-03 9.19253995e-02
6.27617205e-03 9.19845781e-02
4.27770068e-03 9.20437542e-02
2.27885752e-03 9.21029277e-02
2.79644307e-04 9.21620988e-02
-1.71993721e-03 9.22212673e-02
-3.71988529e-03 9.22804332e-02
-5.72019819e-03 9.23395966e-02
-7.72087416e-03 9.23987574e-02
-9.72191147e-03 9.24579156e-02
-1.17233083e-02 9.25170711e-02
-1.37250631e-02 9.25762240e-02
-1.57271739e-02 9.26353743e-02
-1.77296390e-02 9.26945219e-02
-1.97324567e-02 9.27536669e-02
-2.17356253e-02 9.28128091e-02
-2.37391429e-02 9.28719486e-02
-2.57430079e-02 9.29310854e-02
-2.77472184e-02 9.29902194e-02
-2.97517728e-02 9.30493507e-02
-3.17566692e-02 9.31084792e-02
-3.37619060e-02 9.31676049e-02
-3.57674813e-02 9.32267277e-02
-3.77733934e-02 9.32858478e-02
-3.97796406e-02 9.33449650e-02
-4.17862210e-02 9.34040793e-02
-4.37931330e-02 9.34631907e-02
-4.58003748e-02 9.35222993e-02
-4.78079445e-02 9.35814049e-02
-4.98158405e-02 9.36405076e-02
-5.18240610e-02 9.36996074e-02
-5.38326042e-02 9.37587042e-02
-5.58414684e-02 9.38177980e-02
-5.78506517e-02 9.38768888e-02
-5.98601525e-02 9.39359766e-02
-6.18699690e-02 9.39950614e-02
-6.38800993e-02 9.40541431e-02
-6.58905418e-02 9.41132217e-02
-6.79012946e-02 9.41722973e-02
-6.99123560e-02 9.42313698e-02
-7.19237243e-02 9.42904391e-02
-7.39353976e-02 9.43495053e-02
-7.59473742e-02 9.44085683e-02
-7.79596523e-02 9.44676282e-02
-7.99722302e-02 9.45266849e-02
-8.19851060e-02 9.45857384e-02
-8.39982780e-02 9.46447886e-02
-8.60117444e-02 9.47038356e-02
-8.80255035e-02 9.47628794e-02
-9.00395534e-02 9.48219199e-02
-9.20538924e-02 9.48809570e-02
-9.40685187e-02 9.49399909e-02
-9.60834306e-02 9.49990214e-02
-9.80986263e-02 9.50580486e-02
-1.00114104e-01 9.51170724e-02
-1.02129862e-01 9.51760928e-02
-1.04145898e-01 9.52351098e-02
-1.06162211e-01 9.52941234e-02
-1.08178798e-01 9.53531336e-02
-1.10195659e-01 9.54121403e-02
-1.12212791e-01 9.54711435e-02
-1.14230193e-01 9.55301432e-02
-1.16247862e-01 9.55891395e-02
-1.18265797e-01 9.56481321e-02
-1.20283997e-01 9.57071213e-02
-1.22302459e-01 9.57661068e-02
-1.24321181e-01 9.58250888e-02
-1.26340162e-01 9.58840672e-02
-1.28359400e-01 9.59430419e-02
-1.30378893e-01 9.60020130e-02
-1.32398640e-01 9.60609804e-02
-1.34418638e-01 9.61199442e-02
-1.36438887e-01 9.61789042e-02
-1.38459383e-01 9.62378605e-02
-1.40480125e-01 9.62968131e-02
-1.42501112e-01 9.63557620e-02
-1.44522342e-01 9.64147070e-02
-1.46543812e-01 9.64736483e-02
-1.48565522e-01 9.65325857e-02
-1.50587468e-01 9.65915193e-02
-1.52609651e-01 9.66504491e-02
-1.54632067e-01 9.67093750e-02
-1.56654714e-01 9.67682970e-02
-1.58677592e-01 9.68272151e-02
-1.60700698e-01 9.68861292e-02
-1.62724031e-01 9.69450394e-02
-1.64747588e-01 9.70039456e-02
-1.66771369e-01 9.70628479e-02
-1.68795370e-01 9.71217461e-02
-1.70819590e-01 9.71806403e-02
-1.72844028e-01 9.72395305e-02
-1.74868682e-01 9.72984166e-02
-1.76893550e-01 9.73572986e-02
-1.78918629e-01 9.74161764e-02
-1.80943919e-01 9.74750502e-02
-1.82969417e-01 9.75339198e-02
-1.84995122e-01 9.75927853e-02
-1.87021032e-01 9.76516465e-02
-1.89047145e-01 9.77105036e-02
-1.91073459e-01 9.77693564e-02
-1.93099972e-01 9.78282050e-02
-1.95126683e-01 9.78870493e-02
-1.97153590e-01 9.79458893e-02
-1.99180691e-01 9.80047250e-02
-2.01207983e-01 9.80635564e-02
-2.03235467e-01 9.81223834e-02
-2.05263138e-01 9.81812061e-02
-2.07290997e-01 9.82400243e-02
-2.09319040e-01 9.82988382e-02
-2.11347267e-01 9.83576476e-02
-2.13375674e-01 9.84164526e-02
-2.15404261e-01 9.84752531e-02
-2.17433026e-01 9.85340491e-02
-2.19461967e-01 9.85928406e-02
-2.21491081e-01 9.86516275e-02
-2.23520368e-01 9.87104099e-02
-2.25549825e-01 9.87691877e-02
-2.27579451e-01 9.88279610e-02
-2.29609243e-01 9.88867296e-02
-2.31639200e-01 9.89454935e-02
-2.33669321e-01 9.90042528e-02
-2.35699602e-01 9.90630074e-02
-2.37730043e-01 9.91217573e-02
-2.39760642e-01 9.91805025e-02
-2.41791396e-01 9.92392429e-02
-2.43822305e-01 9.92979786e-02
-2.45853365e-01 9.93567095e-02
-2.47884576e-01 9.94154355e-02
-2.49915935e-01 9.94741568e-02
-2.51947441e-01 9.95328732e-02
-2.53979092e-01 9.95915847e-02
-2.56010885e-01 9.96502913e-02
-2.58042820e-01 9.97089929e-02
-2.60074894e-01 9.97676897e-02
-2.62107106e-01 9.98263815e-02
-2.64139454e-01 9.98850683e-02
-2.66171935e-01 9.99437501e-02
-2.68204548e-01 1.00002427e-01
-2.70237291e-01 1.00061099e-01
-2.72270163e-01 1.00119765e-01
-2.74303161e-01 1.00178427e-01
-2.76336284e-01 1.00237083e-01
-2.78369530e-01 1.00295734e-01
-2.80402897e-01 1.00354381e-01
-2.82436383e-01 1.00413022e-01
-2.84469986e-01 1.00471657e-01
-2.86503705e-01 1.00530288e-01
-2.88537537e-01 1.00588913e-01
-2.90571482e-01 1.00647533e-01
-2.92605536e-01 1.00706148e-01
-2.94639698e-01 1.00764757e-01
-2.96673967e-01 1.00823361e-01
-2.98708340e-01 1.00881960e-01
-3.00742816e-01 1.00940553e-01
-3.02777392e-01 1.00999141e-01
-3.04812068e-01 1.01057723e-01
-3.06846840e-01 1.01116300e-01
-3.08881708e-01 1.01174872e-01
-3.10916670e-01 1.01233438e-01
-3.12951723e-01 1.01291998e-01
-3.14986865e-01 1.01350553e-01
-3.17022096e-01 1.01409103e-01
-3.19057412e-01 1.01467647e-01
-3.21092813e-01 1.01526185e-01
-3.23128296e-01 1.01584717e-01
-3.25163859e-01 1.01643244e-01
-3.27199501e-01 1.01701765e-01
-3.29235220e-01 1.01760281e-01
-3.31271014e-01 1.01818791e-01
-3.33306881e-01 1.01877295e-01
-3.35342820e-01 1.01935793e-01
-3.37378827e-01 1.01994285e-01
-3.39414903e-01 1.02052772e-01
-3.41451044e-01 1.02111253e-01
-3.43487248e-01 1.02169727e-01
-3.45523515e-01 1.02228196e-01
-3.47559842e-01 1.02286659e-01
-3.49596227e-01 1.02345117e-01
-3.51632669e-01 1.02403568e-01
-3.53669165e-01 1.02462013e-01
-3.55705714e-01 1.02520452e-01
-3.57742314e-01 1.02578885e-01
-3.59778963e-01 1.02637312e-01
-3.61815659e-01 1.02695733e-01
-3.63852401e-01 1.02754148e-01
-3.65889186e-01 1.02812557e-01
-3.67926012e-01 1.02870959e-01
-3.69962878e-01 1.02929355e-01
-3.71999782e-01 1.02987746e-01
-3.74036722e-01 1.03046130e-01
-3.76073697e-01 1.03104507e-01
-3.78110703e-01 1.03162879e-01
-3.80147740e-01 1.03221244e-01
-3.82184806e-01 1.03279602e-01
-3.84221898e-01 1.03337955e-01
-3.86259015e-01 1.03396301e-01
-3.88296155e-01 1.03454640e-01
-3.90333317e-01 1.03512974e-01
-3.92370497e-01 1.03571300e-01
-3.94407695e-01 1.03629621e-01
-3.96444909e-01 1.03687934e-01
-3.98482136e-01 1.03746242e-01
-4.00519375e-01 1.03804542e-01
-4.02556624e-01 1.03862836e-01
-4.04593881e-01 1.03921124e-01
-4.06631145e-01 1.03979405e-01
-4.08668412e-01 1.04037679e-01
-4.10705682e-01 1.04095946e-01
-4.12742953e-01 1.04154207e-01
-4.14780223e-01 1.04212461e-01
-4.16817489e-01 1.04270709e-01
-4.18854750e-01 1.04328949e-01
-4.20892005e-01 1.04387183e-01
-4.22929251e-01 1.04445410e-01
-4.24966486e-01 1.04503630e-01
-4.27003709e-01 1.04561843e-01
-4.29040917e-01 1.04620049e-01
-4.31078110e-01 1.04678249e-01
-4.33115284e-01 1.04736441e-01
-4.35152438e-01 1.04794626e-01
-4.37189571e-01 1.04852805e-01
-4.39226679e-01 1.04910976e-01
-4.41263763e-01 1.04969140e-01
-4.43300818e-01 1.05027298e-01
-4.45337845e-01 1.05085448e-01
-4.47374840e-01 1.05143591e-01
-4.49411802e-01 1.05201726e-01
-4.51448729e-01 1.05259855e-01
-4.53485620e-01 1.05317976e-01
-4.55522472e-01 1.05376090e-01
-4.57559283e-01 1.05434197e-01
-4.59596052e-01 1.05492297e-01
-4.61632776e-01 1.05550389e-01
-4.63669454e-01 1.05608474e-01
-4.65706084e-01 1.05666552e-01
-4.67742665e-01 1.05724622e-01
-4.69779193e-01 1.05782684e-01
-4.71815668e-01 1.05840740e-01
-4.73852087e-01 1.05898787e-01
-4.75888448e-01 1.05956828e-01
-4.77924751e-01 1.06014860e-01
-4.79960992e-01 1.06072885e-01
-4.81997169e-01 1.06130903e-01
-4.84033282e-01 1.06188913e-01
-4.86069328e-01 1.06246915e-01
-4.88105306e-01 1.06304910e-01
-4.90141212e-01 1.06362897e-01
-4.92177047e-01 1.06420876e-01
-4.94212806e-01 1.06478847e-01
-4.96248490e-01 1.06536811e-01
-4.98284095e-01 1.06594767e-01
-5.00319620e-01 1.06652715e-01
-5.02355064e-01 1.06710655e-01
-5.04390423e-01 1.06768588e-01
-5.06425697e-01 1.06826512e-01
-5.08460883e-01 1.06884428e-01
-5.10495980e-01 1.06942337e-01
-5.12530985e-01 1.07000237e-01
-5.14565897e-01 1.07058130e-01
-5.16600714e-01 1.07116014e-01
-5.18635434e-01 1.07173891e-01
-5.20670055e-01 1.07231759e-01
-5.22704575e-01 1.07289619e-01
-5.24738992e-01 1.07347471e-01
-5.26773305e-01 1.07405315e-01
-5.28807511e-01 1.07463150e-01
-5.30841610e-01 1.07520977e-01
-5.32875597e-01 1.07578796e-01
-5.34909473e-01 1.07636607e-01
-5.36943235e-01 1.07694410e-01
-5.38976880e-01 1.07752204e-01
-5.41010408e-01 1.07809989e-01
-5.43043816e-01 1.07867767e-01
-5.45077103e-01 1.07925535e-01
-5.47110266e-01 1.07983296e-01
-5.49143304e-01 1.08041047e-01
-5.51176214e-01 1.08098791e-01
-5.53208995e-01 1.08156526e-01
-5.55241646e-01 1.08214252e-01
-5.57274163e-01 1.08271969e-01
-5.59306545e-01 1.08329678e-01
-5.61338791e-01 1.08387378e-01
-5.63370898e-01 1.08445070e-01
-5.65402865e-01 1.08502753e-01
-5.67434689e-01 1.08560427e-01
-5.69466368e-01 1.08618092e-01
-5.71497902e-01 1.08675749e-01
-5.73529287e-01 1.08733396e-01
-5.75560523e-01 1.08791035e-01
-5.77591606e-01 1.08848665e-01
-5.79622536e-01 1.08906286e-01
-5.81653310e-01 1.08963898e-01
-5.83683927e-01 1.09021501e-01
-5.85714384e-01 1.09079095e-01
-5.87744679e-01 1.09136680e-01
-5.89774811e-01 1.09194256e-01
-5.91804778e-01 1.09251823e-01
-5.93834578e-01 1.09309380e-01
-5.95864210e-01 1.09366929e-01
-5.97893670e-01 1.09424468e-01
-5.99922957e-01 1.09481998e-01
-6.01952070e-01 1.09539519e-01
-6.03981006e-01 1.09597031e-01
-6.06009763e-01 1.09654533e-01
-6.08038341e-01 1.09712026e-01
-6.10066736e-01 1.09769509e-01
-6.12094946e-01 1.09826984e-01
-6.14122971e-01 1.09884448e-01
-6.16150808e-01 1.09941904e-01
-6.18178454e-01 1.09999349e-01
-6.20205909e-01 1.10056786e-01
-6.22233171e-01 1.10114212e-01
-6.24260236e-01 1.10171630e-01
-6.26287105e-01 1.10229037e-01
-6.28313773e-01 1.10286435e-01
-6.30340241e-01 1.10343823e-01
-6.32366505e-01 1.10401202e-01
-6.34392564e-01 1.10458571e-01
-6.36418417e-01 1.10515930e-01
-6.38444060e-01 1.10573279e-01
-6.40469492e-01 1.10630619e-01
-6.42494712e-01 1.10687948e-01
-6.44519717e-01 1.10745268e-01
-6.46544506e-01 1.10802578e-01
-6.48569076e-01 1.10859878e-01
-6.50593425e-01 1.10917168e-01
-6.52617553e-01 1.10974448e-01
-6.54641456e-01 1.11031718e-01
-6.56665133e-01 1.11088978e-01
-6.58688583e-01 1.11146228e-01
-6.60711802e-01 1.11203467e-01
-6.62734790e-01 1.11260697e-01
-6.64757544e-01 1.11317916e-01
-6.66780062e-01 1.11375125e-01
-6.68802343e-01 1.11432324e-01
-6.70824384e-01 1.11489513e-01
-6.72846184e-01 1.11546691e-01
-6.74867741e-01 1.11603859e-01
-6.76889053e-01 1.11661017e-01
-6.78910117e-01 1.11718164e-01
-6.80930933e-01 1.11775301e-01
-6.82951498e-01 1.11832427e-01
-6.84971810e-01 1.11889543e-01
-6.86991867e-01 1.11946648e-01
-6.89011668e-01 1.12003743e-01
-6.91031210e-01 1.12060827e-01
-6.93050492e-01 1.12117901e-01
-6.95069512e-01 1.12174964e-01
-6.97088267e-01 1.12232016e-01
-6.99106756e-01 1.12289057e-01
-7.01124977e-01 1.12346088e-01
-7.03142928e-01 1.12403108e-01
-7.05160608e-01 1.12460117e-01
-7.07178013e-01 1.12517116e-01
-7.09195143e-01 1.12574103e-01
-7.11211995e-01 1.12631080e-01
-7.13228568e-01 1.12688045e-01
-7.15244859e-01 1.12745000e-01
-7.17260867e-01 1.12801944e-01
-7.19276590e-01 1.12858876e-01
-7.21292025e-01 1.12915798e-01
-7.23307172e-01 1.12972708e-01
-7.25322027e-01 1.13029608e-01
-7.27336590e-01 1.13086496e-01
-7.29350857e-01 1.13143373e-01
-7.31364828e-01 1.13200239e-01
-7.33378501e-01 1.13257093e-01
-7.35391873e-01 1.13313937e-01
-7.37404942e-01 1.13370769e-01
-7.39417707e-01 1.13427589e-01
-7.41430166e-01 1.13484399e-01
-7.43442316e-01 1.13541196e-01
-7.45454156e-01 1.13597983e-01
-7.47465685e-01 1.13654758e-01
-7.49476899e-01 1.13711521e-01
-7.51487798e-01 1.13768273e-01
-7.53498378e-01 1.13825013e-01
-7.55508639e-01 1.13881742e-01
-7.57518579e-01 1.13938459e-01
-7.59528195e-01 1.13995164e-01
-7.61537485e-01 1.14051858e-01
-7.63546449e-01 1.14108539e-01
-7.65555083e-01 1.14165210e-01
-7.67563385e-01 1.14221868e-01
-7.69571355e-01 1.14278514e-01
-7.71578990e-01 1.14335149e-01
-7.73586287e-01 1.14391771e-01
-7.75593246e-01 1.14448382e-01
-7.77599864e-01 1.14504981e-01
-7.79606140e-01 1.14561568e-01
-7.81612071e-01 1.14618142e-01
-7.83617655e-01 1.14674705e-01
-7.85622891e-01 1.14731255e-01
-7.87627777e-01 1.14787794e-01
-7.89632310e-01 1.14844320e-01
-7.91636490e-01 1.14900834e-01
-7.93640313e-01 1.14957336e-01
-7.95643778e-01 1.15013825e-01
-7.97646883e-01 1.15070302e-01
-7.99649627e-01 1.15126767e-01
-8.01652007e-01 1.15183220e-01
-8.03654021e-01 1.15239660e-01
-8.05655667e-01 1.15296087e-01
-8.07656944e-01 1.15352502e-01
-8.09657850e-01 1.15408905e-01
-8.11658382e-01 1.15465295e-01
-8.13658539e-01 1.15521673e-01
-8.15658319e-01 1.15578037e-01
-8.17657720e-01 1.15634390e-01
-8.19656740e-01 1.15690729e-01
-8.21655377e-01 1.15747056e-01
-8.23653629e-01 1.15803370e-01
-8.25651495e-01 1.15859671e-01
-8.27648971e-01 1.15915960e-01
-8.29646058e-01 1.15972235e-01
-8.31642751e-01 1.16028498e-01
-8.33639051e-01 1.16084748e-01
-8.35634953e-01 1.16140985e-01
-8.37630458e-01 1.16197209e-01
-8.39625563e-01 1.16253420e-01
-8.41620265e-01 1.16309617e-01
-8.43614564e-01 1.16365802e-01
-8.45608456e-01 1.16421974e-01
-8.47601941e-01 1.16478132e-01
-8.49595016e-01 1.16534277e-01
-8.51587679e-01 1.16590409e-01
-8.53579929e-01 1.16646528e-01
-8.55571763e-01 1.16702633e-01
-8.57563180e-01 1.16758726e-01
-8.59554178e-01 1.16814804e-01
-8.61544754e-01 1.16870870e-01
-8.63534907e-01 1.16926921e-01
-8.65524635e-01 1.16982960e-01
-8.67513936e-01 1.17038985e-01
-8.69502808e-01 1.17094996e-01
-8.71491249e-01 1.17150994e-01
-8.73479258e-01 1.17206978e-01
-8.75466832e-01 1.17262948e-01
-8.77453969e-01 1.17318905e-01
-8.79440668e-01 1.17374848e-01
-8.81426926e-01 1.17430778e-01
-8.83412742e-01 1.17486693e-01
-8.85398114e-01 1.17542595e-01
-8.87383039e-01 1.17598483e-01
-8.89367517e-01 1.17654357e-01
-8.91351544e-01 1.17710216e-01
-8.93335119e-01 1.17766063e-01
-8.95318241e-01 1.17821895e-01
-8.97300907e-01 1.17877713e-01
-8.99283115e-01 1.17933516e-01
-9.01264864e-01 1.17989306e-01
-9.03246151e-01 1.18045082e-01
-9.05226974e-01 1.18100843e-01
-9.07207333e-01 1.18156591e-01
-9.09187224e-01 1.18212324e-01
-9.11166646e-01 1.18268042e-01
-9.13145596e-01 1.18323747e-01
-9.15124074e-01 1.18379437e-01
-9.17102077e-01 1.18435112e-01
-9.19079603e-01 1.18490773e-01
-9.21056650e-01 1.18546420e-01
-9.23033216e-01 1.18602052e-01
-9.25009300e-01 1.18657670e-01
-9.26984899e-01 1.18713273e-01
-9.28960012e-01 1.18768861e-01
-9.30934637e-01 1.18824435e-01
-9.32908771e-01 1.18879994e-01
-9.34882413e-01 1.18935538e-01
-9.36855561e-01 1.18991068e-01
-9.38828213e-01 1.19046583e-01
-9.40800367e-01 1.19102083e-01
-9.42772021e-01 1.19157568e-01
-9.44743174e-01 1.19213038e-01
-9.46713822e-01 1.19268493e-01
-9.48683965e-01 1.19323933e-01
-9.50653601e-01 1.19379359e-01
-9.52622727e-01 1.19434769e-01
-9.54591342e-01 1.19490164e-01
-9.56559443e-01 1.19545544e-01
-9.58527030e-01 1.19600909e-01
-9.60494099e-01 1.19656258e-01
-9.62460649e-01 1.19711592e-01
-9.64426678e-01 1.19766912e-01
-9.66392185e-01 1.19822215e-01
-9.68357167e-01 1.19877504e-01
-9.70321622e-01 1.19932777e-01
-9.72285548e-01 1.19988034e-01
-9.74248944e-01 1.20043276e-01
-9.76211808e-01 1.20098503e-01
-9.78174137e-01 1.20153714e-01
-9.80135930e-01 1.20208909e-01
-9.82097184e-01 1.20264089e-01
-9.84057899e-01 1.20319253e-01
-9.86018072e-01 1.20374402e-01
-9.87977701e-01 1.20429535e-01
-9.89936784e-01 1.20484652e-01
-9.91895319e-01 1.20539753e-01
-9.93853305e-01 1.20594838e-01
-9.95810739e-01 1.20649908e-01
-9.97767619e-01 1.20704962e-01
-9.99723944e-01 1.20759999e-01
-1.00167971e+00 1.20815021e-01
-1.00363492e+00 1.20870026e-01
-1.00558957e+00 1.20925016e-01
-1.00754365e+00 1.20979990e-01
-1.00949717e+00 1.21034947e-01
-1.01145013e+00 1.21089888e-01
-1.01340251e+00 1.21144813e-01
-1.01535432e+00 1.21199722e-01
-1.01730556e+00 1.21254614e-01
-1.01925623e+00 1.21309490e-01
-1.02120632e+00 1.21364350e-01
-1.02315583e+00 1.21419193e-01
-1.02510476e+00 1.21474020e-01
-1.02705311e+00 1.21528830e-01
-1.02900088e+00 1.21583624e-01
-1.03094805e+00 1.21638401e-01
-1.03289465e+00 1.21693162e-01
-1.03484065e+00 1.21747906e-01
-1.03678606e+00 1.21802633e-01
-1.03873087e+00 1.21857344e-01
-1.04067509e+00 1.21912038e-01
-1.04261871e+00 1.21966715e-01
-1.04456174e+00 1.22021375e-01
-1.04650416e+00 1.22076018e-01
-1.04844598e+00 1.22130645e-01
-1.05038719e+00 1.22185254e-01
-1.05232780e+00 1.22239847e-01
-1.05426780e+00 1.22294423e-01
-1.05620719e+00 1.22348981e-01
-1.05814596e+00 1.22403522e-01
-1.06008412e+00 1.22458047e-01
-1.06202166e+00 1.22512554e-01
-1.06395859e+00 1.22567043e-01
-1.06589489e+00 1.22621516e-01
-1.06783058e+00 1.22675971e-01
-1.06976563e+00 1.22730409e-01
-1.07170007e+00 1.22784830e-01
-1.07363387e+00 1.22839233e-01
-1.07556704e+00 1.22893619e-01
-1.07749959e+00 1.22947987e-01
-1.07943150e+00 1.23002337e-01
-1.08136277e+00 1.23056670e-01
-1.08329340e+00 1.23110986e-01
-1.08522340e+00 1.23165284e-01
-1.08715276e+00 1.23219564e-01
-1.08908147e+00 1.23273826e-01
-1.09100953e+00 1.23328071e-01
-1.09293695e+00 1.23382298e-01
-1.09486372e+00 1.23436507e-01
-1.09678984e+00 1.23490698e-01
-1.09871531e+00 1.23544871e-01
-1.10064012e+00 1.23599026e-01
-1.10256428e+00 1.23653163e-01
-1.10448778e+00 1.23707283e-01
-1.10641061e+00 1.23761384e-01
-1.10833279e+00 1.23815467e-01
-1.11025430e+00 1.23869531e-01
-1.11217514e+00 1.23923578e-01
-1.11409532e+00 1.23977606e-01
-1.11601483e+00 1.24031616e-01
-1.11793366e+00 1.24085608e-01
-1.11985182e+00 1.24139581e-01
-1.12176931e+00 1.24193536e-01
-1.12368612e+00 1.24247473e-01
-1.12560224e+00 1.24301391e-01
-1.12751769e+00 1.24355290e-01
-1.12943246e+00 1.24409171e-01
-1.13134653e+00 1.24463034e-01
-1.13325993e+00 1.24516877e-01
-1.13517263e+00 1.24570702e-01
-1.13708464e+00 1.24624508e-01
-1.13899596e+00 1.24678296e-01
-1.14090659e+00 1.24732065e-01
-1.14281652e+00 1.24785814e-01
-1.14472575e+00 1.24839545e-01
-1.14663428e+00 1.24893257e-01
-1.14854210e+00 1.24946950e-01
-1.15044923e+00 1.25000624e-01
-1.15235565e+00 1.25054279e-01
-1.15426136e+00 1.25107915e-01
-1.15616636e+00 1.25161532e-01
-1.15807064e+00 1.25215129e-01
-1.15997422e+00 1.25268708e-01
-1.16187708e+00 1.25322267e-01
-1.16377922e+00 1.25375807e-01
-1.16568064e+00 1.25429327e-01
-1.16758135e+00 1.25482828e-01
-1.16948133e+00 1.25536310e-01
-1.17138058e+00 1.25589772e-01
-1.17327911e+00 1.25643215e-01
-1.17517690e+00 1.25696638e-01
-1.17707397e+00 1.25750042e-01
-1.17897031e+00 1.25803425e-01
-1.18086591e+00 1.25856790e-01
-1.18276077e+00 1.25910134e-01
-1.18465490e+00 1.25963459e-01
-1.18654829e+00 1.26016764e-01
-1.18844093e+00 1.26070049e-01
-1.19033283e+00 1.26123315e-01
-1.19222399e+00 1.26176560e-01
-1.19411439e+00 1.26229786e-01
-1.19600405e+00 1.26282991e-01
-1.19789296e+00 1.26336176e-01
-1.19978111e+00 1.26389342e-01
-1.20166851e+00 1.26442487e-01
-1.20355515e+00 1.26495612e-01
-1.20544103e+00 1.26548717e-01
-1.20732615e+00 1.26601802e-01
-1.20921051e+00 1.26654866e-01
-1.21109411e+00 1.26707910e-01
-1.21297693e+00 1.26760933e-01
-1.21485899e+00 1.26813937e-01
-1.21674028e+00 1.26866919e-01
-1.21862080e+00 1.26919882e-01
-1.22050054e+00 1.26972823e-01
-1.22237951e+00 1.27025744e-01
-1.22425770e+00 1.27078645e-01
-1.22613510e+00 1.27131525e-01
-1.22801173e+00 1.27184384e-01
-1.22988758e+00 1.27237222e-01
-1.23176263e+00 1.27290040e-01
-1.23363691e+00 1.27342837e-01
-1.23551039e+00 1.27395612e-01
-1.23738308e+00 1.27448367e-01
-1.23925498e+00 1.27501101e-01
-1.24112608e+00 1.27553814e-01
-1.24299639e+00 1.27606506e-01
-1.24486590e+00 1.27659177e-01
-1.24673461e+00 1.27711827e-01
-1.24860251e+00 1.27764455e-01
-1.25046961e+00 1.27817063e-01
-1.25233591e+00 1.27869649e-01
-1.25420140e+00 1.27922214e-01
-1.25606608e+00 1.27974757e-01
-1.25792994e+00 1.28027279e-01
-1.25979300e+00 1.28079780e-01
-1.26165523e+00 1.28132259e-01
-1.26351665e+00 1.28184716e-01
-1.26537725e+00 1.28237152e-01
-1.26723703e+00 1.28289567e-01
-1.26909599e+00 1.28341960e-01
-1.27095412e+00 1.28394331e-01
-1.27281143e+00 1.28446680e-01
-1.27466791e+00 1.28499008e-01
-1.27652355e+00 1.28551314e-01
-1.27837837e+00 1.28603598e-01
-1.28023235e+00 1.28655860e-01
-1.28208549e+00 1.28708100e-01
-1.28393780e+00 1.28760318e-01
-1.28578927e+00 1.28812514e-01
-1.28763989e+00 1.28864688e-01
-1.28948967e+00 1.28916840e-01
-1.29133861e+00 1.28968970e-01
-1.29318670e+00 1.29021078e-01
-1.29503394e+00 1.29073163e-01
-1.29688033e+00 1.29125226e-01
-1.29872586e+00 1.29177267e-01
-1.30057054e+00 1.29229285e-01
-1.30241437e+00 1.29281281e-01
-1.30425733e+00 1.29333255e-01
-1.30609944e+00 1.29385206e-01
-1.30794068e+00 1.29437134e-01
-1.30978106e+00 1.29489040e-01
-1.31162058e+00 1.29540923e-01
-1.31345922e+00 1.29592783e-01
-1.31529700e+00 1.29644621e-01
-1.31713390e+00 1.29696436e-01
-1.31896993e+00 1.29748228e-01
-1.32080509e+00 1.29799998e-01
-1.32263937e+00 1.29851744e-01
-1.32447277e+00 1.29903468e-01
-1.32630529e+00 1.29955168e-01
-1.32813693e+00 1.30006846e-01
-1.32996768e+00 1.30058500e-01
-1.33179754e+00 1.30110132e-01
-1.33362652e+00 1.30161740e-01
-1.33545461e+00 1.30213325e-01
-1.33728180e+00 1.30264886e-01
-1.33910811e+00 1.30316425e-01
-1.34093351e+00 1.30367940e-01
-1.34275802e+00 1.30419432e-01
-1.34458163e+00 1.30470900e-01
-1.34640434e+00 1.30522345e-01
-1.34822614e+00 1.30573766e-01
-1.35004704e+00 1.30625164e-01
-1.35186703e+00 1.30676538e-01
-1.35368612e+00 1.30727888e-01
-1.35550429e+00 1.30779215e-01
-1.35732155e+00 1.30830518e-01
-1.35913790e+00 1.30881797e-01
-1.36095333e+00 1.30933053e-01
-1.36276785e+00 1.30984284e-01
-1.36458144e+00 1.31035492e-01
-1.36639411e+00 1.31086676e-01
-1.36820586e+00 1.31137836e-01
-1.37001668e+00 1.31188971e-01
-1.37182658e+00 1.31240083e-01
-1.37363555e+00 1.31291170e-01
-1.37544358e+00 1.31342234e-01
-1.37725068e+00 1.31393273e-01
-1.37905685e+00 1.31444287e-01
-1.38086209e+00 1.31495278e-01
-1.38266638e+00 1.31546244e-01
-1.38446973e+00 1.31597186e-01
-1.38627215e+00 1.31648103e-01
-1.38807361e+00 1.31698996e-01
-1.38987414e+00 1.31749864e-01
-1.39167371e+00 1.31800708e-01
-1.39347234e+00 1.31851527e-01
-1.39527001e+00 1.31902321e-01
-1.39706673e+00 1.31953091e-01
-1.39886250e+00 1.32003836e-01
-1.40065731e+00 1.32054556e-01
-1.40245116e+00 1.32105251e-01
-1.40424406e+00 1.32155921e-01
-1.40603599e+00 1.32206567e-01
-1.40782695e+00 1.32257187e-01
-1.40961695e+00 1.32307782e-01
-1.41140598e+00 1.32358353e-01
-1.41319404e+00 1.32408898e-01
-1.41498114e+00 1.32459418e-01
-1.41676725e+00 1.32509913e-01
-1.41855240e+00 1.32560382e-01
-1.42033656e+00 1.32610826e-01
-1.42211975e+00 1.32661245e-01
-1.42390196e+00 1.32711639e-01
-1.42568318e+00 1.32762007e-01
-1.42746342e+00 1.32812349e-01
-1.42924267e+00 1.32862666e-01
-1.43102094e+00 1.32912958e-01
-1.43279822e+00 1.32963223e-01
-1.43457450e+00 1.33013464e-01
-1.43634979e+00 1.33063678e-01
-1.43812409e+00 1.33113867e-01
-1.43989739e+00 1.33164030e-01
-1.44166969e+00 1.33214167e-01
-1.44344099e+00 1.33264278e-01
-1.44521129e+00 1.33314363e-01
-1.44698058e+00 1.33364422e-01
-1.44874887e+00 1.33414455e-01
-1.45051615e+00 1.33464462e-01
-1.45228242e+00 1.33514443e-01
-1.45404768e+00 1.33564398e-01
-1.45581193e+00 1.33614327e-01
-1.45757516e+00 1.33664229e-01
-1.45933737e+00 1.33714105e-01
-1.46109856e+00 1.33763955e-01
-1.46285874e+00 1.33813778e-01
-1.46461789e+00 1.33863575e-01
-1.46637601e+00 1.33913345e-01
-1.46813311e+00 1.33963089e-01
-1.46988919e+00 1.34012806e-01
-1.47164423e+00 1.34062496e-01
-1.47339824e+00 1.34112160e-01
-1.47515122e+00 1.34161798e-01
-1.47690316e+00 1.34211408e-01
-1.47865407e+00 1.34260991e-01
-1.48040393e+00 1.34310548e-01
-1.48215276e+00 1.34360078e-01
-1.48390055e+00 1.34409581e-01
-1.48564729e+00 1.34459057e-01
-1.48739298e+00 1.34508505e-01
-1.48913762e+00 1.34557927e-01
-1.49088122e+00 1.34607322e-01
-1.49262377e+00 1.34656689e-01
-1.49436526e+00 1.34706029e-01
-1.49610569e+00 1.34755342e-01
-1.49784507e+00 1.34804627e-01
-1.49958340e+00 1.34853886e-01
-1.50132066e+00 1.34903116e-01
-1.50305685e+00 1.34952320e-01
-1.50479199e+00 1.35001495e-01
-1.50652606e+00 1.35050643e-01
-1.50825906e+00 1.35099764e-01
-1.50999099e+00 1.35148857e-01
-1.51172185e+00 1.35197922e-01
-1.51345164e+00 1.35246960e-01
-1.51518035e+00 1.35295969e-01
-1.51690798e+00 1.35344951e-01
-1.51863454e+00 1.35393905e-01
-1.52036002e+00 1.35442831e-01
-1.52208441e+00 1.35491729e-01
-1.52380772e+00 1.35540599e-01
-1.52552995e+00 1.35589441e-01
-1.52725108e+00 1.35638255e-01
-1.52897113e+00 1.35687040e-01
-1.53069009e+00 1.35735798e-01
-1.53240795e+00 1.35784527e-01
-1.53412472e+00 1.35833228e-01
-1.53584040e+00 1.35881900e-01
-1.53755497e+00 1.35930544e-01
-1.53926845e+00 1.35979160e-01
-1.54098082e+00 1.36027747e-01
-1.54269209e+00 1.36076306e-01
-1.54440226e+00 1.36124836e-01
-1.54611131e+00 1.36173337e-01
-1.54781926e+00 1.36221810e-01
-1.54952610e+00 1.36270254e-01
-1.55123183e+00 1.36318669e-01
-1.55293644e+00 1.36367055e-01
-1.55463993e+00 1.36415413e-01
-1.55634231e+00 1.36463741e-01
-1.55804357e+00 1.36512041e-01
-1.55974371e+00 1.36560311e-01
-1.56144272e+00 1.36608552e-01
-1.56314061e+00 1.36656765e-01
-1.56483737e+00 1.36704948e-01
-1.56653301e+00 1.36753102e-01
-1.56822751e+00 1.36801227e-01
-1.56992088e+00 1.36849322e-01
-1.57161312e+00 1.36897388e-01
-1.57330422e+00 1.36945425e-01
-1.57499418e+00 1.36993432e-01
-1.57668301e+00 1.37041409e-01
-1.57837069e+00 1.37089358e-01
-1.58005724e+00 1.37137276e-01
-1.58174263e+00 1.37185165e-01
-1.58342689e+00 1.37233024e-01
-1.58510999e+00 1.37280854e-01
-1.58679194e+00 1.37328653e-01
-1.58847275e+00 1.37376423e-01
-1.59015240e+00 1.37424163e-01
-1.59183089e+00 1.37471873e-01
-1.59350823e+00 1.37519553e-01
-1.59518441e+00 1.37567203e-01
-1.59685942e+00 1.37614823e-01
-1.59853328e+00 1.37662413e-01
-1.60020597e+00 1.37709973e-01
-1.60187750e+00 1.37757502e-01
-1.60354786e+00 1.37805002e-01
-1.60521705e+00 1.37852471e-01
-1.60688507e+00 1.37899909e-01
-1.60855192e+00 1.37947317e-01
-1.61021759e+00 1.37994695e-01
-1.61188209e+00 1.38042042e-01
-1.61354541e+00 1.38089359e-01
-1.61520755e+00 1.38136645e-01
-1.61686851e+00 1.38183900e-01
-1.61852828e+00 1.38231125e-01
-1.62018687e+00 1.38278319e-01
-1.62184428e+00 1.38325482e-01
-1.62350049e+00 1.38372614e-01
-1.62515552e+00 1.38419716e-01
-1.62680935e+00 1.38466786e-01
-1.62846199e+00 1.38513826e-01
-1.63011344e+00 1.38560834e-01
-1.63176368e+00 1.38607811e-01
-1.63341273e+00 1.38654758e-01
-1.63506058e+00 1.38701673e-01
-1.63670723e+00 1.38748557e-01
-1.63835267e+00 1.38795409e-01
-1.63999690e+00 1.38842230e-01
-1.64163993e+00 1.38889020e-01
-1.64328175e+00 1.38935779e-01
-1.64492236e+00 1.38982506e-01
-1.64656175e+00 1.39029201e-01
-1.64819994e+00 1.39075865e-01
-1.64983690e+00 1.39122497e-01
-1.65147265e+00 1.39169098e-01
-1.65310717e+00 1.39215666e-01
-1.65474048e+00 1.39262204e-01
-1.65637256e+00 1.39308709e-01
-1.65800342e+00 1.39355182e-01
-1.65963305e+00 1.39401624e-01
-1.66126146e+00 1.39448033e-01
-1.66288863e+00 1.39494411e-01
-1.66451457e+00 1.39540756e-01
-1.66613928e+00 1.39587070e-01
-1.66776275e+00 1.39633351e-01
-1.66938499e+00 1.39679600e-01
-1.67100598e+00 1.39725817e-01
-1.67262574e+00 1.39772001e-01
-1.67424425e+00 1.39818153e-01
-1.67586152e+00 1.39864273e-01
-1.67747755e+00 1.39910360e-01
-1.67909233e+00 1.39956415e-01
-1.68070586e+00 1.40002437e-01
-1.68231813e+00 1.40048427e-01
-1.68392916e+00 1.40094383e-01
-1.68553893e+00 1.40140308e-01
-1.68714745e+00 1.40186199e-01
-1.68875471e+00 1.40232058e-01
-1.69036071e+00 1.40277884e-01
-1.69196544e+00 1.40323677e-01
-1.69356892e+00 1.40369437e-01
-1.69517113e+00 1.40415164e-01
-1.69677207e+00 1.40460858e-01
-1.69837175e+00 1.40506519e-01
-1.69997016e+00 1.40552147e-01
-1.70156730e+00 1.40597741e-01
-1.70316316e+00 1.40643303e-01
-1.70475775e+00 1.40688831e-01
-1.70635106e+00 1.40734325e-01
-1.70794310e+00 1.40779787e-01
-1.70953385e+00 1.40825215e-01
-1.71112332e+00 1.40870609e-01
-1.71271151e+00 1.40915970e-01
-1.71429842e+00 1.40961297e-01
-1.71588404e+00 1.41006591e-01
-1.71746837e+00 1.41051851e-01
-1.71905141e+00 1.41097077e-01
-1.72063316e+00 1.41142270e-01
-1.72221362e+00 1.41187428e-01
-1.72379278e+00 1.41232553e-01
-1.72537064e+00 1.41277644e-01
-1.72694721e+00 1.41322701e-01
-1.72852247e+00 1.41367724e-01
-1.73009644e+00 1.41412712e-01
-1.73166910e+00 1.41457667e-01
-1.73324045e+00 1.41502588e-01
-1.73481050e+00 1.41547474e-01
-1.73637924e+00 1.41592326e-01
-1.73794667e+00 1.41637143e-01
-1.73951279e+00 1.41681927e-01
-1.74107760e+00 1.41726675e-01
-1.74264109e+00 1.41771390e-01
-1.74420326e+00 1.41816070e-01
-1.74576411e+00 1.41860715e-01
-1.74732365e+00 1.41905325e-01
-1.74888186e+00 1.41949901e-01
-1.75043875e+00 1.41994442e-01
-1.75199431e+00 1.42038949e-01
-1.75354855e+00 1.42083421e-01
-1.75510146e+00 1.42127857e-01
-1.75665303e+00 1.42172259e-01
-1.75820328e+00 1.42216626e-01
-1.75975219e+00 1.42260958e-01
-1.76129977e+00 1.42305254e-01
-1.76284601e+00 1.42349516e-01
-1.76439091e+00 1.42393742e-01
-1.76593447e+00 1.42437934e-01
-1.76747669e+00 1.42482089e-01
-1.76901756e+00 1.42526210e-01
-1.77055709e+00 1.42570295e-01
-1.77209528e+00 1.42614345e-01
-1.77363211e+00 1.42658359e-01
-1.77516759e+00 1.42702338e-01
-1.77670173e+00 1.42746281e-01
-1.77823450e+00 1.42790189e-01
-1.77976593e+00 1.42834061e-01
-1.78129600e+00 1.42877897e-01
-1.78282470e+00 1.42921697e-01
-1.78435205e+00 1.42965462e-01
-1.78587804e+00 1.43009191e-01
-1.78740266e+00 1.43052883e-01
-1.78892592e+00 1.43096540e-01
-1.79044781e+00 1.43140161e-01
-1.79196833e+00 1.43183746e-01
-1.79348748e+00 1.43227294e-01
-1.79500526e+00 1.43270807e-01
-1.79652167e+00 1.43314283e-01
-1.79803670e+00 1.43357723e-01
-1.79955036e+00 1.43401126e-01
-1.80106264e+00 1.43444493e-01
-1.80257353e+00 1.43487824e-01
-1.80408305e+00 1.43531118e-01
-1.80559118e+00 1.43574376e-01
-1.80709793e+00 1.43617597e-01
-1.80860329e+00 1.43660781e-01
-1.81010727e+00 1.43703929e-01
-1.81160985e+00 1.43747040e-01
-1.81311104e+00 1.43790115e-01
-1.81461084e+00 1.43833152e-01
-1.81610925e+00 1.43876152e-01
-1.81760626e+00 1.43919116e-01
-1.81910187e+00 1.43962043e-01
-1.82059608e+00 1.44004932e-01
-1.82208889e+00 1.44047785e-01
-1.82358029e+00 1.44090600e-01
-1.82507030e+00 1.44133378e-01
-1.82655889e+00 1.44176119e-01
-1.82804608e+00 1.44218823e-01
-1.82953186e+00 1.44261489e-01
-1.83101623e+00 1.44304118e-01
-1.83249919e+00 1.44346709e-01
-1.83398073e+00 1.44389263e-01
-1.83546086e+00 1.44431780e-01
-1.83693957e+00 1.44474259e-01
-1.83841686e+00 1.44516700e-01
-1.83989273e+00 1.44559103e-01
-1.84136718e+00 1.44601469e-01
-1.84284020e+00 1.44643797e-01
-1.84431180e+00 1.44686087e-01
-1.84578197e+00 1.44728339e-01
-1.84725072e+00 1.44770553e-01
-1.84871803e+00 1.44812730e-01
-1.85018391e+00 1.44854868e-01
-1.85164836e+00 1.44896968e-01
-1.85311137e+00 1.44939030e-01
-1.85457295e+00 1.44981054e-01
-1.85603309e+00 1.45023039e-01
-1.85749179e+00 1.45064986e-01
-1.85894904e+00 1.45106895e-01
-1.86040486e+00 1.45148765e-01
-1.86185923e+00 1.45190597e-01
-1.86331215e+00 1.45232391e-01
-1.86476363e+00 1.45274145e-01
-1.86621365e+00 1.45315862e-01
-1.86766223e+00 1.45357539e-01
-1.86910935e+00 1.45399178e-01
-1.87055502e+00 1.45440778e-01
-1.87199923e+00 1.45482339e-01
-1.87344199e+00 1.45523862e-01
-1.87488329e+00 1.45565345e-01
-1.87632312e+00 1.45606790e-01
-1.87776150e+00 1.45648195e-01
-1.87919841e+00 1.45689562e-01
-1.88063386e+00 1.45730889e-01
-1.88206783e+00 1.45772177e-01
-1.88350034e+00 1.45813426e-01
-1.88493139e+00 1.45854636e-01
-1.88636095e+00 1.45895806e-01
-1.88778905e+00 1.45936937e-01
-1.88921567e+00 1.45978028e-01
-1.89064082e+00 1.46019080e-01
-1.89206449e+00 1.46060093e-01
-1.89348667e+00 1.46101065e-01
-1.89490738e+00 1.46141999e-01
-1.89632661e+00 1.46182892e-01
-1.89774435e+00 1.46223746e-01
-1.89916060e+00 1.46264560e-01
-1.90057537e+00 1.46305334e-01
-1.90198865e+00 1.46346069e-01
-1.90340044e+00 1.46386763e-01
-1.90481073e+00 1.46427417e-01
-1.90621954e+00 1.46468032e-01
-1.90762685e+00 1.46508606e-01
-1.90903266e+00 1.46549140e-01
-1.91043697e+00 1.46589634e-01
-1.91183979e+00 1.46630087e-01
-1.91324110e+00 1.46670501e-01
-1.91464091e+00 1.46710874e-01
-1.91603922e+00 1.46751206e-01
-1.91743602e+00 1.46791498e-01
-1.91883131e+00 1.46831750e-01
-1.92022510e+00 1.46871961e-01
-1.92161737e+00 1.46912131e-01
-1.92300813e+00 1.46952261e-01
-1.92439738e+00 1.46992350e-01
-1.92578511e+00 1.47032398e-01
-1.92717133e+00 1.47072406e-01
-1.92855603e+00 1.47112372e-01
-1.92993921e+00 1.47152298e-01
-1.93132087e+00 1.47192183e-01
-1.93270100e+00 1.47232026e-01
-1.93407961e+00 1.47271829e-01
-1.93545670e+00 1.47311590e-01
-1.93683225e+00 1.47351311e-01
-1.93820628e+00 1.47390990e-01
-1.93957878e+00 1.47430628e-01
-1.94094975e+00 1.47470224e-01
-1.94231918e+00 1.47509779e-01
-1.94368708e+00 1.47549293e-01
-1.94505344e+00 1.47588765e-01
-1.94641826e+00 1.47628196e-01
-1.94778155e+00 1.47667585e-01
-1.94914329e+00 1.47706932e-01
-1.95050349e+00 1.47746238e-01
-1.95186214e+00 1.47785502e-01
-1.95321925e+00 1.47824724e-01
-1.95457482e+00 1.47863904e-01
-1.95592883e+00 1.47903043e-01
-1.95728130e+00 1.47942139e-01
-1.95863221e+00 1.47981194e-01
-1.95998157e+00 1.48020206e-01
-1.96132937e+00 1.48059176e-01
-1.96267562e+00 1.48098105e-01
-1.96402031e+00 1.48136991e-01
-1.96536345e+00 1.48175834e-01
-1.96670502e+00 1.48214636e-01
-1.96804503e+00 1.48253395e-01
-1.96938347e+00 1.48292111e-01
-1.97072035e+00 1.48330786e-01
-1.97205567e+00 1.48369417e-01
-1.97338941e+00 1.48408006e-01
-1.97472159e+00 1.48446553e-01
-1.97605219e+00 1.48485056e-01
-1.97738122e+00 1.48523518e-01
-1.97870868e+00 1.48561936e-01
-1.98003456e+00 1.48600311e-01
-1.98135887e+00 1.48638644e-01
-1.98268160e+00 1.48676933e-01
-1.98400274e+00 1.48715180e-01
-1.98532231e+00 1.48753384e-01
-1.98664029e+00 1.48791544e-01
-1.98795669e+00 1.48829662e-01
-1.98927150e+00 1.48867736e-01
-1.99058472e+00 1.48905767e-01
-1.99189636e+00 1.48943755e-01
-1.99320640e+00 1.48981699e-01
-1.99451485e+00 1.49019600e-01
-1.99582171e+00 1.49057457e-01
-1.99712698e+00 1.49095271e-01
-1.99843064e+00 1.49133042e-01
-1.99973272e+00 1.49170769e-01
-2.00103319e+00 1.49208452e-01
-2.00233206e+00 1.49246091e-01
-2.00362932e+00 1.49283687e-01
-2.00492499e+00 1.49321239e-01
-2.00621905e+00 1.49358747e-01
-2.00751150e+00 1.49396211e-01
-2.00880235e+00 1.49433631e-01
-2.01009158e+00 1.49471007e-01
-2.01137921e+00 1.49508339e-01
-2.01266522e+00 1.49545627e-01
-2.01394962e+00 1.49582871e-01
-2.01523240e+00 1.49620071e-01
-2.01651357e+00 1.49657226e-01
-2.01779311e+00 1.49694337e-01
-2.01907104e+00 1.49731404e-01
-2.02034735e+00 1.49768426e-01
-2.02162204e+00 1.49805403e-01
-2.02289510e+00 1.49842336e-01
-2.02416653e+00 1.49879225e-01
-2.02543634e+00 1.49916069e-01
-2.02670452e+00 1.49952868e-01
-2.02797107e+00 1.49989623e-01
-2.02923599e+00 1.50026332e-01
-2.03049928e+00 1.50062997e-01
-2.03176093e+00 1.50099617e-01
-2.03302095e+00 1.50136192e-01
-2.03427933e+00 1.50172722e-01
-2.03553607e+00 1.50209207e-01
-2.03679117e+00 1.50245647e-01
-2.03804464e+00 1.50282041e-01
-2.03929646e+00 1.50318391e-01
-2.04054663e+00 1.50354695e-01
-2.04179516e+00 1.50390954e-01
-2.04304204e+00 1.50427167e-01
-2.04428728e+00 1.50463335e-01
-2.04553086e+00 1.50499458e-01
-2.04677279e+00 1.50535535e-01
-2.04801308e+00 1.50571567e-01
-2.04925170e+00 1.50607552e-01
-2.05048867e+00 1.50643493e-01
-2.05172399e+00 1.50679387e-01
-2.05295765e+00 1.50715236e-01
-2.05418964e+00 1.50751039e-01
-2.05541998e+00 1.50786796e-01
-2.05664865e+00 1.50822507e-01
-2.05787566e+00 1.50858172e-01
-2.05910101e+00 1.50893791e-01
-2.06032469e+00 1.50929364e-01
-2.06154670e+00 1.50964891e-01
-2.06276704e+00 1.51000371e-01
-2.06398571e+00 1.51035806e-01
-2.06520271e+00 1.51071194e-01
-2.06641803e+00 1.51106535e-01
-2.06763168e+00 1.51141831e-01
-2.06884365e+00 1.51177079e-01
-2.07005395e+00 1.51212282e-01
-2.07126257e+00 1.51247438e-01
-2.07246950e+00 1.51282547e-01
-2.07367476e+00 1.51317609e-01
-2.07487833e+00 1.51352625e-01
-2.07608021e+00 1.51387594e-01
-2.07728041e+00 1.51422516e-01
-2.07847893e+00 1.51457392e-01
-2.07967575e+00 1.51492220e-01
-2.08087088e+00 1.51527001e-01
-2.08206433e+00 1.51561736e-01
-2.08325608e+00 1.51596423e-01
-2.08444613e+00 1.51631063e-01
-2.08563449e+00 1.51665656e-01
-2.08682115e+00 1.51700202e-01
-2.08800612e+00 1.51734701e-01
-2.08918938e+00 1.51769152e-01
-2.09037094e+00 1.51803556e-01
-2.09155081e+00 1.51837912e-01
-2.09272896e+00 1.51872221e-01
-2.09390541e+00 1.51906482e-01
-2.09508016e+00 1.51940696e-01
-2.09625320e+00 1.51974862e-01
-2.09742453e+00 1.52008980e-01
-2.09859414e+00 1.52043051e-01
-2.09976205e+00 1.52077074e-01
-2.10092824e+00 1.52111049e-01
-2.10209272e+00 1.52144976e-01
-2.10325548e+00 1.52178855e-01
-2.10441653e+00 1.52212686e-01
-2.10557585e+00 1.52246469e-01
-2.10673346e+00 1.52280204e-01
-2.10788934e+00 1.52313890e-01
-2.10904350e+00 1.52347529e-01
-2.11019594e+00 1.52381119e-01
-2.11134665e+00 1.52414661e-01
-2.11249564e+00 1.52448155e-01
-2.11364290e+00 1.52481600e-01
-2.11478843e+00 1.52514996e-01
-2.11593222e+00 1.52548345e-01
-2.11707429e+00 1.52581644e-01
-2.11821462e+00 1.52614895e-01
-2.11935322e+00 1.52648097e-01
-2.12049008e+00 1.52681251e-01
-2.12162521e+00 1.52714355e-01
-2.12275859e+00 1.52747411e-01
-2.12389024e+00 1.52780418e-01
-2.12502014e+00 1.52813376e-01
-2.12614830e+00 1.52846285e-01
-2.12727472e+00 1.52879145e-01
-2.12839940e+00 1.52911956e-01
-2.12952232e+00 1.52944718e-01
-2.13064350e+00 1.52977430e-01
-2.13176293e+00 1.53010093e-01
-2.13288061e+00 1.53042707e-01
-2.13399654e+00 1.53075272e-01
-2.13511071e+00 1.53107787e-01
-2.13622313e+00 1.53140253e-01
-2.13733380e+00 1.53172669e-01
-2.13844270e+00 1.53205036e-01
-2.13954985e+00 1.53237353e-01
-2.14065524e+00 1.53269620e-01
-2.14175887e+00 1.53301838e-01
-2.14286074e+00 1.53334005e-01
-2.14396084e+00 1.53366123e-01
-2.14505918e+00 1.53398192e-01
-2.14615575e+00 1.53430210e-01
-2.14725056e+00 1.53462178e-01
-2.14834360e+00 1.53494096e-01
-2.14943486e+00 1.53525964e-01
-2.15052436e+00 1.53557782e-01
-2.15161208e+00 1.53589550e-01
-2.15269803e+00 1.53621268e-01
-2.15378221e+00 1.53652935e-01
-2.15486461e+00 1.53684552e-01
-2.15594523e+00 1.53716119e-01
-2.15702407e+00 1.53747635e-01
-2.15810114e+00 1.53779100e-01
-2.15917642e+00 1.53810515e-01
-2.16024992e+00 1.53841880e-01
-2.16132163e+00 1.53873194e-01
-2.16239156e+00 1.53904457e-01
-2.16345971e+00 1.53935669e-01
-2.16452606e+00 1.53966831e-01
-2.16559063e+00 1.53997941e-01
-2.16665341e+00 1.54029001e-01
-2.16771439e+00 1.54060010e-01
-2.16877359e+00 1.54090968e-01
-2.16983099e+00 1.54121874e-01
-2.17088659e+00 1.54152730e-01
-2.17194040e+00 1.54183535e-01
-2.17299241e+00 1.54214288e-01
-2.17404262e+00 1.54244990e-01
-2.17509103e+00 1.54275640e-01
-2.17613764e+00 1.54306240e-01
-2.17718245e+00 1.54336788e-01
-2.17822546e+00 1.54367284e-01
-2.17926666e+00 1.54397729e-01
-2.18030605e+00 1.54428122e-01
-2.18134363e+00 1.54458464e-01
-2.18237941e+00 1.54488754e-01
-2.18341338e+00 1.54518992e-01
-2.18444553e+00 1.54549178e-01
-2.18547588e+00 1.54579313e-01
-2.18650441e+00 1.54609396e-01
-2.18753112e+00 1.54639426e-01
-2.18855602e+00 1.54669405e-01
-2.18957910e+00 1.54699332e-01
-2.19060036e+00 1.54729207e-01
-2.19161981e+00 1.54759029e-01
-2.19263743e+00 1.54788799e-01
-2.19365323e+00 1.54818517e-01
-2.19466721e+00 1.54848183e-01
-2.19567936e+00 1.54877797e-01
-2.19668968e+00 1.54907358e-01
-2.19769818e+00 1.54936866e-01
-2.19870486e+00 1.54966322e-01
-2.19970970e+00 1.54995726e-01
-2.20071271e+00 1.55025077e-01
-2.20171389e+00 1.55054375e-01
-2.20271324e+00 1.55083620e-01
-2.20371075e+00 1.55112813e-01
-2.20470643e+00 1.55141953e-01
-2.20570027e+00 1.55171040e-01
-2.20669227e+00 1.55200074e-01
-2.20768243e+00 1.55229056e-01
-2.20867076e+00 1.55257984e-01
-2.20965724e+00 1.55286859e-01
-2.21064188e+00 1.55315681e-01
-2.21162468e+00 1.55344450e-01
-2.21260563e+00 1.55373165e-01
-2.21358473e+00 1.55401828e-01
-2.21456199e+00 1.55430437e-01
-2.21553740e+00 1.55458992e-01
-2.21651096e+00 1.55487494e-01
-2.21748267e+00 1.55515943e-01
-2.21845253e+00 1.55544338e-01
-2.21942054e+00 1.55572680e-01
-2.22038669e+00 1.55600968e-01
-2.22135098e+00 1.55629202e-01
-2.22231342e+00 1.55657383e-01
-2.22327400e+00 1.55685510e-01
-2.22423272e+00 1.55713583e-01
-2.22518959e+00 1.55741602e-01
-2.22614459e+00 1.55769567e-01
-2.22709773e+00 1.55797478e-01
-2.22804900e+00 1.55825335e-01
-2.22899841e+00 1.55853138e-01
-2.22994596e+00 1.55880887e-01
-2.23089164e+00 1.55908582e-01
-2.23183545e+00 1.55936222e-01
-2.23277739e+00 1.55963808e-01
-2.23371746e+00 1.55991340e-01
-2.23465566e+00 1.56018817e-01
-2.23559198e+00 1.56046240e-01
-2.23652644e+00 1.56073609e-01
-2.23745901e+00 1.56100923e-01
-2.23838972e+00 1.56128182e-01
-2.23931854e+00 1.56155387e-01
-2.24024549e+00 1.56182537e-01
-2.24117055e+00 1.56209632e-01
-2.24209374e+00 1.56236672e-01
-2.24301505e+00 1.56263658e-01
-2.24393447e+00 1.56290588e-01
-2.24485201e+00 1.56317464e-01
-2.24576766e+00 1.56344285e-01
-2.24668143e+00 1.56371050e-01
-2.24759331e+00 1.56397761e-01
-2.24850330e+00 1.56424416e-01
-2.24941140e+00 1.56451016e-01
-2.25031761e+00 1.56477561e-01
-2.25122193e+00 1.56504051e-01
-2.25212436e+00 1.56530485e-01
-2.25302489e+00 1.56556864e-01
-2.25392353e+00 1.56583187e-01
-2.25482027e+00 1.56609455e-01
-2.25571512e+00 1.56635667e-01
-2.25660807e+00 1.56661824e-01
-2.25749911e+00 1.56687925e-01
-2.25838826e+00 1.56713970e-01
-2.25927551e+00 1.56739959e-01
-2.26016085e+00 1.56765893e-01
-2.26104429e+00 1.56791771e-01
-2.26192582e+00 1.56817593e-01
-2.26280545e+00 1.56843359e-01
-2.26368317e+00 1.56869069e-01
-2.26455899e+00 1.56894723e-01
-2.26543289e+00 1.56920320e-01
-2.26630488e+00 1.56945862e-01
-2.26717497e+00 1.56971347e-01
-2.26804314e+00 1.56996776e-01
-2.26890939e+00 1.57022149e-01
-2.26977374e+00 1.57047465e-01
-2.27063616e+00 1.57072725e-01
-2.27149668e+00 1.57097929e-01
-2.27235527e+00 1.57123076e-01
-2.27321194e+00 1.57148166e-01
-2.27406670e+00 1.57173200e-01
-2.27491953e+00 1.57198177e-01
-2.27577044e+00 1.57223097e-01
-2.27661943e+00 1.57247961e-01
-2.27746649e+00 1.57272768e-01
-2.27831163e+00 1.57297517e-01
-2.27915485e+00 1.57322210e-01
-2.27999613e+00 1.57346846e-01
-2.28083549e+00 1.57371425e-01
-2.28167292e+00 1.57395947e-01
-2.28250842e+00 1.57420412e-01
-2.28334199e+00 1.57444820e-01
-2.28417362e+00 1.57469170e-01
-2.28500332e+00 1.57493463e-01
-2.28583109e+00 1.57517699e-01
-2.28665692e+00 1.57541877e-01
-2.28748082e+00 1.57565998e-01
-2.28830277e+00 1.57590062e-01
-2.28912279e+00 1.57614068e-01
-2.28994087e+00 1.57638016e-01
-2.29075701e+00 1.57661907e-01
-2.29157121e+00 1.57685740e-01
-2.29238346e+00 1.57709515e-01
-2.29319377e+00 1.57733233e-01
-2.29400214e+00 1.57756893e-01
-2.29480856e+00 1.57780495e-01
-2.29561304e+00 1.57804039e-01
-2.29641556e+00 1.57827525e-01
-2.29721614e+00 1.57850953e-01
-2.29801477e+00 1.57874323e-01
-2.29881144e+00 1.57897634e-01
-2.29960617e+00 1.57920888e-01
-2.30039894e+00 1.57944083e-01
-2.30118976e+00 1.57967220e-01
-2.30197863e+00 1.57990299e-01
-2.30276554e+00 1.58013320e-01
-2.30355049e+00 1.58036282e-01
-2.30433348e+00 1.58059185e-01
-2.30511452e+00 1.58082030e-01
-2.30589359e+00 1.58104817e-01
-2.30667071e+00 1.58127545e-01
-2.30744586e+00 1.58150214e-01
-2.30821905e+00 1.58172824e-01
-2.30899028e+00 1.58195376e-01
-2.30975955e+00 1.58217869e-01
-2.31052684e+00 1.58240303e-01
-2.31129217e+00 1.58262678e-01
-2.31205554e+00 1.58284994e-01
-2.31281693e+00 1.58307251e-01
-2.31357636e+00 1.58329449e-01
-2.31433382e+00 1.58351588e-01
-2.31508930e+00 1.58373668e-01
-2.31584281e+00 1.58395688e-01
-2.31659435e+00 1.58417650e-01
-2.31734392e+00 1.58439552e-01
-2.31809151e+00 1.58461394e-01
-2.31883712e+00 1.58483177e-01
-2.31958076e+00 1.58504901e-01
-2.32032241e+00 1.58526565e-01
-2.32106209e+00 1.58548170e-01
-2.32179979e+00 1.58569715e-01
-2.32253551e+00 1.58591201e-01
-2.32326925e+00 1.58612626e-01
-2.32400100e+00 1.58633992e-01
-2.32473077e+00 1.58655299e-01
-2.32545856e+00 1.58676545e-01
-2.32618436e+00 1.58697731e-01
-2.32690818e+00 1.58718858e-01
-2.32763000e+00 1.58739924e-01
-2.32834984e+00 1.58760931e-01
-2.32906769e+00 1.58781877e-01
-2.32978355e+00 1.58802763e-01
-2.33049742e+00 1.58823589e-01
-2.33120929e+00 1.58844355e-01
-2.33191918e+00 1.58865061e-01
-2.33262707e+00 1.58885706e-01
-2.33333296e+00 1.58906291e-01
-2.33403686e+00 1.58926815e-01
-2.33473876e+00 1.58947279e-01
-2.33543867e+00 1.58967682e-01
-2.33613657e+00 1.58988025e-01
-2.33683248e+00 1.59008307e-01
-2.33752639e+00 1.59028528e-01
-2.33821829e+00 1.59048689e-01
-2.33890820e+00 1.59068789e-01
-2.33959610e+00 1.59088828e-01
-2.34028200e+00 1.59108806e-01
-2.34096589e+00 1.59128724e-01
-2.34164778e+00 1.59148580e-01
-2.34232766e+00 1.59168375e-01
-2.34300553e+00 1.59188109e-01
-2.34368140e+00 1.59207783e-01
-2.34435525e+00 1.59227394e-01
-2.34502710e+00 1.59246945e-01
-2.34569694e+00 1.59266435e-01
-2.34636476e+00 1.59285863e-01
-2.34703057e+00 1.59305230e-01
-2.34769437e+00 1.59324535e-01
-2.34835615e+00 1.59343779e-01
-2.34901592e+00 1.59362962e-01
-2.34967367e+00 1.59382082e-01
-2.35032941e+00 1.59401142e-01
-2.35098313e+00 1.59420139e-01
-2.35163483e+00 1.59439075e-01
-2.35228451e+00 1.59457950e-01
-2.35293217e+00 1.59476762e-01
-2.35357780e+00 1.59495513e-01
-2.35422142e+00 1.59514201e-01
-2.35486301e+00 1.59532828e-01
-2.35550258e+00 1.59551393e-01
-2.35614013e+00 1.59569896e-01
-2.35677565e+00 1.59588337e-01
-2.35740914e+00 1.59606715e-01
-2.35804061e+00 1.59625032e-01
-2.35867004e+00 1.59643286e-01
-2.35929745e+00 1.59661478e-01
-2.35992283e+00 1.59679607e-01
-2.36054618e+00 1.59697675e-01
-2.36116750e+00 1.59715679e-01
-2.36178679e+00 1.59733622e-01
-2.36240404e+00 1.59751502e-01
-2.36301926e+00 1.59769319e-01
-2.36363244e+00 1.59787074e-01
-2.36424359e+00 1.59804766e-01
-2.36485271e+00 1.59822395e-01
-2.36545978e+00 1.59839962e-01
-2.36606482e+00 1.59857465e-01
-2.36666782e+00 1.59874906e-01
-2.36726878e+00 1.59892285e-01
-2.36786770e+00 1.59909600e-01
-2.36846458e+00 1.59926852e-01
-2.36905942e+00 1.59944041e-01
-2.36965221e+00 1.59961167e-01
-2.37024296e+00 1.59978230e-01
-2.37083167e+00 1.59995230e-01
-2.37141833e+00 1.60012166e-01
-2.37200295e+00 1.60029040e-01
-2.37258551e+00 1.60045850e-01
-2.37316604e+00 1.60062596e-01
-2.37374451e+00 1.60079280e-01
-2.37432093e+00 1.60095899e-01
-2.37489531e+00 1.60112456e-01
-2.37546763e+00 1.60128949e-01
-2.37603791e+00 1.60145378e-01
-2.37660613e+00 1.60161743e-01
-2.37717230e+00 1.60178045e-01
-2.37773641e+00 1.60194283e-01
-2.37829847e+00 1.60210457e-01
-2.37885848e+00 1.60226568e-01
-2.37941642e+00 1.60242614e-01
-2.37997232e+00 1.60258597e-01
-2.38052615e+00 1.60274516e-01
-2.38107793e+00 1.60290371e-01
-2.38162765e+00 1.60306161e-01
-2.38217531e+00 1.60321888e-01
-2.38272090e+00 1.60337550e-01
-2.38326444e+00 1.60353148e-01
-2.38380591e+00 1.60368682e-01
-2.38434533e+00 1.60384152e-01
-2.38488267e+00 1.60399557e-01
-2.38541796e+00 1.60414898e-01
-2.38595118e+00 1.60430175e-01
-2.38648233e+00 1.60445387e-01
-2.38701142e+00 1.60460534e-01
-2.38753844e+00 1.60475617e-01
-2.38806339e+00 1.60490635e-01
-2.38858627e+00 1.60505589e-01
-2.38910709e+00 1.60520478e-01
-2.38962583e+00 1.60535302e-01
-2.39014251e+00 1.60550061e-01
-2.39065711e+00 1.60564756e-01
-2.39116964e+00 1.60579385e-01
-2.39168010e+00 1.60593950e-01
-2.39218848e+00 1.60608450e-01
-2.39269479e+00 1.60622884e-01
-2.39319902e+00 1.60637254e-01
-2.39370118e+00 1.60651558e-01
-2.39420126e+00 1.60665798e-01
-2.39469927e+00 1.60679972e-01
-2.39519519e+00 1.60694080e-01
-2.39568904e+00 1.60708124e-01
-2.39618081e+00 1.60722102e-01
-2.39667050e+00 1.60736015e-01
-2.39715811e+00 1.60749862e-01
-2.39764364e+00 1.60763644e-01
-2.39812708e+00 1.60777360e-01
-2.39860844e+00 1.60791011e-01
-2.39908772e+00 1.60804596e-01
-2.39956492e+00 1.60818115e-01
-2.40004003e+00 1.60831569e-01
-2.40051305e+00 1.60844957e-01
-2.40098399e+00 1.60858279e-01
-2.40145284e+00 1.60871535e-01
-2.40191961e+00 1.60884725e-01
-2.40238428e+00 1.60897850e-01
-2.40284687e+00 1.60910908e-01
-2.40330737e+00 1.60923901e-01
-2.40376578e+00 1.60936827e-01
-2.40422210e+00 1.60949687e-01
-2.40467632e+00 1.60962481e-01
-2.40512846e+00 1.60975209e-01
-2.40557850e+00 1.60987870e-01
-2.40602645e+00 1.61000466e-01
-2.40647230e+00 1.61012994e-01
-2.40691606e+00 1.61025457e-01
-2.40735772e+00 1.61037853e-01
-2.40779729e+00 1.61050182e-01
-2.40823476e+00 1.61062445e-01
-2.40867014e+00 1.61074642e-01
-2.40910341e+00 1.61086772e-01
-2.40953459e+00 1.61098835e-01
-2.40996367e+00 1.61110831e-01
-2.41039065e+00 1.61122761e-01
-2.41081553e+00 1.61134624e-01
-2.41123831e+00 1.61146420e-01
-2.41165898e+00 1.61158149e-01
-2.41207756e+00 1.61169811e-01
-2.41249403e+00 1.61181406e-01
-2.41290840e+00 1.61192935e-01
-2.41332066e+00 1.61204396e-01
-2.41373082e+00 1.61215790e-01
-2.41413887e+00 1.61227117e-01
-2.41454482e+00 1.61238376e-01
-2.41494866e+00 1.61249569e-01
-2.41535040e+00 1.61260694e-01
-2.41575002e+00 1.61271752e-01
-2.41614754e+00 1.61282742e-01
-2.41654295e+00 1.61293665e-01
-2.41693625e+00 1.61304521e-01
-2.41732744e+00 1.61315309e-01
-2.41771652e+00 1.61326030e-01
-2.41810349e+00 1.61336682e-01
-2.41848834e+00 1.61347268e-01
-2.41887109e+00 1.61357785e-01
-2.41925172e+00 1.61368235e-01
-2.41963024e+00 1.61378617e-01
-2.42000664e+00 1.61388932e-01
-2.42038093e+00 1.61399178e-01
-2.42075310e+00 1.61409357e-01
-2.42112316e+00 1.61419467e-01
-2.42149110e+00 1.61429510e-01
-2.42185692e+00 1.61439484e-01
-2.42222063e+00 1.61449391e-01
-2.42258221e+00 1.61459229e-01
-2.42294168e+00 1.61468999e-01
-2.42329903e+00 1.61478701e-01
-2.42365426e+00 1.61488335e-01
-2.42400737e+00 1.61497901e-01
-2.42435836e+00 1.61507398e-01
-2.42470723e+00 1.61516826e-01
-2.42505398e+00 1.61526187e-01
-2.42539860e+00 1.61535479e-01
-2.42574110e+00 1.61544702e-01
-2.42608148e+00 1.61553857e-01
-2.42641973e+00 1.61562943e-01
-2.42675586e+00 1.61571961e-01
-2.42708986e+00 1.61580909e-01
-2.42742174e+00 1.61589790e-01
-2.42775149e+00 1.61598601e-01
-2.42807911e+00 1.61607344e-01
-2.42840461e+00 1.61616017e-01
-2.42872798e+00 1.61624622e-01
-2.42904922e+00 1.61633158e-01
-2.42936833e+00 1.61641625e-01
-2.42968531e+00 1.61650023e-01
-2.43000017e+00 1.61658352e-01
-2.43031289e+00 1.61666612e-01
-2.43062348e+00 1.61674802e-01
-2.43093194e+00 1.61682924e-01
-2.43123827e+00 1.61690976e-01
-2.43154246e+00 1.61698959e-01
-2.43184453e+00 1.61706872e-01
-2.43214446e+00 1.61714716e-01
-2.43244225e+00 1.61722491e-01
-2.43273791e+00 1.61730196e-01
-2.43303144e+00 1.61737832e-01
-2.43332283e+00 1.61745399e-01
-2.43361209e+00 1.61752895e-01
-2.43389921e+00 1.61760323e-01
-2.43418419e+00 1.61767680e-01
-2.43446703e+00 1.61774968e-01
-2.43474774e+00 1.61782186e-01
-2.43502631e+00 1.61789334e-01
-2.43530274e+00 1.61796413e-01
-2.43557703e+00 1.61803421e-01
-2.43584919e+00 1.61810360e-01
-2.43611920e+00 1.61817228e-01
-2.43638707e+00 1.61824027e-01
-2.43665280e+00 1.61830756e-01
-2.43691639e+00 1.61837415e-01
-2.43717784e+00 1.61844003e-01
-2.43743714e+00 1.61850521e-01
-2.43769431e+00 1.61856970e-01
-2.43794933e+00 1.61863347e-01
-2.43820220e+00 1.61869655e-01
-2.43845293e+00 1.61875892e-01
-2.43870152e+00 1.61882059e-01
-2.43894796e+00 1.61888156e-01
-2.43919226e+00 1.61894182e-01
-2.43943441e+00 1.61900138e-01
-2.43967441e+00 1.61906023e-01
-2.43991227e+00 1.61911837e-01
-2.44014798e+00 1.61917581e-01
-2.44038155e+00 1.61923254e-01
-2.44061296e+00 1.61928857e-01
-2.44084223e+00 1.61934389e-01
-2.44106935e+00 1.61939850e-01
-2.44129432e+00 1.61945240e-01
-2.44151714e+00 1.61950559e-01
-2.44173781e+00 1.61955808e-01
-2.44195633e+00 1.61960985e-01
-2.44217270e+00 1.61966092e-01
-2.44238691e+00 1.61971128e-01
-2.44259898e+00 1.61976092e-01
-2.44280889e+00 1.61980986e-01
-2.44301665e+00 1.61985808e-01
-2.44322226e+00 1.61990559e-01
-2.44342572e+00 1.61995239e-01
-2.44362702e+00 1.61999847e-01
-2.44382617e+00 1.62004385e-01
-2.44402316e+00 1.62008851e-01
-2.44421800e+00 1.62013245e-01
-2.44441068e+00 1.62017568e-01
-2.44460121e+00 1.62021820e-01
-2.44478959e+00 1.62026000e-01
-2.44497580e+00 1.62030109e-01
-2.44515986e+00 1.62034146e-01
-2.44534176e+00 1.62038112e-01
-2.44552151e+00 1.62042006e-01
-2.44569910e+00 1.62045828e-01
-2.44587453e+00 1.62049578e-01
-2.44604780e+00 1.62053257e-01
-2.44621891e+00 1.62056863e-01
-2.44638786e+00 1.62060398e-01
-2.44655466e+00 1.62063861e-01
-2.44671929e+00 1.62067253e-01
-2.44688177e+00 1.62070572e-01
-2.44704208e+00 1.62073819e-01
-2.44720023e+00 1.62076994e-01
-2.44735623e+00 1.62080097e-01
-2.44751006e+00 1.62083128e-01
-2.44766172e+00 1.62086086e-01
-2.44781123e+00 1.62088973e-01
-2.44795858e+00 1.62091787e-01
-2.44810376e+00 1.62094529e-01
-2.44824677e+00 1.62097199e-01
-2.44838763e+00 1.62099796e-01
-2.44852632e+00 1.62102321e-01
-2.44866285e+00 1.62104773e-01
-2.44879721e+00 1.62107153e-01
-2.44892941e+00 1.62109460e-01
-2.44905944e+00 1.62111695e-01
-2.44918731e+00 1.62113858e-01
-2.44931301e+00 1.62115947e-01
-2.44943654e+00 1.62117964e-01
-2.44955791e+00 1.62119908e-01
-2.44967712e+00 1.62121780e-01
-2.44979415e+00 1.62123578e-01
-2.44990902e+00 1.62125304e-01
-2.45002172e+00 1.62126957e-01
-2.45013226e+00 1.62128537e-01
-2.45024062e+00 1.62130044e-01
-2.45034682e+00 1.62131479e-01
-2.45045085e+00 1.62132840e-01
-2.45055271e+00 1.62134128e-01
-2.45065240e+00 1.62135343e-01
-2.45074992e+00 1.62136485e-01
-2.45084528e+00 1.62137553e-01
-2.45093846e+00 1.62138549e-01
-2.45102947e+00 1.62139471e-01
-2.45111831e+00 1.62140320e-01
-2.45120498e+00 1.62141096e-01
-2.45128948e+00 1.62141798e-01
-2.45137181e+00 1.62142427e-01
-2.45145197e+00 1.62142982e-01
-2.45152996e+00 1.62143464e-01
-2.45160577e+00 1.62143873e-01
-2.45167941e+00 1.62144208e-01
-2.45175088e+00 1.62144469e-01
-2.45182018e+00 1.62144657e-01
-2.45188730e+00 1.62144771e-01
-2.45195225e+00 1.62144811e-01
-2.45201503e+00 1.62144778e-01
-2.45207563e+00 1.62144671e-01
-2.45213406e+00 1.62144490e-01
-2.45219032e+00 1.62144235e-01
-2.45224440e+00 1.62143906e-01
-2.45229631e+00 1.62143504e-01
-2.45234604e+00 1.62143027e-01
-2.45239359e+00 1.62142477e-01
-2.45243898e+00 1.62141852e-01
-2.45248218e+00 1.62141153e-01
-2.45252321e+00 1.62140381e-01
-2.45256207e+00 1.62139534e-01
-2.45259875e+00 1.62138613e-01
-2.45263325e+00 1.62137618e-01
-2.45266558e+00 1.62136548e-01
-2.45269572e+00 1.62135405e-01
-2.45272370e+00 1.62134187e-01
-2.45274949e+00 1.62132894e-01
-2.45277311e+00 1.62131527e-01
-2.45279455e+00 1.62130086e-01
-2.45281382e+00 1.62128570e-01
-2.45283090e+00 1.62126980e-01
-2.45284581e+00 1.62125316e-01
-2.45285854e+00 1.62123576e-01
-2.45286909e+00 1.62121763e-01
-2.45287746e+00 1.62119874e-01
-2.45288366e+00 1.62117911e-01
-2.45288767e+00 1.62115873e-01
-2.45288951e+00 1.62113760e-01
-2.45288917e+00 1.62111573e-01
-2.45288665e+00 1.62109311e-01
-2.45288194e+00 1.62106974e-01
-2.45287506e+00 1.62104562e-01
-2.45286600e+00 1.62102075e-01
-2.45285476e+00 1.62099513e-01
-2.45284134e+00 1.62096876e-01
-2.45282574e+00 1.62094164e-01
-2.45280796e+00 1.62091377e-01
-2.45278800e+00 1.62088515e-01
-2.45276585e+00 1.62085578e-01
-2.45274153e+00 1.62082566e-01
-2.45271503e+00 1.62079479e-01
-2.45268634e+00 1.62076316e-01
-2.45265547e+00 1.62073078e-01
-2.45262243e+00 1.62069764e-01
-2.45258720e+00 1.62066376e-01
-2.45254979e+00 1.62062912e-01
-2.45251019e+00 1.62059372e-01
-2.45246842e+00 1.62055757e-01
-2.45242446e+00 1.62052067e-01
-2.45237833e+00 1.62048301e-01
-2.45233001e+00 1.62044460e-01
-2.45227950e+00 1.62040543e-01
-2.45222682e+00 1.62036550e-01
-2.45217195e+00 1.62032482e-01
-2.45211490e+00 1.62028338e-01
-2.45205567e+00 1.62024118e-01
-2.45199425e+00 1.62019823e-01
-2.45193066e+00 1.62015452e-01
-2.45186488e+00 1.62011005e-01
-2.45179691e+00 1.62006482e-01
-2.45172677e+00 1.62001883e-01
-2.45165444e+00 1.61997209e-01
-2.45157992e+00 1.61992458e-01
-2.45150323e+00 1.61987632e-01
-2.45142435e+00 1.61982729e-01
-2.45134328e+00 1.61977750e-01
-2.45126003e+00 1.61972696e-01
-2.45117460e+00 1.61967565e-01
-2.45108699e+00 1.61962358e-01
-2.45099719e+00 1.61957075e-01
-2.45090521e+00 1.61951715e-01
-2.45081104e+00 1.61946280e-01
-2.45071469e+00 1.61940768e-01
-2.45061616e+00 1.61935179e-01
-2.45051544e+00 1.61929515e-01
-2.45041254e+00 1.61923774e-01
-2.45030746e+00 1.61917956e-01
-2.45020019e+00 1.61912063e-01
-2.45009073e+00 1.61906092e-01
-2.44997909e+00 1.61900046e-01
-2.44986527e+00 1.61893922e-01
-2.44974927e+00 1.61887722e-01
-2.44963107e+00 1.61881446e-01
-2.44951070e+00 1.61875093e-01
-2.44938814e+00 1.61868663e-01
-2.44926339e+00 1.61862156e-01
-2.44913647e+00 1.61855573e-01
-2.44900735e+00 1.61848913e-01
-2.44887606e+00 1.61842176e-01
-2.44874257e+00 1.61835362e-01
-2.44860691e+00 1.61828472e-01
-2.44846906e+00 1.61821504e-01
-2.44832902e+00 1.61814460e-01
-2.44818680e+00 1.61807339e-01
-2.44804240e+00 1.61800140e-01
-2.44789581e+00 1.61792865e-01
-2.44774704e+00 1.61785513e-01
-2.44759608e+00 1.61778083e-01
-2.44744294e+00 1.61770577e-01
-2.44728761e+00 1.61762993e-01
-2.44713010e+00 1.61755332e-01
-2.44697040e+00 1.61747594e-01
-2.44680852e+00 1.61739779e-01
-2.44664446e+00 1.61731886e-01
-2.44647821e+00 1.61723916e-01
-2.44630978e+00 1.61715869e-01
-2.44613916e+00 1.61707744e-01
-2.44596636e+00 1.61699542e-01
-2.44579138e+00 1.61691263e-01
-2.44561421e+00 1.61682906e-01
-2.44543485e+00 1.61674472e-01
-2.44525331e+00 1.61665960e-01
-2.44506959e+00 1.61657370e-01
-2.44488369e+00 1.61648703e-01
-2.44469560e+00 1.61639959e-01
-2.44450532e+00 1.61631137e-01
-2.44431287e+00 1.61622237e-01
-2.44411823e+00 1.61613259e-01
-2.44392140e+00 1.61604204e-01
-2.44372239e+00 1.61595071e-01
-2.44352120e+00 1.61585860e-01
-2.44331782e+00 1.61576571e-01
-2.44311227e+00 1.61567205e-01
-2.44290452e+00 1.61557760e-01
-2.44269460e+00 1.61548238e-01
-2.44248249e+00 1.61538638e-01
-2.44226820e+00 1.61528960e-01
-2.44205172e+00 1.61519203e-01
-2.44183306e+00 1.61509369e-01
-2.44161222e+00 1.61499457e-01
-2.44138920e+00 1.61489467e-01
-2.44116399e+00 1.61479398e-01
-2.44093660e+00 1.61469252e-01
-2.44070703e+00 1.61459027e-01
-2.44047528e+00 1.61448724e-01
-2.44024134e+00 1.61438343e-01
-2.44000522e+00 1.61427883e-01
-2.43976692e+00 1.61417346e-01
-2.43952644e+00 1.61406729e-01
-2.43928378e+00 1.61396035e-01
-2.43903893e+00 1.61385262e-01
-2.43879191e+00 1.61374411e-01
-2.43854270e+00 1.61363482e-01
-2.43829131e+00 1.61352474e-01
-2.43803773e+00 1.61341387e-01
-2.43778198e+00 1.61330222e-01
-2.43752405e+00 1.61318979e-01
-2.43726393e+00 1.61307657e-01
-2.43700164e+00 1.61296256e-01
-2.43673716e+00 1.61284777e-01
-2.43647051e+00 1.61273219e-01
-2.43620167e+00 1.61261582e-01
-2.43593066e+00 1.61249867e-01
-2.43565746e+00 1.61238073e-01
-2.43538208e+00 1.61226200e-01
-2.43510453e+00 1.61214248e-01
-2.43482479e+00 1.61202218e-01
-2.43454288e+00 1.61190108e-01
-2.43425878e+00 1.61177920e-01
-2.43397251e+00 1.61165653e-01
-2.43368406e+00 1.61153307e-01
-2.43339343e+00 1.61140882e-01
-2.43310062e+00 1.61128378e-01
-2.43280563e+00 1.61115796e-01
-2.43250847e+00 1.61103134e-01
-2.43220913e+00 1.61090393e-01
-2.43190761e+00 1.61077573e-01
-2.43160391e+00 1.61064673e-01
-2.43129803e+00 1.61051695e-01
-2.43098998e+00 1.61038638e-01
-2.43067975e+00 1.61025501e-01
-2.43036734e+00 1.61012285e-01
-2.43005276e+00 1.60998990e-01
-2.42973600e+00 1.60985615e-01
-2.42941706e+00 1.60972162e-01
-2.42909595e+00 1.60958629e-01
-2.42877266e+00 1.60945016e-01
-2.42844720e+00 1.60931325e-01
-2.42811956e+00 1.60917553e-01
-2.42778975e+00 1.60903703e-01
-2.42745776e+00 1.60889773e-01
-2.42712359e+00 1.60875763e-01
-2.42678726e+00 1.60861674e-01
-2.42644874e+00 1.60847506e-01
-2.42610806e+00 1.60833258e-01
-2.42576520e+00 1.60818930e-01
-2.42542016e+00 1.60804523e-01
-2.42507296e+00 1.60790036e-01
-2.42472358e+00 1.60775469e-01
-2.42437202e+00 1.60760823e-01
-2.42401830e+00 1.60746097e-01
-2.42366240e+00 1.60731291e-01
-2.42330433e+00 1.60716406e-01
-2.42294409e+00 1.60701441e-01
-2.42258168e+00 1.60686396e-01
-2.42221709e+00 1.60671271e-01
-2.42185034e+00 1.60656066e-01
-2.42148141e+00 1.60640781e-01
-2.42111031e+00 1.60625417e-01
-2.42073705e+00 1.60609973e-01
-2.42036161e+00 1.60594448e-01
-2.41998400e+00 1.60578844e-01
-2.41960423e+00 1.60563160e-01
-2.41922228e+00 1.60547395e-01
-2.41883817e+00 1.60531551e-01
-2.41845189e+00 1.60515626e-01
-2.41806343e+00 1.60499622e-01
-2.41767282e+00 1.60483537e-01
-2.41728003e+00 1.60467372e-01
-2.41688507e+00 1.60451127e-01
-2.41648795e+00 1.60434802e-01
-2.41608867e+00 1.60418397e-01
-2.41568721e+00 1.60401911e-01
-2.41528359e+00 1.60385345e-01
-2.41487780e+00 1.60368699e-01
-2.41446985e+00 1.60351972e-01
-2.41405973e+00 1.60335166e-01
-2.41364745e+00 1.60318278e-01
-2.41323300e+00 1.60301311e-01
-2.41281639e+00 1.60284263e-01
-2.41239762e+00 1.60267135e-01
-2.41197668e+00 1.60249926e-01
-2.41155358e+00 1.60232636e-01
-2.41112831e+00 1.60215267e-01
-2.41070088e+00 1.60197816e-01
-2.41027129e+00 1.60180286e-01
-2.40983954e+00 1.60162674e-01
-2.40940563e+00 1.60144982e-01
-2.40896955e+00 1.60127210e-01
-2.40853131e+00 1.60109357e-01
-2.40809092e+00 1.60091423e-01
-2.40764836e+00 1.60073408e-01
-2.40720364e+00 1.60055313e-01
-2.40675677e+00 1.60037137e-01
-2.40630773e+00 1.60018881e-01
-2.40585654e+00 1.60000543e-01
-2.40540318e+00 1.59982125e-01
-2.40494767e+00 1.59963626e-01
-2.40449000e+00 1.59945046e-01
-2.40403018e+00 1.59926386e-01
-2.40356819e+00 1.59907644e-01
-2.40310405e+00 1.59888822e-01
-2.40263776e+00 1.59869919e-01
-2.40216931e+00 1.59850935e-01
-2.40169870e+00 1.59831869e-01
-2.40122594e+00 1.59812723e-01
-2.40075102e+00 1.59793496e-01
-2.40027395e+00 1.59774188e-01
-2.39979472e+00 1.59754799e-01
-2.39931335e+00 1.59735329e-01
-2.39882981e+00 1.59715778e-01
-2.39834413e+00 1.59696145e-01
-2.39785629e+00 1.59676432e-01
-2.39736631e+00 1.59656637e-01
-2.39687417e+00 1.59636762e-01
-2.39637988e+00 1.59616805e-01
-2.39588344e+00 1.59596767e-01
-2.39538484e+00 1.59576648e-01
-2.39488410e+00 1.59556447e-01
-2.39438121e+00 1.59536165e-01
-2.39387617e+00 1.59515802e-01
-2.39336899e+00 1.59495358e-01
-2.39285965e+00 1.59474832e-01
-2.39234817e+00 1.59454225e-01
-2.39183454e+00 1.59433537e-01
-2.39131876e+00 1.59412767e-01
-2.39080084e+00 1.59391916e-01
-2.39028077e+00 1.59370984e-01
-2.38975855e+00 1.59349970e-01
-2.38923419e+00 1.59328875e-01
-2.38870769e+00 1.59307698e-01
-2.38817904e+00 1.59286440e-01
-2.38764825e+00 1.59265100e-01
-2.38711532e+00 1.59243679e-01
-2.38658024e+00 1.59222176e-01
-2.38604302e+00 1.59200591e-01
-2.38550366e+00 1.59178926e-01
-2.38496216e+00 1.59157178e-01
-2.38441852e+00 1.59135349e-01
-2.38387273e+00 1.59113438e-01
-2.38332481e+00 1.59091446e-01
-2.38277475e+00 1.59069372e-01
-2.38222255e+00 1.59047216e-01
-2.38166821e+00 1.59024978e-01
-2.38111173e+00 1.59002659e-01
-2.38055312e+00 1.58980258e-01
-2.37999237e+00 1.58957775e-01
-2.37942948e+00 1.58935211e-01
-2.37886446e+00 1.58912565e-01
-2.37829730e+00 1.58889837e-01
-2.37772801e+00 1.58867027e-01
-2.37715658e+00 1.58844135e-01
-2.37658302e+00 1.58821162e-01
-2.37600732e+00 1.58798106e-01
-2.37542950e+00 1.58774969e-01
-2.37484954e+00 1.58751750e-01
-2.37426745e+00 1.58728448e-01
-2.37368322e+00 1.58705065e-01
-2.37309687e+00 1.58681600e-01
-2.37250839e+00 1.58658053e-01
-2.37191778e+00 1.58634424e-01
-2.37132504e+00 1.58610713e-01
-2.37073017e+00 1.58586920e-01
-2.37013317e+00 1.58563045e-01
-2.36953404e+00 1.58539088e-01
-2.36893279e+00 1.58515049e-01
-2.36832941e+00 1.58490927e-01
-2.36772391e+00 1.58466724e-01
-2.36711628e+00 1.58442438e-01
-2.36650653e+00 1.58418071e-01
-2.36589465e+00 1.58393621e-01
-2.36528065e+00 1.58369089e-01
-2.36466452e+00 1.58344475e-01
-2.36404628e+00 1.58319778e-01
-2.36342591e+00 1.58295000e-01
-2.36280342e+00 1.58270139e-01
-2.36217881e+00 1.58245196e-01
-2.36155208e+00 1.58220170e-01
-2.36092323e+00 1.58195063e-01
-2.36029226e+00 1.58169873e-01
-2.35965917e+00 1.58144601e-01
-2.35902397e+00 1.58119246e-01
-2.35838664e+00 1.58093809e-01
-2.35774721e+00 1.58068290e-01
-2.35710565e+00 1.58042689e-01
-2.35646198e+00 1.58017005e-01
-2.35581620e+00 1.57991238e-01
-2.35516830e+00 1.57965390e-01
-2.35451829e+00 1.57939459e-01
-2.35386616e+00 1.57913445e-01
-2.35321192e+00 1.57887349e-01
-2.35255557e+00 1.57861171e-01
-2.35189711e+00 1.57834910e-01
-2.35123654e+00 1.57808566e-01
-2.35057386e+00 1.57782140e-01
-2.34990907e+00 1.57755632e-01
-2.34924218e+00 1.57729041e-01
-2.34857317e+00 1.57702367e-01
-2.34790206e+00 1.57675611e-01
-2.34722884e+00 1.57648773e-01
-2.34655351e+00 1.57621852e-01
-2.34587608e+00 1.57594848e-01
-2.34519654e+00 1.57567761e-01
-2.34451490e+00 1.57540592e-01
-2.34383116e+00 1.57513341e-01
-2.34314531e+00 1.57486007e-01
-2.34245737e+00 1.57458590e-01
-2.34176732e+00 1.57431090e-01
-2.34107517e+00 1.57403508e-01
-2.34038092e+00 1.57375843e-01
-2.33968457e+00 1.57348095e-01
-2.33898612e+00 1.57320265e-01
-2.33828557e+00 1.57292351e-01
-2.33758292e+00 1.57264356e-01
-2.33687818e+00 1.57236277e-01
-2.33617135e+00 1.57208116e-01
-2.33546241e+00 1.57179871e-01
-2.33475139e+00 1.57151544e-01
-2.33403827e+00 1.57123135e-01
-2.33332305e+00 1.57094642e-01
-2.33260574e+00 1.57066067e-01
-2.33188634e+00 1.57037409e-01
-2.33116485e+00 1.57008668e-01
-2.33044127e+00 1.56979844e-01
-2.32971560e+00 1.56950937e-01
-2.32898784e+00 1.56921947e-01
-2.32825799e+00 1.56892875e-01
-2.32752606e+00 1.56863719e-01
-2.32679203e+00 1.56834481e-01
-2.32605592e+00 1.56805160e-01
-2.32531773e+00 1.56775755e-01
-2.32457745e+00 1.56746268e-01
-2.32383509e+00 1.56716698e-01
-2.32309064e+00 1.56687045e-01
-2.32234411e+00 1.56657309e-01
-2.32159550e+00 1.56627490e-01
-2.32084480e+00 1.56597588e-01
-2.32009203e+00 1.56567603e-01
-2.31933718e+00 1.56537535e-01
-2.31858024e+00 1.56507384e-01
-2.31782123e+00 1.56477150e-01
-2.31706015e+00 1.56446833e-01
-2.31629698e+00 1.56416433e-01
-2.31553174e+00 1.56385950e-01
-2.31476443e+00 1.56355384e-01
-2.31399504e+00 1.56324734e-01
-2.31322357e+00 1.56294002e-01
-2.31245004e+00 1.56263186e-01
-2.31167443e+00 1.56232288e-01
-2.31089675e+00 1.56201306e-01
-2.31011700e+00 1.56170241e-01
-2.30933518e+00 1.56139093e-01
-2.30855129e+00 1.56107862e-01
-2.30776533e+00 1.56076548e-01
-2.30697730e+00 1.56045151e-01
-2.30618721e+00 1.56013670e-01
-2.30539505e+00 1.55982106e-01
-2.30460083e+00 1.55950460e-01
-2.30380454e+00 1.55918730e-01
-2.30300619e+00 1.55886916e-01
-2.30220578e+00 1.55855020e-01
-2.30140330e+00 1.55823040e-01
-2.30059877e+00 1.55790977e-01
-2.29979217e+00 1.55758831e-01
-2.29898352e+00 1.55726602e-01
-2.29817280e+00 1.55694289e-01
-2.29736003e+00 1.55661894e-01
-2.29654520e+00 1.55629415e-01
-2.29572831e+00 1.55596852e-01
-2.29490937e+00 1.55564207e-01
-2.29408838e+00 1.55531478e-01
-2.29326533e+00 1.55498666e-01
-2.29244022e+00 1.55465771e-01
-2.29161307e+00 1.55432792e-01
-2.29078386e+00 1.55399730e-01
-2.28995261e+00 1.55366585e-01
-2.28911930e+00 1.55333356e-01
-2.28828395e+00 1.55300044e-01
-2.28744655e+00 1.55266649e-01
-2.28660710e+00 1.55233171e-01
-2.28576560e+00 1.55199609e-01
-2.28492206e+00 1.55165964e-01
-2.28407647e+00 1.55132235e-01
-2.28322885e+00 1.55098423e-01
-2.28237917e+00 1.55064528e-01
-2.28152746e+00 1.55030549e-01
-2.28067371e+00 1.54996488e-01
-2.27981791e+00 1.54962342e-01
-2.27896008e+00 1.54928114e-01
-2.27810021e+00 1.54893802e-01
-2.27723830e+00 1.54859406e-01
-2.27637435e+00 1.54824927e-01
-2.27550837e+00 1.54790365e-01
-2.27464036e+00 1.54755719e-01
-2.27377030e+00 1.54720990e-01
-2.27289822e+00 1.54686178e-01
-2.27202411e+00 1.54651282e-01
-2.27114796e+00 1.54616303e-01
-2.27026978e+00 1.54581240e-01
-2.26938958e+00 1.54546094e-01
-2.26850734e+00 1.54510865e-01
-2.26762308e+00 1.54475552e-01
-2.26673679e+00 1.54440155e-01
-2.26584847e+00 1.54404676e-01
-2.26495813e+00 1.54369112e-01
-2.26406577e+00 1.54333466e-01
-2.26317138e+00 1.54297736e-01
-2.26227497e+00 1.54261922e-01
-2.26137654e+00 1.54226025e-01
-2.26047609e+00 1.54190045e-01
-2.25957362e+00 1.54153981e-01
-2.25866914e+00 1.54117833e-01
-2.25776263e+00 1.54081602e-01
-2.25685411e+00 1.54045288e-01
-2.25594357e+00 1.54008890e-01
-2.25503102e+00 1.53972409e-01
-2.25411645e+00 1.53935844e-01
-2.25319988e+00 1.53899196e-01
-2.25228129e+00 1.53862464e-01
-2.25136068e+00 1.53825649e-01
-2.25043807e+00 1.53788751e-01
-2.24951345e+00 1.53751768e-01
-2.24858683e+00 1.53714703e-01
-2.24765819e+00 1.53677554e-01
-2.24672755e+00 1.53640321e-01
-2.24579491e+00 1.53603005e-01
-2.24486026e+00 1.53565606e-01
-2.24392360e+00 1.53528123e-01
-2.24298495e+00 1.53490556e-01
-2.24204429e+00 1.53452906e-01
-2.24110164e+00 1.53415172e-01
-2.24015698e+00 1.53377355e-01
-2.23921033e+00 1.53339455e-01
-2.23826168e+00 1.53301471e-01
-2.23731103e+00 1.53263403e-01
-2.23635839e+00 1.53225252e-01
-2.23540376e+00 1.53187018e-01
-2.23444713e+00 1.53148700e-01
-2.23348851e+00 1.53110298e-01
-2.23252790e+00 1.53071813e-01
-2.23156529e+00 1.53033245e-01
-2.23060070e+00 1.52994593e-01
-2.22963412e+00 1.52955857e-01
-2.22866556e+00 1.52917038e-01
-2.22769501e+00 1.52878136e-01
-2.22672247e+00 1.52839150e-01
-2.22574795e+00 1.52800081e-01
-2.22477144e+00 1.52760928e-01
-2.22379296e+00 1.52721691e-01
-2.22281249e+00 1.52682371e-01
-2.22183004e+00 1.52642968e-01
-2.22084562e+00 1.52603481e-01
-2.21985922e+00 1.52563910e-01
-2.21887084e+00 1.52524257e-01
-2.21788048e+00 1.52484519e-01
-2.21688815e+00 1.52444698e-01
-2.21589385e+00 1.52404794e-01
-2.21489757e+00 1.52364806e-01
-2.21389933e+00 1.52324735e-01
-2.21289911e+00 1.52284580e-01
-2.21189692e+00 1.52244342e-01
-2.21089277e+00 1.52204020e-01
-2.20988664e+00 1.52163615e-01
-2.20887856e+00 1.52123126e-01
-2.20786850e+00 1.52082554e-01
-2.20685649e+00 1.52041899e-01
-2.20584251e+00 1.52001160e-01
-2.20482656e+00 1.51960337e-01
-2.20380866e+00 1.51919431e-01
-2.20278880e+00 1.51878442e-01
-2.20176698e+00 1.51837369e-01
-2.20074320e+00 1.51796213e-01
-2.19971747e+00 1.51754973e-01
-2.19868978e+00 1.51713650e-01
-2.19766014e+00 1.51672243e-01
-2.19662854e+00 1.51630753e-01
-2.19559499e+00 1.51589180e-01
-2.19455949e+00 1.51547523e-01
-2.19352204e+00 1.51505783e-01
-2.19248265e+00 1.51463959e-01
-2.19144130e+00 1.51422052e-01
-2.19039801e+00 1.51380062e-01
-2.18935278e+00 1.51337988e-01
-2.18830560e+00 1.51295831e-01
-2.18725647e+00 1.51253590e-01
-2.18620541e+00 1.51211266e-01
-2.18515240e+00 1.51168858e-01
-2.18409746e+00 1.51126368e-01
-2.18304058e+00 1.51083793e-01
-2.18198175e+00 1.51041136e-01
-2.18092100e+00 1.50998395e-01
-2.17985831e+00 1.50955571e-01
-2.17879368e+00 1.50912663e-01
-2.17772712e+00 1.50869672e-01
-2.17665863e+00 1.50826598e-01
-2.17558821e+00 1.50783440e-01
-2.17451587e+00 1.50740199e-01
-2.17344159e+00 1.50696875e-01
-2.17236539e+00 1.50653468e-01
-2.17128726e+00 1.50609977e-01
-2.17020720e+00 1.50566403e-01
-2.16912523e+00 1.50522745e-01
-2.16804133e+00 1.50479004e-01
-2.16695551e+00 1.50435180e-01
-2.16586777e+00 1.50391273e-01
-2.16477811e+00 1.50347282e-01
-2.16368653e+00 1.50303209e-01
-2.16259304e+00 1.50259051e-01
-2.16149763e+00 1.50214811e-01
-2.16040031e+00 1.50170488e-01
-2.15930108e+00 1.50126081e-01
-2.15819993e+00 1.50081591e-01
-2.15709688e+00 1.50037017e-01
-2.15599191e+00 1.49992361e-01
-2.15488504e+00 1.49947621e-01
-2.15377626e+00 1.49902798e-01
-2.15266558e+00 1.49857892e-01
-2.15155299e+00 1.49812903e-01
-2.15043850e+00 1.49767831e-01
-2.14932210e+00 1.49722675e-01
-2.14820381e+00 1.49677437e-01
-2.14708361e+00 1.49632115e-01
-2.14596152e+00 1.49586710e-01
-2.14483754e+00 1.49541222e-01
-2.14371165e+00 1.49495651e-01
-2.14258387e+00 1.49449996e-01
-2.14145420e+00 1.49404259e-01
-2.14032264e+00 1.49358438e-01
-2.13918919e+00 1.49312535e-01
-2.13805384e+00 1.49266548e-01
-2.13691661e+00 1.49220478e-01
-2.13577749e+00 1.49174326e-01
-2.13463649e+00 1.49128090e-01
-2.13349360e+00 1.49081771e-01
-2.13234883e+00 1.49035369e-01
-2.13120218e+00 1.48988884e-01
-2.13005364e+00 1.48942316e-01
-2.12890323e+00 1.48895665e-01
-2.12775094e+00 1.48848932e-01
-2.12659677e+00 1.48802115e-01
-2.12544073e+00 1.48755215e-01
-2.12428281e+00 1.48708232e-01
-2.12312302e+00 1.48661167e-01
-2.12196135e+00 1.48614018e-01
-2.12079782e+00 1.48566787e-01
-2.11963242e+00 1.48519472e-01
-2.11846515e+00 1.48472075e-01
-2.11729601e+00 1.48424595e-01
-2.11612501e+00 1.48377032e-01
-2.11495215e+00 1.48329386e-01
-2.11377742e+00 1.48281657e-01
-2.11260083e+00 1.48233845e-01
-2.11142238e+00 1.48185951e-01
-2.11024207e+00 1.48137974e-01
-2.10905991e+00 1.48089914e-01
-2.10787588e+00 1.48041771e-01
-2.10669001e+00 1.47993545e-01
-2.10550228e+00 1.47945237e-01
-2.10431270e+00 1.47896846e-01
-2.10312126e+00 1.47848372e-01
-2.10192798e+00 1.47799816e-01
-2.10073285e+00 1.47751176e-01
-2.09953587e+00 1.47702455e-01
-2.09833705e+00 1.47653650e-01
-2.09713638e+00 1.47604763e-01
-2.09593387e+00 1.47555793e-01
-2.09472952e+00 1.47506740e-01
-2.09352333e+00 1.47457605e-01
-2.09231530e+00 1.47408387e-01
-2.09110543e+00 1.47359087e-01
-2.08989373e+00 1.47309704e-01
-2.08868019e+00 1.47260238e-01
-2.08746482e+00 1.47210690e-01
-2.08624762e+00 1.47161059e-01
-2.08502858e+00 1.47111346e-01
-2.08380772e+00 1.47061550e-01
-2.08258503e+00 1.47011672e-01
-2.08136051e+00 1.46961711e-01
-2.08013417e+00 1.46911668e-01
-2.07890600e+00 1.46861542e-01
-2.07767601e+00 1.46811334e-01
-2.07644420e+00 1.46761044e-01
-2.07521057e+00 1.46710671e-01
-2.07397512e+00 1.46660215e-01
-2.07273786e+00 1.46609678e-01
-2.07149877e+00 1.46559058e-01
-2.07025788e+00 1.46508355e-01
-2.06901517e+00 1.46457570e-01
-2.06777065e+00 1.46406703e-01
-2.06652433e+00 1.46355754e-01
-2.06527619e+00 1.46304722e-01
-2.06402625e+00 1.46253608e-01
-2.06277450e+00 1.46202412e-01
-2.06152094e+00 1.46151134e-01
-2.06026558e+00 1.46099773e-01
-2.05900843e+00 1.46048330e-01
-2.05774947e+00 1.45996805e-01
-2.05648871e+00 1.45945198e-01
-2.05522616e+00 1.45893509e-01
-2.05396181e+00 1.45841737e-01
-2.05269566e+00 1.45789884e-01
-2.05142773e+00 1.45737948e-01
-2.05015800e+00 1.45685930e-01
-2.04888648e+00 1.45633831e-01
-2.04761317e+00 1.45581649e-01
-2.04633808e+00 1.45529385e-01
-2.04506120e+00 1.45477039e-01
-2.04378254e+00 1.45424611e-01
-2.04250209e+00 1.45372101e-01
-2.04121986e+00 1.45319509e-01
-2.03993586e+00 1.45266836e-01
-2.03865007e+00 1.45214080e-01
-2.03736251e+00 1.45161243e-01
-2.03607317e+00 1.45108323e-01
-2.03478206e+00 1.45055322e-01
-2.03348917e+00 1.45002239e-01
-2.03219451e+00 1.44949074e-01
-2.03089809e+00 1.44895827e-01
-2.02959989e+00 1.44842498e-01
-2.02829993e+00 1.44789088e-01
-2.02699821e+00 1.44735596e-01
-2.02569472e+00 1.44682022e-01
-2.02438947e+00 1.44628367e-01
-2.02308245e+00 1.44574630e-01
-2.02177368e+00 1.44520811e-01
-2.02046315e+00 1.44466911e-01
-2.01915087e+00 1.44412929e-01
-2.01783683e+00 1.44358865e-01
-2.01652103e+00 1.44304720e-01
-2.01520349e+00 1.44250493e-01
-2.01388419e+00 1.44196184e-01
-2.01256315e+00 1.44141795e-01
-2.01124036e+00 1.44087323e-01
-2.00991582e+00 1.44032770e-01
-2.00858954e+00 1.43978136e-01
-2.00726151e+00 1.43923420e-01
-2.00593175e+00 1.43868623e-01
-2.00460024e+00 1.43813745e-01
-2.00326700e+00 1.43758785e-01
-2.00193202e+00 1.43703744e-01
-2.00059531e+00 1.43648621e-01
-1.99925686e+00 1.43593417e-01
-1.99791668e+00 1.43538132e-01
-1.99657477e+00 1.43482766e-01
-1.99523113e+00 1.43427318e-01
-1.99388576e+00 1.43371789e-01
-1.99253867e+00 1.43316179e-01
-1.99118985e+00 1.43260488e-01
-1.98983931e+00 1.43204716e-01
-1.98848705e+00 1.43148862e-01
-1.98713307e+00 1.43092928e-01
-1.98577738e+00 1.43036912e-01
-1.98441996e+00 1.42980816e-01
-1.98306083e+00 1.42924638e-01
-1.98169999e+00 1.42868379e-01
-1.98033743e+00 1.42812040e-01
-1.97897317e+00 1.42755619e-01
-1.97760719e+00 1.42699117e-01
-1.97623951e+00 1.42642535e-01
-1.97487013e+00 1.42585872e-01
-1.97349904e+00 1.42529128e-01
-1.97212624e+00 1.42472302e-01
-1.97075175e+00 1.42415397e-01
-1.96937556e+00 1.42358410e-01
-1.96799767e+00 1.42301343e-01
-1.96661808e+00 1.42244195e-01
-1.96523680e+00 1.42186966e-01
-1.96385383e+00 1.42129656e-01
-1.96246917e+00 1.42072266e-01
-1.96108281e+00 1.42014795e-01
-1.95969477e+00 1.41957244e-01
-1.95830504e+00 1.41899612e-01
-1.95691363e+00 1.41841900e-01
-1.95552053e+00 1.41784107e-01
-1.95412575e+00 1.41726233e-01
-1.95272930e+00 1.41668279e-01
-1.95133116e+00 1.41610245e-01
-1.94993135e+00 1.41552130e-01
-1.94852986e+00 1.41493934e-01
-1.94712670e+00 1.41435659e-01
-1.94572187e+00 1.41377303e-01
-1.94431536e+00 1.41318866e-01
-1.94290719e+00 1.41260350e-01
-1.94149736e+00 1.41201753e-01
-1.94008585e+00 1.41143076e-01
-1.93867268e+00 1.41084319e-01
-1.93725786e+00 1.41025481e-01
-1.93584137e+00 1.40966564e-01
-1.93442322e+00 1.40907566e-01
-1.93300341e+00 1.40848488e-01
-1.93158195e+00 1.40789330e-01
-1.93015884e+00 1.40730092e-01
-1.92873407e+00 1.40670774e-01
-1.92730766e+00 1.40611376e-01
-1.92587959e+00 1.40551898e-01
-1.92444988e+00 1.40492341e-01
-1.92301852e+00 1.40432703e-01
-1.92158552e+00 1.40372985e-01
-1.92015088e+00 1.40313188e-01
-1.91871459e+00 1.40253311e-01
-1.91727667e+00 1.40193354e-01
-1.91583711e+00 1.40133317e-01
-1.91439591e+00 1.40073201e-01
-1.91295309e+00 1.40013005e-01
-1.91150863e+00 1.39952729e-01
-1.91006253e+00 1.39892373e-01
-1.90861482e+00 1.39831938e-01
-1.90716547e+00 1.39771424e-01
-1.90571450e+00 1.39710830e-01
-1.90426190e+00 1.39650156e-01
-1.90280769e+00 1.39589403e-01
-1.90135185e+00 1.39528570e-01
-1.89989440e+00 1.39467658e-01
-1.89843532e+00 1.39406667e-01
-1.89697464e+00 1.39345596e-01
-1.89551234e+00 1.39284446e-01
-1.89404843e+00 1.39223217e-01
-1.89258291e+00 1.39161908e-01
-1.89111578e+00 1.39100520e-01
-1.88964704e+00 1.39039053e-01
-1.88817670e+00 1.38977507e-01
-1.88670476e+00 1.38915882e-01
-1.88523121e+00 1.38854177e-01
-1.88375607e+00 1.38792394e-01
-1.88227933e+00 1.38730531e-01
-1.88080099e+00 1.38668590e-01
-1.87932106e+00 1.38606569e-01
-1.87783954e+00 1.38544470e-01
-1.87635642e+00 1.38482291e-01
-1.87487172e+00 1.38420034e-01
-1.87338543e+00 1.38357698e-01
-1.87189755e+00 1.38295283e-01
-1.87040809e+00 1.38232790e-01
-1.86891705e+00 1.38170217e-01
-1.86742443e+00 1.38107566e-01
-1.86593023e+00 1.38044836e-01
-1.86443445e+00 1.37982028e-01
-1.86293710e+00 1.37919141e-01
-1.86143818e+00 1.37856175e-01
-1.85993768e+00 1.37793131e-01
-1.85843561e+00 1.37730008e-01
-1.85693198e+00 1.37666807e-01
-1.85542678e+00 1.37603528e-01
-1.85392002e+00 1.37540170e-01
-1.85241169e+00 1.37476734e-01
-1.85090180e+00 1.37413219e-01
-1.84939036e+00 1.37349626e-01
-1.84787736e+00 1.37285955e-01
-1.84636280e+00 1.37222205e-01
-1.84484669e+00 1.37158378e-01
-1.84332902e+00 1.37094472e-01
-1.84180981e+00 1.37030488e-01
-1.84028905e+00 1.36966426e-01
-1.83876674e+00 1.36902286e-01
-1.83724289e+00 1.36838068e-01
-1.83571749e+00 1.36773772e-01
-1.83419056e+00 1.36709398e-01
-1.83266208e+00 1.36644947e-01
-1.83113207e+00 1.36580417e-01
-1.82960052e+00 1.36515809e-01
-1.82806744e+00 1.36451124e-01
-1.82653283e+00 1.36386361e-01
-1.82499669e+00 1.36321520e-01
-1.82345901e+00 1.36256602e-01
-1.82191982e+00 1.36191606e-01
-1.82037910e+00 1.36126532e-01
-1.81883685e+00 1.36061381e-01
-1.81729309e+00 1.35996152e-01
-1.81574780e+00 1.35930846e-01
-1.81420100e+00 1.35865462e-01
-1.81265268e+00 1.35800001e-01
-1.81110286e+00 1.35734462e-01
-1.80955151e+00 1.35668847e-01
-1.80799866e+00 1.35603154e-01
-1.80644430e+00 1.35537383e-01
-1.80488844e+00 1.35471535e-01
-1.80333107e+00 1.35405611e-01
-1.80177220e+00 1.35339609e-01
-1.80021183e+00 1.35273530e-01
-1.79864996e+00 1.35207374e-01
-1.79708659e+00 1.35141140e-01
-1.79552173e+00 1.35074830e-01
-1.79395537e+00 1.35008443e-01
-1.79238753e+00 1.34941979e-01
-1.79081819e+00 1.34875438e-01
-1.78924737e+00 1.34808821e-01
-1.78767506e+00 1.34742126e-01
-1.78610127e+00 1.34675355e-01
-1.78452600e+00 1.34608507e-01
-1.78294925e+00 1.34541582e-01
-1.78137102e+00 1.34474581e-01
-1.77979131e+00 1.34407503e-01
-1.77821013e+00 1.34340349e-01
-1.77662748e+00 1.34273118e-01
-1.77504335e+00 1.34205811e-01
-1.77345776e+00 1.34138427e-01
-1.77187070e+00 1.34070967e-01
-1.77028218e+00 1.34003431e-01
-1.76869220e+00 1.33935818e-01
-1.76710075e+00 1.33868129e-01
-1.76550785e+00 1.33800364e-01
-1.76391348e+00 1.33732523e-01
-1.76231767e+00 1.33664605e-01
-1.76072040e+00 1.33596612e-01
-1.75912168e+00 1.33528542e-01
-1.75752151e+00 1.33460396e-01
-1.75591989e+00 1.33392175e-01
-1.75431682e+00 1.33323877e-01
-1.75271232e+00 1.33255504e-01
-1.75110637e+00 1.33187055e-01
-1.74949898e+00 1.33118530e-01
-1.74789016e+00 1.33049929e-01
-1.74627990e+00 1.32981253e-01
-1.74466820e+00 1.32912501e-01
-1.74305507e+00 1.32843673e-01
-1.74144052e+00 1.32774770e-01
-1.73982453e+00 1.32705791e-01
-1.73820712e+00 1.32636737e-01
-1.73658829e+00 1.32567608e-01
-1.73496803e+00 1.32498403e-01
-1.73334636e+00 1.32429122e-01
-1.73172326e+00 1.32359767e-01
-1.73009875e+00 1.32290336e-01
-1.72847283e+00 1.32220830e-01
-1.72684549e+00 1.32151249e-01
-1.72521674e+00 1.32081592e-01
-1.72358658e+00 1.32011861e-01
-1.72195502e+00 1.31942054e-01
-1.72032205e+00 1.31872173e-01
-1.71868769e+00 1.31802216e-01
-1.71705192e+00 1.31732185e-01
-1.71541475e+00 1.31662079e-01
-1.71377618e+00 1.31591898e-01
-1.71213622e+00 1.31521643e-01
-1.71049487e+00 1.31451312e-01
-1.70885213e+00 1.31380907e-01
-1.70720800e+00 1.31310428e-01
-1.70556248e+00 1.31239873e-01
-1.70391558e+00 1.31169245e-01
-1.70226730e+00 1.31098542e-01
-1.70061763e+00 1.31027764e-01
-1.69896659e+00 1.30956912e-01
-1.69731417e+00 1.30885986e-01
-1.69566038e+00 1.30814985e-01
-1.69400521e+00 1.30743911e-01
-1.69234867e+00 1.30672762e-01
-1.69069077e+00 1.30601538e-01
-1.68903150e+00 1.30530241e-01
-1.68737086e+00 1.30458870e-01
-1.68570886e+00 1.30387425e-01
-1.68404551e+00 1.30315906e-01
-1.68238079e+00 1.30244313e-01
-1.68071471e+00 1.30172646e-01
-1.67904729e+00 1.30100905e-01
-1.67737851e+00 1.30029091e-01
-1.67570838e+00 1.29957203e-01
-1.67403690e+00 1.29885241e-01
-1.67236407e+00 1.29813206e-01
-1.67068991e+00 1.29741097e-01
-1.66901440e+00 1.29668914e-01
-1.66733754e+00 1.29596659e-01
-1.66565936e+00 1.29524329e-01
-1.66397983e+00 1.29451927e-01
-1.66229897e+00 1.29379451e-01
-1.66061678e+00 1.29306902e-01
-1.65893326e+00 1.29234280e-01
-1.65724842e+00 1.29161584e-01
-1.65556224e+00 1.29088816e-01
-1.65387475e+00 1.29015974e-01
-1.65218593e+00 1.28943059e-01
-1.65049579e+00 1.28870072e-01
-1.64880434e+00 1.28797012e-01
-1.64711157e+00 1.28723878e-01
-1.64541748e+00 1.28650672e-01
-1.64372209e+00 1.28577394e-01
-1.64202538e+00 1.28504042e-01
-1.64032737e+00 1.28430618e-01
-1.63862806e+00 1.28357122e-01
-1.63692744e+00 1.28283553e-01
-1.63522552e+00 1.28209911e-01
-1.63352230e+00 1.28136197e-01
-1.63181779e+00 1.28062411e-01
-1.63011198e+00 1.27988552e-01
-1.62840488e+00 1.27914621e-01
-1.62669649e+00 1.27840618e-01
-1.62498681e+00 1.27766542e-01
-1.62327584e+00 1.27692395e-01
-1.62156359e+00 1.27618176e-01
-1.61985006e+00 1.27543884e-01
-1.61813525e+00 1.27469521e-01
-1.61641916e+00 1.27395086e-01
-1.61470179e+00 1.27320579e-01
-1.61298316e+00 1.27246000e-01
-1.61126325e+00 1.27171349e-01
-1.60954207e+00 1.27096627e-01
-1.60781962e+00 1.27021833e-01
-1.60609591e+00 1.26946968e-01
-1.60437094e+00 1.26872031e-01
-1.60264470e+00 1.26797022e-01
-1.60091721e+00 1.26721943e-01
-1.59918846e+00 1.26646792e-01
-1.59745846e+00 1.26571569e-01
-1.59572720e+00 1.26496276e-01
-1.59399470e+00 1.26420911e-01
-1.59226094e+00 1.26345475e-01
-1.59052594e+00 1.26269968e-01
-1.58878970e+00 1.26194390e-01
-1.58705221e+00 1.26118742e-01
-1.58531349e+00 1.26043022e-01
-1.58357353e+00 1.25967231e-01
-1.58183233e+00 1.25891370e-01
-1.58008990e+00 1.25815438e-01
-1.57834624e+00 1.25739435e-01
-1.57660135e+00 1.25663362e-01
-1.57485524e+00 1.25587218e-01
-1.57310790e+00 1.25511004e-01
-1.57135934e+00 1.25434719e-01
-1.56960956e+00 1.25358364e-01
-1.56785856e+00 1.25281939e-01
-1.56610634e+00 1.25205443e-01
-1.56435291e+00 1.25128877e-01
-1.56259827e+00 1.25052241e-01
-1.56084242e+00 1.24975535e-01
-1.55908537e+00 1.24898759e-01
-1.55732711e+00 1.24821913e-01
-1.55556764e+00 1.24744997e-01
-1.55380698e+00 1.24668011e-01
-1.55204512e+00 1.24590956e-01
-1.55028206e+00 1.24513830e-01
-1.54851781e+00 1.24436635e-01
-1.54675236e+00 1.24359371e-01
-1.54498573e+00 1.24282036e-01
-1.54321791e+00 1.24204633e-01
-1.54144891e+00 1.24127160e-01
-1.53967872e+00 1.24049617e-01
-1.53790735e+00 1.23972006e-01
-1.53613480e+00 1.23894325e-01
-1.53436108e+00 1.23816575e-01
-1.53258618e+00 1.23738755e-01
-1.53081011e+00 1.23660867e-01
-1.52903287e+00 1.23582910e-01
-1.52725446e+00 1.23504883e-01
-1.52547489e+00 1.23426788e-01
-1.52369415e+00 1.23348624e-01
-1.52191226e+00 1.23270392e-01
-1.52012920e+00 1.23192090e-01
-1.51834499e+00 1.23113720e-01
-1.51655963e+00 1.23035282e-01
-1.51477311e+00 1.22956774e-01
-1.51298544e+00 1.22878199e-01
-1.51119663e+00 1.22799555e-01
-1.50940667e+00 1.22720843e-01
-1.50761557e+00 1.22642062e-01
-1.50582332e+00 1.22563213e-01
-1.50402994e+00 1.22484296e-01
-1.50223542e+00 1.22405311e-01
-1.50043977e+00 1.22326259e-01
-1.49864299e+00 1.22247138e-01
-1.49684507e+00 1.22167949e-01
-1.49504603e+00 1.22088692e-01
-1.49324586e+00 1.22009368e-01
-1.49144458e+00 1.21929976e-01
-1.48964217e+00 1.21850516e-01
-1.48783864e+00 1.21770989e-01
-1.48603399e+00 1.21691394e-01
-1.48422824e+00 1.21611732e-01
-1.48242137e+00 1.21532003e-01
-1.48061339e+00 1.21452206e-01
-1.47880430e+00 1.21372342e-01
-1.47699411e+00 1.21292411e-01
-1.47518282e+00 1.21212412e-01
-1.47337042e+00 1.21132347e-01
-1.47155693e+00 1.21052215e-01
-1.46974234e+00 1.20972016e-01
-1.46792666e+00 1.20891749e-01
-1.46610989e+00 1.20811417e-01
-1.46429203e+00 1.20731017e-01
-1.46247308e+00 1.20650551e-01
-1.46065305e+00 1.20570018e-01
-1.45883194e+00 1.20489419e-01
-1.45700974e+00 1.20408753e-01
-1.45518647e+00 1.20328021e-01
-1.45336213e+00 1.20247222e-01
-1.45153671e+00 1.20166358e-01
-1.44971022e+00 1.20085427e-01
-1.44788266e+00 1.20004430e-01
-1.44605403e+00 1.19923367e-01
-1.44422434e+00 1.19842238e-01
-1.44239360e+00 1.19761043e-01
-1.44056179e+00 1.19679782e-01
-1.43872892e+00 1.19598456e-01
-1.43689500e+00 1.19517063e-01
-1.43506003e+00 1.19435605e-01
-1.43322401e+00 1.19354082e-01
-1.43138694e+00 1.19272493e-01
-1.42954882e+00 1.19190839e-01
-1.42770966e+00 1.19109119e-01
-1.42586946e+00 1.19027334e-01
-1.42402823e+00 1.18945484e-01
-1.42218595e+00 1.18863568e-01
-1.42034265e+00 1.18781588e-01
-1.41849831e+00 1.18699542e-01
-1.41665294e+00 1.18617432e-01
-1.41480655e+00 1.18535257e-01
-1.41295913e+00 1.18453017e-01
-1.41111069e+00 1.18370712e-01
-1.40926123e+00 1.18288342e-01
-1.40741075e+00 1.18205908e-01
-1.40555926e+00 1.18123410e-01
-1.40370675e+00 1.18040847e-01
-1.40185323e+00 1.17958219e-01
-1.39999871e+00 1.17875527e-01
-1.39814318e+00 1.17792771e-01
-1.39628665e+00 1.17709951e-01
-1.39442911e+00 1.17627067e-01
-1.39257058e+00 1.17544119e-01
-1.39071105e+00 1.17461106e-01
-1.38885053e+00 1.17378030e-01
-1.38698901e+00 1.17294890e-01
-1.38512651e+00 1.17211687e-01
-1.38326301e+00 1.17128419e-01
-1.38139854e+00 1.17045089e-01
-1.37953308e+00 1.16961694e-01
-1.37766664e+00 1.16878236e-01
-1.37579922e+00 1.16794715e-01
-1.37393083e+00 1.16711130e-01
-1.37206147e+00 1.16627483e-01
-1.37019114e+00 1.16543772e-01
-1.36831983e+00 1.16459998e-01
-1.36644757e+00 1.16376161e-01
-1.36457433e+00 1.16292261e-01
-1.36270014e+00 1.16208298e-01
-1.36082499e+00 1.16124272e-01
-1.35894888e+00 1.16040184e-01
-1.35707182e+00 1.15956033e-01
-1.35519381e+00 1.15871820e-01
-1.35331485e+00 1.15787544e-01
-1.35143494e+00 1.15703205e-01
-1.34955409e+00 1.15618805e-01
-1.34767229e+00 1.15534342e-01
-1.34578956e+00 1.15449816e-01
-1.34390589e+00 1.15365229e-01
-1.34202128e+00 1.15280580e-01
-1.34013575e+00 1.15195869e-01
-1.33824928e+00 1.15111095e-01
-1.33636188e+00 1.15026260e-01
-1.33447356e+00 1.14941364e-01
-1.33258432e+00 1.14856405e-01
-1.33069416e+00 1.14771385e-01
-1.32880307e+00 1.14686304e-01
-1.32691108e+00 1.14601161e-01
-1.32501817e+00 1.14515957e-01
-1.32312435e+00 1.14430691e-01
-1.32122962e+00 1.14345365e-01
-1.31933398e+00 1.14259977e-01
-1.31743744e+00 1.14174528e-01
-1.31554000e+00 1.14089018e-01
-1.31364166e+00 1.14003448e-01
-1.31174243e+00 1.13917816e-01
-1.30984230e+00 1.13832124e-01
-1.30794128e+00 1.13746371e-01
-1.30603937e+00 1.13660558e-01
-1.30413658e+00 1.13574684e-01
-1.30223290e+00 1.13488749e-01
-1.30032833e+00 1.13402755e-01
-1.29842289e+00 1.13316700e-01
-1.29651658e+00 1.13230585e-01
-1.29460938e+00 1.13144410e-01
-1.29270132e+00 1.13058174e-01
-1.29079239e+00 1.12971879e-01
-1.28888259e+00 1.12885524e-01
-1.28697192e+00 1.12799109e-01
-1.28506039e+00 1.12712635e-01
-1.28314800e+00 1.12626101e-01
-1.28123476e+00 1.12539507e-01
-1.27932066e+00 1.12452854e-01
-1.27740571e+00 1.12366141e-01
-1.27548991e+00 1.12279370e-01
-1.27357326e+00 1.12192538e-01
-1.27165576e+00 1.12105648e-01
-1.26973742e+00 1.12018699e-01
-1.26781825e+00 1.11931691e-01
-1.26589823e+00 1.11844624e-01
-1.26397738e+00 1.11757498e-01
-1.26205570e+00 1.11670313e-01
-1.26013318e+00 1.11583070e-01
-1.25820984e+00 1.11495768e-01
-1.25628567e+00 1.11408408e-01
-1.25436068e+00 1.11320989e-01
-1.25243487e+00 1.11233512e-01
-1.25050824e+00 1.11145977e-01
-1.24858080e+00 1.11058383e-01
-1.24665254e+00 1.10970732e-01
-1.24472347e+00 1.10883022e-01
-1.24279359e+00 1.10795255e-01
-1.24086291e+00 1.10707430e-01
-1.23893142e+00 1.10619547e-01
-1.23699914e+00 1.10531606e-01
-1.23506605e+00 1.10443608e-01
-1.23313217e+00 1.10355552e-01
-1.23119750e+00 1.10267439e-01
-1.22926203e+00 1.10179269e-01
-1.22732578e+00 1.10091041e-01
-1.22538874e+00 1.10002756e-01
-1.22345092e+00 1.09914414e-01
-1.22151231e+00 1.09826015e-01
-1.21957293e+00 1.09737560e-01
-1.21763277e+00 1.09649047e-01
-1.21569184e+00 1.09560478e-01
-1.21375014e+00 1.09471852e-01
-1.21180767e+00 1.09383169e-01
-1.20986443e+00 1.09294430e-01
-1.20792043e+00 1.09205635e-01
-1.20597567e+00 1.09116784e-01
-1.20403015e+00 1.09027876e-01
-1.20208388e+00 1.08938912e-01
-1.20013685e+00 1.08849892e-01
-1.19818907e+00 1.08760816e-01
-1.19624054e+00 1.08671684e-01
-1.19429126e+00 1.08582496e-01
-1.19234125e+00 1.08493253e-01
-1.19039049e+00 1.08403954e-01
-1.18843899e+00 1.08314600e-01
-1.18648676e+00 1.08225190e-01
-1.18453379e+00 1.08135725e-01
-1.18258009e+00 1.08046204e-01
-1.18062567e+00 1.07956629e-01
-1.17867052e+00 1.07866998e-01
-1.17671464e+00 1.07777312e-01
-1.17475805e+00 1.07687572e-01
-1.17280073e+00 1.07597776e-01
-1.17084270e+00 1.07507926e-01
-1.16888396e+00 1.07418022e-01
-1.16692451e+00 1.07328062e-01
-1.16496435e+00 1.07238048e-01
-1.16300348e+00 1.07147980e-01
-1.16104191e+00 1.07057858e-01
-1.15907964e+00 1.06967681e-01
-1.15711667e+00 1.06877451e-01
-1.15515300e+00 1.06787166e-01
-1.15318865e+00 1.06696827e-01
-1.15122360e+00 1.06606435e-01
-1.14925786e+00 1.06515989e-01
-1.14729144e+00 1.06425489e-01
-1.14532434e+00 1.06334935e-01
-1.14335655e+00 1.06244328e-01
-1.14138809e+00 1.06153668e-01
-1.13941896e+00 1.06062955e-01
-1.13744915e+00 1.05972188e-01
-1.13547867e+00 1.05881368e-01
-1.13350752e+00 1.05790495e-01
-1.13153571e+00 1.05699569e-01
-1.12956323e+00 1.05608591e-01
-1.12759010e+00 1.05517560e-01
-1.12561630e+00 1.05426476e-01
-1.12364186e+00 1.05335339e-01
-1.12166676e+00 1.05244150e-01
-1.11969101e+00 1.05152909e-01
-1.11771461e+00 1.05061615e-01
-1.11573757e+00 1.04970269e-01
-1.11375989e+00 1.04878871e-01
-1.11178157e+00 1.04787421e-01
-1.10980261e+00 1.04695919e-01
-1.10782302e+00 1.04604366e-01
-1.10584279e+00 1.04512761e-01
-1.10386194e+00 1.04421104e-01
-1.10188046e+00 1.04329395e-01
-1.09989835e+00 1.04237635e-01
-1.09791563e+00 1.04145824e-01
-1.09593228e+00 1.04053961e-01
-1.09394832e+00 1.03962048e-01
-1.09196375e+00 1.03870083e-01
-1.08997856e+00 1.03778067e-01
-1.08799276e+00 1.03686001e-01
-1.08600636e+00 1.03593883e-01
-1.08401936e+00 1.03501715e-01
-1.08203175e+00 1.03409497e-01
-1.08004355e+00 1.03317228e-01
-1.07805475e+00 1.03224908e-01
-1.07606536e+00 1.03132538e-01
-1.07407538e+00 1.03040118e-01
-1.07208480e+00 1.02947648e-01
-1.07009365e+00 1.02855128e-01
-1.06810191e+00 1.02762558e-01
-1.06610959e+00 1.02669938e-01
-1.06411669e+00 1.02577269e-01
-1.06212322e+00 1.02484550e-01
-1.06012918e+00 1.02391781e-01
-1.05813456e+00 1.02298963e-01
-1.05613938e+00 1.02206096e-01
-1.05414364e+00 1.02113179e-01
-1.05214733e+00 1.02020213e-01
-1.05015046e+00 1.01927198e-01
-1.04815304e+00 1.01834135e-01
-1.04615506e+00 1.01741022e-01
-1.04415653e+00 1.01647861e-01
-1.04215745e+00 1.01554651e-01
-1.04015782e+00 1.01461392e-01
-1.03815765e+00 1.01368085e-01
-1.03615694e+00 1.01274730e-01
-1.03415569e+00 1.01181326e-01
-1.03215391e+00 1.01087874e-01
-1.03015159e+00 1.00994375e-01
-1.02814874e+00 1.00900827e-01
-1.02614536e+00 1.00807231e-01
-1.02414146e+00 1.00713588e-01
-1.02213703e+00 1.00619897e-01
-1.02013208e+00 1.00526159e-01
-1.01812662e+00 1.00432373e-01
-1.01612064e+00 1.00338539e-01
-1.01411415e+00 1.00244659e-01
-1.01210714e+00 1.00150731e-01
-1.01009963e+00 1.00056756e-01
-1.00809162e+00 9.99627343e-02
-1.00608310e+00 9.98686657e-02
-1.00407409e+00 9.97745504e-02
-1.00206457e+00 9.96803884e-02
-1.00005457e+00 9.95861799e-02
-9.98044070e-01 9.94919249e-02
-9.96033083e-01 9.93976236e-02
-9.94021609e-01 9.93032761e-02
-9.92009652e-01 9.92088824e-02
-9.89997213e-01 9.91144427e-02
-9.87984297e-01 9.90199571e-02
-9.85970904e-01 9.89254256e-02
-9.83957038e-01 9.88308484e-02
-9.81942702e-01 9.87362256e-02
-9.79927898e-01 9.86415573e-02
-9.77912629e-01 9.85468435e-02
-9.75896897e-01 9.84520844e-02
-9.73880704e-01 9.83572801e-02
-9.71864055e-01 9.82624308e-02
-9.69846951e-01 9.81675364e-02
-9.67829394e-01 9.80725971e-02
-9.65811389e-01 9.79776130e-02
-9.63792936e-01 9.78825842e-02
-9.61774039e-01 9.77875109e-02
-9.59754701e-01 9.76923931e-02
-9.57734924e-01 9.75972308e-02
-9.55714710e-01 9.75020244e-02
-9.53694063e-01 9.74067737e-02
-9.51672985e-01 9.73114790e-02
-9.49651479e-01 9.72161403e-02
-9.47629547e-01 9.71207578e-02
-9.45607192e-01 9.70253315e-02
-9.43584416e-01 9.69298616e-02
-9.41561223e-01 9.68343482e-02
-9.39537615e-01 9.67387913e-02
-9.37513594e-01 9.66431912e-02
-9.35489164e-01 9.65475478e-02
-9.33464326e-01 9.64518613e-02
-9.31439084e-01 9.63561318e-02
-9.29413441e-01 9.62603593e-02
-9.27387397e-01 9.61645442e-02
-9.25360958e-01 9.60686863e-02
-9.23334125e-01 9.59727858e-02
-9.21306900e-01 9.58768429e-02
-9.19279287e-01 9.57808577e-02
-9.17251288e-01 9.56848302e-02
-9.15222906e-01 9.55887605e-02
-9.13194143e-01 9.54926488e-02
-9.11165002e-01 9.53964952e-02
-9.09135486e-01 9.53002997e-02
-9.07105598e-01 9.52040626e-02
-9.05075339e-01 9.51077838e-02
-9.03044714e-01 9.50114636e-02
-9.01013724e-01 9.49151020e-02
-8.98982371e-01 9.48186991e-02
-8.96950660e-01 9.47222550e-02
-8.94918592e-01 9.46257699e-02
-8.92886170e-01 9.45292438e-02
-8.90853397e-01 9.44326770e-02
-8.88820275e-01 9.43360693e-02
-8.86786808e-01 9.42394211e-02
-8.84752997e-01 9.41427323e-02
-8.82718845e-01 9.40460032e-02
-8.80684356e-01 9.39492338e-02
-8.78649532e-01 9.38524242e-02
-8.76614374e-01 9.37555745e-02
-8.74578887e-01 9.36586849e-02
-8.72543073e-01 9.35617554e-02
-8.70506935e-01 9.34647863e-02
-8.68470474e-01 9.33677774e-02
-8.66433694e-01 9.32707291e-02
-8.64396598e-01 9.31736414e-02
-8.62359188e-01 9.30765144e-02
-8.60321467e-01 9.29793483e-02
-8.58283437e-01 9.28821430e-02
-8.56245102e-01 9.27848989e-02
-8.54206464e-01 9.26876159e-02
-8.52167525e-01 9.25902941e-02
-8.50128288e-01 9.24929338e-02
-8.48088756e-01 9.23955350e-02
-8.46048932e-01 9.22980977e-02
-8.44008819e-01 9.22006223e-02
-8.41968418e-01 9.21031086e-02
-8.39927733e-01 9.20055569e-02
-8.37886766e-01 9.19079673e-02
-8.35845521e-01 9.18103399e-02
-8.33803999e-01 9.17126747e-02
-8.31762204e-01 9.16149720e-02
-8.29720137e-01 9.15172318e-02
-8.27677803e-01 9.14194543e-02
-8.25635203e-01 9.13216395e-02
-8.23592340e-01 9.12237875e-02
-8.21549217e-01 9.11258986e-02
-8.19505837e-01 9.10279727e-02
-8.17462202e-01 9.09300101e-02
-8.15418314e-01 9.08320108e-02
-8.13374178e-01 9.07339750e-02
-8.11329795e-01 9.06359027e-02
-8.09285168e-01 9.05377941e-02
-8.07240299e-01 9.04396492e-02
-8.05195192e-01 9.03414683e-02
-8.03149850e-01 9.02432514e-02
-8.01104274e-01 9.01449987e-02
-7.99058467e-01 9.00467102e-02
-7.97012433e-01 8.99483861e-02
-7.94966173e-01 8.98500265e-02
-7.92919691e-01 8.97516315e-02
-7.90872990e-01 8.96532012e-02
-7.88826071e-01 8.95547358e-02
-7.86778939e-01 8.94562353e-02
-7.84731594e-01 8.93577000e-02
-7.82684041e-01 8.92591298e-02
-7.80636281e-01 8.91605249e-02
-7.78588318e-01 8.90618854e-02
-7.76540154e-01 8.89632116e-02
-7.74491792e-01 8.88645033e-02
-7.72443235e-01 8.87657609e-02
-7.70394485e-01 8.86669844e-02
-7.68345545e-01 8.85681739e-02
-7.66296418e-01 8.84693295e-02
-7.64247106e-01 8.83704514e-02
-7.62197612e-01 8.82715397e-02
-7.60147939e-01 8.81725945e-02
-7.58098089e-01 8.80736160e-02
-7.56048066e-01 8.79746041e-02
-7.53997872e-01 8.78755592e-02
-7.51947509e-01 8.77764812e-02
-7.49896981e-01 8.76773703e-02
-7.47846290e-01 8.75782266e-02
-7.45795438e-01 8.74790503e-02
-7.43744429e-01 8.73798414e-02
-7.41693266e-01 8.72806002e-02
-7.39641950e-01 8.71813266e-02
-7.37590484e-01 8.70820209e-02
-7.35538872e-01 8.69826831e-02
-7.33487116e-01 8.68833134e-02
-7.31435219e-01 8.67839118e-02
-7.29383183e-01 8.66844786e-02
-7.27331012e-01 8.65850139e-02
-7.25278707e-01 8.64855176e-02
-7.23226272e-01 8.63859901e-02
-7.21173709e-01 8.62864314e-02
-7.19121021e-01 8.61868416e-02
-7.17068211e-01 8.60872208e-02
-7.15015281e-01 8.59875692e-02
-7.12962234e-01 8.58878869e-02
-7.10909074e-01 8.57881740e-02
-7.08855801e-01 8.56884307e-02
-7.06802420e-01 8.55886570e-02
-7.04748933e-01 8.54888531e-02
-7.02695343e-01 8.53890191e-02
-7.00641652e-01 8.52891552e-02
-6.98587863e-01 8.51892614e-02
-6.96533979e-01 8.50893379e-02
-6.94480003e-01 8.49893848e-02
-6.92425937e-01 8.48894022e-02
-6.90371784e-01 8.47893903e-02
-6.88317547e-01 8.46893492e-02
-6.86263228e-01 8.45892790e-02
-6.84208830e-01 8.44891798e-02
-6.82154356e-01 8.43890517e-02
-6.80099809e-01 8.42888950e-02
-6.78045190e-01 8.41887096e-02
-6.75990504e-01 8.40884958e-02
-6.73935753e-01 8.39882537e-02
-6.71880939e-01 8.38879833e-02
-6.69826065e-01 8.37876849e-02
-6.67771134e-01 8.36873584e-02
-6.65716149e-01 8.35870042e-02
-6.63661112e-01 8.34866222e-02
-6.61606026e-01 8.33862127e-02
-6.59550894e-01 8.32857757e-02
-6.57495718e-01 8.31853114e-02
-6.55440501e-01 8.30848198e-02
-6.53385247e-01 8.29843012e-02
-6.51329957e-01 8.28837557e-02
-6.49274634e-01 8.27831833e-02
-6.47219281e-01 8.26825843e-02
-6.45163901e-01 8.25819587e-02
-6.43108497e-01 8.24813066e-02
-6.41053071e-01 8.23806282e-02
-6.38997626e-01 8.22799237e-02
-6.36942164e-01 8.21791931e-02
-6.34886689e-01 8.20784366e-02
-6.32831203e-01 8.19776543e-02
-6.30775708e-01 8.18768464e-02
-6.28720209e-01 8.17760129e-02
-6.26664706e-01 8.16751540e-02
-6.24609203e-01 8.15742698e-02
-6.22553704e-01 8.14733605e-02
-6.20498209e-01 8.13724262e-02
-6.18442723e-01 8.12714670e-02
-6.16387247e-01 8.11704831e-02
-6.14331785e-01 8.10694745e-02
-6.12276340e-01 8.09684414e-02
-6.10220913e-01 8.08673840e-02
-6.08165508e-01 8.07663023e-02
-6.06110128e-01 8.06651965e-02
-6.04054775e-01 8.05640668e-02
-6.01999451e-01 8.04629132e-02
-5.99944160e-01 8.03617359e-02
-5.97888905e-01 8.02605351e-02
-5.95833688e-01 8.01593108e-02
-5.93778511e-01 8.00580632e-02
-5.91723378e-01 7.99567924e-02
-5.89668291e-01 7.98554985e-02
-5.87613253e-01 7.97541818e-02
-5.85558267e-01 7.96528422e-02
-5.83503335e-01 7.95514800e-02
-5.81448460e-01 7.94500953e-02
-5.79393645e-01 7.93486882e-02
-5.77338892e-01 7.92472589e-02
-5.75284205e-01 7.91458074e-02
-5.73229586e-01 7.90443340e-02
-5.71175037e-01 7.89428387e-02
-5.69120562e-01 7.88413217e-02
-5.67066163e-01 7.87397831e-02
-5.65011842e-01 7.86382230e-02
-5.62957604e-01 7.85366417e-02
-5.60903449e-01 7.84350391e-02
-5.58849382e-01 7.83334155e-02
-5.56795404e-01 7.82317710e-02
-5.54741519e-01 7.81301057e-02
-5.52687728e-01 7.80284198e-02
-5.50634036e-01 7.79267134e-02
-5.48580444e-01 7.78249866e-02
-5.46526956e-01 7.77232395e-02
-5.44473574e-01 7.76214724e-02
-5.42420300e-01 7.75196853e-02
-5.40367138e-01 7.74178783e-02
-5.38314090e-01 7.73160517e-02
-5.36261158e-01 7.72142055e-02
-5.34208347e-01 7.71123399e-02
-5.32155658e-01 7.70104550e-02
-5.30103093e-01 7.69085509e-02
-5.28050657e-01 7.68066278e-02
-5.25998351e-01 7.67046859e-02
-5.23946178e-01 7.66027252e-02
-5.21894141e-01 7.65007460e-02
-5.19842243e-01 7.63987482e-02
-5.17790486e-01 7.62967321e-02
-5.15738873e-01 7.61946979e-02
-5.13687406e-01 7.60926456e-02
-5.11636090e-01 7.59905754e-02
-5.09584925e-01 7.58884874e-02
-5.07533915e-01 7.57863817e-02
-5.05483063e-01 7.56842586e-02
-5.03432371e-01 7.55821181e-02
-5.01381843e-01 7.54799604e-02
-4.99331480e-01 7.53777856e-02
-4.97281285e-01 7.52755939e-02
-4.95231262e-01 7.51733853e-02
-4.93181412e-01 7.50711601e-02
-4.91131739e-01 7.49689184e-02
-4.89082245e-01 7.48666603e-02
-4.87032934e-01 7.47643859e-02
-4.84983807e-01 7.46620954e-02
-4.82934867e-01 7.45597890e-02
-4.80886117e-01 7.44574667e-02
-4.78837561e-01 7.43551288e-02
-4.76789200e-01 7.42527753e-02
-4.74741037e-01 7.41504064e-02
-4.72693075e-01 7.40480222e-02
-4.70645317e-01 7.39456229e-02
-4.68597765e-01 7.38432087e-02
-4.66550422e-01 7.37407796e-02
-4.64503291e-01 7.36383358e-02
-4.62456375e-01 7.35358774e-02
-4.60409675e-01 7.34334046e-02
-4.58363196e-01 7.33309176e-02
-4.56316939e-01 7.32284164e-02
-4.54270907e-01 7.31259012e-02
-4.52225104e-01 7.30233722e-02
-4.50179531e-01 7.29208295e-02
-4.48134191e-01 7.28182732e-02
-4.46089088e-01 7.27157035e-02
-4.44044223e-01 7.26131205e-02
-4.41999600e-01 7.25105244e-02
-4.39955222e-01 7.24079153e-02
-4.37911090e-01 7.23052933e-02
-4.35867207e-01 7.22026587e-02
-4.33823577e-01 7.21000115e-02
-4.31780202e-01 7.19973518e-02
-4.29737085e-01 7.18946799e-02
-4.27694228e-01 7.17919959e-02
-4.25651634e-01 7.16892999e-02
-4.23609306e-01 7.15865921e-02
-4.21567246e-01 7.14838725e-02
-4.19525458e-01 7.13811414e-02
-4.17483943e-01 7.12783989e-02
-4.15442705e-01 7.11756452e-02
-4.13401747e-01 7.10728803e-02
-4.11361070e-01 7.09701045e-02
-4.09320678e-01 7.08673178e-02
-4.07280573e-01 7.07645205e-02
-4.05240758e-01 7.06617126e-02
-4.03201236e-01 7.05588943e-02
-4.01162009e-01 7.04560658e-02
-3.99123080e-01 7.03532272e-02
-3.97084453e-01 7.02503787e-02
-3.95046128e-01 7.01475204e-02
-3.93008110e-01 7.00446524e-02
-3.90970400e-01 6.99417749e-02
-3.88933002e-01 6.98388880e-02
-3.86895919e-01 6.97359919e-02
-3.84859152e-01 6.96330868e-02
-3.82822705e-01 6.95301728e-02
-3.80786580e-01 6.94272499e-02
-3.78750780e-01 6.93243185e-02
-3.76715307e-01 6.92213786e-02
-3.74680165e-01 6.91184303e-02
-3.72645356e-01 6.90154739e-02
-3.70610882e-01 6.89125094e-02
-3.68576747e-01 6.88095371e-02
-3.66542953e-01 6.87065570e-02
-3.64509502e-01 6.86035693e-02
-3.62476398e-01 6.85005742e-02
-3.60443643e-01 6.83975719e-02
-3.58411240e-01 6.82945624e-02
-3.56379191e-01 6.81915458e-02
-3.54347499e-01 6.80885225e-02
-3.52316166e-01 6.79854925e-02
-3.50285196e-01 6.78824559e-02
-3.48254592e-01 6.77794129e-02
-3.46224355e-01 6.76763638e-02
-3.44194488e-01 6.75733085e-02
-3.42164995e-01 6.74702473e-02
-3.40135877e-01 6.73671802e-02
-3.38107137e-01 6.72641076e-02
-3.36078779e-01 6.71610295e-02
-3.34050804e-01 6.70579460e-02
-3.32023216e-01 6.69548574e-02
-3.29996017e-01 6.68517637e-02
-3.27969210e-01 6.67486651e-02
-3.25942797e-01 6.66455618e-02
-3.23916781e-01 6.65424540e-02
-3.21891165e-01 6.64393417e-02
-3.19865951e-01 6.63362251e-02
-3.17841142e-01 6.62331044e-02
-3.15816741e-01 6.61299798e-02
-3.13792750e-01 6.60268513e-02
-3.11769172e-01 6.59237192e-02
-3.09746010e-01 6.58205836e-02
-3.07723266e-01 6.57174446e-02
-3.05700944e-01 6.56143024e-02
-3.03679044e-01 6.55111571e-02
-3.01657571e-01 6.54080090e-02
-2.99636527e-01 6.53048581e-02
-2.97615915e-01 6.52017046e-02
-2.95595736e-01 6.50985487e-02
-2.93575995e-01 6.49953905e-02
-2.91556693e-01 6.48922302e-02
-2.89537833e-01 6.47890679e-02
-2.87519418e-01 6.46859038e-02
-2.85501450e-01 6.45827380e-02
-2.83483933e-01 6.44795707e-02
-2.81466868e-01 6.43764021e-02
-2.79450258e-01 6.42732322e-02
-2.77434107e-01 6.41700613e-02
-2.75418416e-01 6.40668896e-02
-2.73403188e-01 6.39637171e-02
-2.71388426e-01 6.38605440e-02
-2.69374133e-01 6.37573705e-02
-2.67360311e-01 6.36541967e-02
-2.65346963e-01 6.35510228e-02
-2.63334091e-01 6.34478490e-02
-2.61321698e-01 6.33446754e-02
-2.59309787e-01 6.32415021e-02
-2.57298360e-01 6.31383293e-02
-2.55287420e-01 6.30351572e-02
-2.53276970e-01 6.29319860e-02
-2.51267012e-01 6.28288157e-02
-2.49257549e-01 6.27256466e-02
-2.47248583e-01 6.26224788e-02
-2.45240117e-01 6.25193124e-02
-2.43232154e-01 6.24161477e-02
-2.41224696e-01 6.23129847e-02
-2.39217746e-01 6.22098237e-02
-2.37211307e-01 6.21066647e-02
-2.35205381e-01 6.20035080e-02
-2.33199970e-01 6.19003538e-02
-2.31195078e-01 6.17972020e-02
-2.29190707e-01 6.16940531e-02
-2.27186859e-01 6.15909069e-02
-2.25183538e-01 6.14877639e-02
-2.23180745e-01 6.13846240e-02
-2.21178484e-01 6.12814875e-02
-2.19176757e-01 6.11783546e-02
-2.17175566e-01 6.10752253e-02
-2.15174915e-01 6.09720998e-02
-2.13174806e-01 6.08689784e-02
-2.11175241e-01 6.07658611e-02
-2.09176223e-01 6.06627481e-02
-2.07177754e-01 6.05596396e-02
-2.05179838e-01 6.04565358e-02
-2.03182477e-01 6.03534367e-02
-2.01185673e-01 6.02503427e-02
-1.99189429e-01 6.01472537e-02
-1.97193747e-01 6.00441700e-02
-1.95198631e-01 5.99410918e-02
-1.93204083e-01 5.98380192e-02
-1.91210105e-01 5.97349524e-02
-1.89216700e-01 5.96318915e-02
-1.87223870e-01 5.95288367e-02
-1.85231618e-01 5.94257881e-02
-1.83239948e-01 5.93227460e-02
-1.81248860e-01 5.92197104e-02
-1.79258358e-01 5.91166816e-02
-1.77268445e-01 5.90136597e-02
-1.75279123e-01 5.89106449e-02
-1.73290394e-01 5.88076372e-02
-1.71302262e-01 5.87046370e-02
-1.69314728e-01 5.86016444e-02
-1.67327795e-01 5.84986594e-02
-1.65341467e-01 5.83956824e-02
-1.63355745e-01 5.82927134e-02
-1.61370631e-01 5.81897526e-02
-1.59386130e-01 5.80868002e-02
-1.57402242e-01 5.79838563e-02
-1.55418971e-01 5.78809211e-02
-1.53436320e-01 5.77779948e-02
-1.51454290e-01 5.76750775e-02
-1.49472884e-01 5.75721695e-02
-1.47492106e-01 5.74692708e-02
-1.45511957e-01 5.73663816e-02
-1.43532440e-01 5.72635021e-02
-1.41553557e-01 5.71606324e-02
-1.39575312e-01 5.70577728e-02
-1.37597706e-01 5.69549234e-02
-1.35620743e-01 5.68520843e-02
-1.33644424e-01 5.67492558e-02
-1.31668753e-01 5.66464379e-02
-1.29693731e-01 5.65436309e-02
-1.27719362e-01 5.64408349e-02
-1.25745648e-01 5.63380501e-02
-1.23772591e-01 5.62352766e-02
-1.21800194e-01 5.61325147e-02
-1.19828460e-01 5.60297644e-02
-1.17857391e-01 5.59270260e-02
-1.15886989e-01 5.58242996e-02
-1.13917258e-01 5.57215854e-02
-1.11948199e-01 5.56188835e-02
-1.09979815e-01 5.55161942e-02
-1.08012109e-01 5.54135175e-02
-1.06045083e-01 5.53108537e-02
-1.04078740e-01 5.52082030e-02
-1.02113083e-01 5.51055654e-02
-1.00148113e-01 5.50029412e-02
-9.81838329e-02 5.49003305e-02
-9.62202460e-02 5.47977335e-02
-9.42573544e-02 5.46951504e-02
-9.22951606e-02 5.45925813e-02
-9.03336672e-02 5.44900264e-02
-8.83728766e-02 5.43874859e-02
-8.64127913e-02 5.42849599e-02
-8.44534139e-02 5.41824487e-02
-8.24947468e-02 5.40799523e-02
-8.05367926e-02 5.39774710e-02
-7.85795538e-02 5.38750048e-02
-7.66230327e-02 5.37725541e-02
-7.46672320e-02 5.36701190e-02
-7.27121541e-02 5.35676995e-02
-7.07578016e-02 5.34652960e-02
-6.88041768e-02 5.33629086e-02
-6.68512824e-02 5.32605374e-02
-6.48991207e-02 5.31581826e-02
-6.29476943e-02 5.30558443e-02
-6.09970056e-02 5.29535229e-02
-5.90470571e-02 5.28512183e-02
-5.70978514e-02 5.27489309e-02
-5.51493908e-02 5.26466607e-02
-5.32016778e-02 5.25444080e-02
-5.12547150e-02 5.24421729e-02
-4.93085048e-02 5.23399556e-02
-4.73630496e-02 5.22377562e-02
-4.54183520e-02 5.21355750e-02
-4.34744143e-02 5.20334120e-02
-4.15312391e-02 5.19312676e-02
-3.95888288e-02 5.18291418e-02
-3.76471858e-02 5.17270348e-02
-3.57063127e-02 5.16249468e-02
-3.37662119e-02 5.15228779e-02
-3.18268858e-02 5.14208284e-02
-2.98883369e-02 5.13187984e-02
-2.79505676e-02 5.12167881e-02
-2.60135804e-02 5.11147977e-02
-2.40773777e-02 5.10128273e-02
-2.21419620e-02 5.09108771e-02
-2.02073356e-02 5.08089473e-02
-1.82735012e-02 5.07070380e-02
-1.63404610e-02 5.06051495e-02
-1.44082175e-02 5.05032819e-02
-1.24767731e-02 5.04014353e-02
-1.05461304e-02 5.02996100e-02
-8.61629161e-03 5.01978062e-02
-6.68725927e-03 5.00960239e-02
-4.75903579e-03 4.99942634e-02
-2.83162359e-03 4.98925249e-02
-9.05025076e-04 4.97908085e-02
1.02075732e-03 4.96891144e-02
2.94572119e-03 4.95874428e-02
4.86986413e-03 4.94857938e-02
6.79318370e-03 4.93841677e-02
8.71567752e-03 4.92825646e-02
1.06373432e-02 4.91809847e-02
1.25581783e-02 4.90794281e-02
1.44781804e-02 4.89778951e-02
1.63973471e-02 4.88763858e-02
1.83156760e-02 4.87749004e-02
2.02331648e-02 4.86734391e-02
2.21498110e-02 4.85720020e-02
2.40656123e-02 4.84705893e-02
2.59805662e-02 4.83692013e-02
2.78946704e-02 4.82678380e-02
2.98079225e-02 4.81664997e-02
3.17203201e-02 4.80651865e-02
3.36318608e-02 4.79638986e-02
3.55425422e-02 4.78626362e-02
3.74523621e-02 4.77613995e-02
3.93613179e-02 4.76601886e-02
4.12694073e-02 4.75590038e-02
4.31766280e-02 4.74578451e-02
4.50829776e-02 4.73567129e-02
4.69884537e-02 4.72556072e-02
4.88930539e-02 4.71545283e-02
5.07967760e-02 4.70534762e-02
5.26996175e-02 4.69524513e-02
5.46015761e-02 4.68514537e-02
5.65026495e-02 4.67504835e-02
5.84028352e-02 4.66495410e-02
6.03021310e-02 4.65486262e-02
6.22005344e-02 4.64477395e-02
6.40980433e-02 4.63468810e-02
6.59946551e-02 4.62460508e-02
6.78903676e-02 4.61452492e-02
6.97851784e-02 4.60444763e-02
7.16790853e-02 4.59437322e-02
7.35720858e-02 4.58430173e-02
7.54641777e-02 4.57423317e-02
7.73553586e-02 4.56416754e-02
7.92456261e-02 4.55410489e-02
8.11349781e-02 4.54404521e-02
8.30234121e-02 4.53398853e-02
8.49109259e-02 4.52393487e-02
8.67975170e-02 4.51388424e-02
8.86831833e-02 4.50383667e-02
9.05679224e-02 4.49379217e-02
9.24517321e-02 4.48375076e-02
9.43346099e-02 4.47371246e-02
9.62165536e-02 4.46367728e-02
9.80975609e-02 4.45364525e-02
9.99776295e-02 4.44361638e-02
1.01856757e-01 4.43359070e-02
1.03734941e-01 4.42356821e-02
1.05612180e-01 4.41354894e-02
1.07488471e-01 4.40353291e-02
1.09363812e-01 4.39352013e-02
1.11238200e-01 4.38351063e-02
1.13111634e-01 4.37350442e-02
1.14984111e-01 4.36350151e-02
1.16855628e-01 4.35350194e-02
1.18726184e-01 4.34350571e-02
1.20595776e-01 4.33351285e-02
1.22464402e-01 4.32352337e-02
1.24332060e-01 4.31353730e-02
1.26198747e-01 4.30355464e-02
1.28064462e-01 4.29357542e-02
1.29929201e-01 4.28359966e-02
1.31792963e-01 4.27362738e-02
1.33655746e-01 4.26365859e-02
1.35517546e-01 4.25369332e-02
1.37378363e-01 4.24373157e-02
1.39238193e-01 4.23377338e-02
1.41097035e-01 4.22381875e-02
1.42954886e-01 4.21386772e-02
1.44811744e-01 4.20392028e-02
1.46667607e-01 4.19397648e-02
1.48522472e-01 4.18403631e-02
1.50376337e-01 4.17409981e-02
1.52229201e-01 4.16416699e-02
1.54081061e-01 4.15423787e-02
1.55931914e-01 4.14431247e-02
1.57781759e-01 4.13439080e-02
1.59630593e-01 4.12447289e-02
1.61478414e-01 4.11455875e-02
1.63325219e-01 4.10464841e-02
1.65171008e-01 4.09474187e-02
1.67015777e-01 4.08483917e-02
1.68859524e-01 4.07494032e-02
1.70702247e-01 4.06504533e-02
1.72543944e-01 4.05515423e-02
1.74384613e-01 4.04526704e-02
1.76224251e-01 4.03538377e-02
1.78062857e-01 4.02550445e-02
1.79900427e-01 4.01562909e-02
1.81736961e-01 4.00575770e-02
1.83572455e-01 3.99589032e-02
1.85406908e-01 3.98602696e-02
1.87240318e-01 3.97616763e-02
1.89072682e-01 3.96631236e-02
1.90903997e-01 3.95646117e-02
1.92734263e-01 3.94661407e-02
1.94563477e-01 3.93677109e-02
1.96391636e-01 3.92693224e-02
1.98218739e-01 3.91709754e-02
2.00044784e-01 3.90726700e-02
2.01869767e-01 3.89744066e-02
2.03693688e-01 3.88761853e-02
2.05516543e-01 3.87780063e-02
2.07338332e-01 3.86798697e-02
2.09159051e-01 3.85817758e-02
2.10978699e-01 3.84837247e-02
2.12797273e-01 3.83857167e-02
2.14614772e-01 3.82877519e-02
2.16431192e-01 3.81898305e-02
2.18246533e-01 3.80919527e-02
2.20060792e-01 3.79941188e-02
2.21873967e-01 3.78963288e-02
2.23686055e-01 3.77985830e-02
2.25497056e-01 3.77008816e-02
2.27306965e-01 3.76032248e-02
2.29115783e-01 3.75056127e-02
2.30923506e-01 3.74080456e-02
2.32730132e-01 3.73105237e-02
2.34535659e-01 3.72130471e-02
2.36340085e-01 3.71156160e-02
2.38143409e-01 3.70182306e-02
2.39945627e-01 3.69208912e-02
2.41746739e-01 3.68235979e-02
2.43546741e-01 3.67263509e-02
2.45345632e-01 3.66291504e-02
2.47143410e-01 3.65319965e-02
2.48940073e-01 3.64348896e-02
2.50735618e-01 3.63378297e-02
2.52530044e-01 3.62408172e-02
2.54323348e-01 3.61438521e-02
2.56115529e-01 3.60469346e-02
2.57906584e-01 3.59500650e-02
2.59696511e-01 3.58532435e-02
2.61485309e-01 3.57564702e-02
2.63272976e-01 3.56597453e-02
2.65059508e-01 3.55630691e-02
2.66844905e-01 3.54664417e-02
2.68629164e-01 3.53698634e-02
2.70412283e-01 3.52733342e-02
2.72194261e-01 3.51768545e-02
2.73975095e-01 3.50804244e-02
2.75754783e-01 3.49840441e-02
2.77533323e-01 3.48877137e-02
2.79310713e-01 3.47914336e-02
2.81086952e-01 3.46952039e-02
2.82862036e-01 3.45990248e-02
2.84635965e-01 3.45028964e-02
2.86408737e-01 3.44068191e-02
2.88180348e-01 3.43107929e-02
2.89950798e-01 3.42148181e-02
2.91720084e-01 3.41188948e-02
2.93488204e-01 3.40230234e-02
2.95255157e-01 3.39272038e-02
2.97020940e-01 3.38314365e-02
2.98785552e-01 3.37357215e-02
3.00548990e-01 3.36400591e-02
3.02311252e-01 3.35444494e-02
3.04072337e-01 3.34488927e-02
3.05832243e-01 3.33533891e-02
3.07590967e-01 3.32579389e-02
3.09348508e-01 3.31625422e-02
3.11104864e-01 3.30671992e-02
3.12860033e-01 3.29719102e-02
3.14614013e-01 3.28766754e-02
3.16366801e-01 3.27814949e-02
3.18118397e-01 3.26863689e-02
3.19868798e-01 3.25912976e-02
3.21618002e-01 3.24962813e-02
3.23366007e-01 3.24013201e-02
3.25112812e-01 3.23064142e-02
3.26858415e-01 3.22115639e-02
3.28602813e-01 3.21167693e-02
3.30346005e-01 3.20220306e-02
3.32087988e-01 3.19273481e-02
3.33828762e-01 3.18327219e-02
3.35568324e-01 3.17381522e-02
3.37306671e-01 3.16436392e-02
3.39043804e-01 3.15491832e-02
3.40779718e-01 3.14547843e-02
3.42514413e-01 3.13604427e-02
3.44247887e-01 3.12661587e-02
3.45980138e-01 3.11719324e-02
3.47711163e-01 3.10777640e-02
3.49440962e-01 3.09836537e-02
3.51169532e-01 3.08896018e-02
3.52896872e-01 3.07956084e-02
3.54622979e-01 3.07016738e-02
3.56347852e-01 3.06077980e-02
3.58071489e-01 3.05139815e-02
3.59793887e-01 3.04202242e-02
3.61515047e-01 3.03265265e-02
3.63234964e-01 3.02328885e-02
3.64953638e-01 3.01393105e-02
3.66671067e-01 3.00457926e-02
3.68387249e-01 2.99523351e-02
3.70102182e-01 2.98589381e-02
3.71815865e-01 2.97656019e-02
3.73528295e-01 2.96723266e-02
3.75239471e-01 2.95791125e-02
3.76949391e-01 2.94859597e-02
3.78658053e-01 2.93928685e-02
3.80365455e-01 2.92998390e-02
3.82071596e-01 2.92068716e-02
3.83776474e-01 2.91139663e-02
3.85480088e-01 2.90211233e-02
3.87182434e-01 2.89283430e-02
3.88883512e-01 2.88356254e-02
3.90583320e-01 2.87429708e-02
3.92281856e-01 2.86503794e-02
3.93979118e-01 2.85578514e-02
3.95675105e-01 2.84653870e-02
3.97369815e-01 2.83729864e-02
3.99063245e-01 2.82806498e-02
4.00755395e-01 2.81883774e-02
4.02446263e-01 2.80961694e-02
4.04135847e-01 2.80040260e-02
4.05824144e-01 2.79119475e-02
4.07511155e-01 2.78199340e-02
4.09196876e-01 2.77279857e-02
4.10881306e-01 2.76361029e-02
4.12564443e-01 2.75442856e-02
4.14246286e-01 2.74525343e-02
4.15926833e-01 2.73608490e-02
4.17606082e-01 2.72692299e-02
4.19284032e-01 2.71776774e-02
4.20960681e-01 2.70861915e-02
4.22636026e-01 2.69947724e-02
4.24310068e-01 2.69034205e-02
4.25982803e-01 2.68121358e-02
4.27654231e-01 2.67209186e-02
4.29324348e-01 2.66297692e-02
4.30993155e-01 2.65386876e-02
4.32660649e-01 2.64476742e-02
4.34326829e-01 2.63567290e-02
4.35991693e-01 2.62658524e-02
4.37655239e-01 2.61750446e-02
4.39317465e-01 2.60843056e-02
4.40978371e-01 2.59936359e-02
4.42637954e-01 2.59030354e-02
4.44296212e-01 2.58125046e-02
4.45953145e-01 2.57220435e-02
4.47608751e-01 2.56316524e-02
4.49263027e-01 2.55413315e-02
4.50915973e-01 2.54510809e-02
4.52567587e-01 2.53609010e-02
4.54217866e-01 2.52707919e-02
4.55866810e-01 2.51807538e-02
4.57514418e-01 2.50907869e-02
4.59160686e-01 2.50008915e-02
4.60805615e-01 2.49110677e-02
4.62449201e-01 2.48213157e-02
4.64091445e-01 2.47316358e-02
4.65732343e-01 2.46420282e-02
4.67371895e-01 2.45524931e-02
4.69010099e-01 2.44630306e-02
4.70646954e-01 2.43736411e-02
4.72282457e-01 2.42843246e-02
4.73916608e-01 2.41950815e-02
4.75549404e-01 2.41059119e-02
4.77180845e-01 2.40168160e-02
4.78810929e-01 2.39277941e-02
4.80439654e-01 2.38388463e-02
4.82067019e-01 2.37499729e-02
4.83693021e-01 2.36611741e-02
4.85317661e-01 2.35724500e-02
4.86940936e-01 2.34838010e-02
4.88562845e-01 2.33952271e-02
4.90183385e-01 2.33067287e-02
4.91802557e-01 2.32183058e-02
4.93420358e-01 2.31299589e-02
4.95036787e-01 2.30416879e-02
4.96651841e-01 2.29534933e-02
4.98265521e-01 2.28653751e-02
4.99877824e-01 2.27773336e-02
5.01488750e-01 2.26893689e-02
5.03098295e-01 2.26014814e-02
5.04706460e-01 2.25136712e-02
5.06313242e-01 2.24259385e-02
5.07918640e-01 2.23382836e-02
5.09522653e-01 2.22507066e-02
5.11125279e-01 2.21632078e-02
5.12726518e-01 2.20757873e-02
5.14326366e-01 2.19884455e-02
5.15924824e-01 2.19011824e-02
5.17521889e-01 2.18139983e-02
5.19117560e-01 2.17268935e-02
5.20711836e-01 2.16398681e-02
5.22304716e-01 2.15529224e-02
5.23896197e-01 2.14660565e-02
5.25486279e-01 2.13792707e-02
5.27074961e-01 2.12925652e-02
5.28662240e-01 2.12059402e-02
5.30248116e-01 2.11193959e-02
5.31832587e-01 2.10329325e-02
5.33415651e-01 2.09465502e-02
5.34997309e-01 2.08602494e-02
5.36577557e-01 2.07740301e-02
5.38156395e-01 2.06878925e-02
5.39733821e-01 2.06018370e-02
5.41309834e-01 2.05158637e-02
5.42884433e-01 2.04299728e-02
5.44457617e-01 2.03441645e-02
5.46029383e-01 2.02584391e-02
5.47599731e-01 2.01727968e-02
5.49168660e-01 2.00872378e-02
5.50736168e-01 2.00017622e-02
5.52302254e-01 1.99163704e-02
5.53866916e-01 1.98310624e-02
5.55430153e-01 1.97458387e-02
5.56991965e-01 1.96606992e-02
5.58552349e-01 1.95756444e-02
5.60111305e-01 1.94906743e-02
5.61668831e-01 1.94057893e-02
5.63224925e-01 1.93209894e-02
5.64779588e-01 1.92362750e-02
5.66332816e-01 1.91516463e-02
5.67884610e-01 1.90671034e-02
5.69434968e-01 1.89826466e-02
5.70983888e-01 1.88982761e-02
5.72531370e-01 1.88139920e-02
5.74077413e-01 1.87297948e-02
5.75622014e-01 1.86456844e-02
5.77165173e-01 1.85616613e-02
5.78706888e-01 1.84777255e-02
5.80247159e-01 1.83938773e-02
5.81785984e-01 1.83101169e-02
5.83323362e-01 1.82264446e-02
5.84859292e-01 1.81428605e-02
5.86393772e-01 1.80593648e-02
5.87926802e-01 1.79759578e-02
5.89458380e-01 1.78926398e-02
5.90988505e-01 1.78094108e-02
5.92517176e-01 1.77262712e-02
5.94044392e-01 1.76432211e-02
5.95570152e-01 1.75602608e-02
5.97094454e-01 1.74773905e-02
5.98617297e-01 1.73946104e-02
6.00138681e-01 1.73119207e-02
6.01658604e-01 1.72293216e-02
6.03177064e-01 1.71468134e-02
6.04694062e-01 1.70643963e-02
6.06209595e-01 1.69820704e-02
6.07723663e-01 1.68998361e-02
6.09236264e-01 1.68176935e-02
6.10747398e-01 1.67356428e-02
6.12257064e-01 1.66536844e-02
6.13765259e-01 1.65718183e-02
6.15271984e-01 1.64900448e-02
6.16777237e-01 1.64083641e-02
6.18281017e-01 1.63267765e-02
6.19783323e-01 1.62452821e-02
6.21284153e-01 1.61638812e-02
6.22783508e-01 1.60825740e-02
6.24281386e-01 1.60013608e-02
6.25777785e-01 1.59202417e-02
6.27272706e-01 1.58392169e-02
6.28766146e-01 1.57582867e-02
6.30258105e-01 1.56774513e-02
6.31748581e-01 1.55967110e-02
6.33237574e-01 1.55160659e-02
6.34725083e-01 1.54355162e-02
6.36211107e-01 1.53550622e-02
6.37695645e-01 1.52747041e-02
6.39178695e-01 1.51944422e-02
6.40660257e-01 1.51142765e-02
6.42140330e-01 1.50342075e-02
6.43618912e-01 1.49542352e-02
6.45096004e-01 1.48743599e-02
6.46571603e-01 1.47945819e-02
6.48045710e-01 1.47149013e-02
6.49518322e-01 1.46353183e-02
6.50989440e-01 1.45558333e-02
6.52459062e-01 1.44764464e-02
6.53927187e-01 1.43971578e-02
6.55393814e-01 1.43179677e-02
6.56858943e-01 1.42388764e-02
6.58322572e-01 1.41598841e-02
6.59784701e-01 1.40809911e-02
6.61245328e-01 1.40021974e-02
6.62704454e-01 1.39235035e-02
6.64162076e-01 1.38449094e-02
6.65618194e-01 1.37664154e-02
6.67072808e-01 1.36880218e-02
6.68525916e-01 1.36097287e-02
6.69977517e-01 1.35315363e-02
6.71427611e-01 1.34534450e-02
6.72876197e-01 1.33754549e-02
6.74323273e-01 1.32975662e-02
6.75768840e-01 1.32197792e-02
6.77212896e-01 1.31420941e-02
6.78655440e-01 1.30645110e-02
6.80096472e-01 1.29870304e-02
6.81535991e-01 1.29096522e-02
6.82973996e-01 1.28323769e-02
6.84410486e-01 1.27552045e-02
6.85845460e-01 1.26781354e-02
6.87278918e-01 1.26011697e-02
6.88710859e-01 1.25243077e-02
6.90141282e-01 1.24475496e-02
6.91570187e-01 1.23708956e-02
6.92997571e-01 1.22943460e-02
6.94423436e-01 1.22179009e-02
6.95847780e-01 1.21415606e-02
6.97270602e-01 1.20653254e-02
6.98691902e-01 1.19891953e-02
7.00111678e-01 1.19131708e-02
7.01529931e-01 1.18372519e-02
7.02946659e-01 1.17614389e-02
7.04361862e-01 1.16857321e-02
7.05775539e-01 1.16101316e-02
7.07187689e-01 1.15346378e-02
7.08598312e-01 1.14592507e-02
7.10007406e-01 1.13839707e-02
7.11414972e-01 1.13087979e-02
7.12821009e-01 1.12337327e-02
7.14225515e-01 1.11587751e-02
7.15628491e-01 1.10839255e-02
7.17029936e-01 1.10091840e-02
7.18429848e-01 1.09345510e-02
7.19828228e-01 1.08600265e-02
7.21225074e-01 1.07856109e-02
7.22620387e-01 1.07113043e-02
7.24014165e-01 1.06371071e-02
7.25406408e-01 1.05630193e-02
7.26797115e-01 1.04890413e-02
7.28186286e-01 1.04151733e-02
7.29573919e-01 1.03414155e-02
7.30960016e-01 1.02677681e-02
7.32344574e-01 1.01942313e-02
7.33727594e-01 1.01208054e-02
7.35109074e-01 1.00474906e-02
7.36489014e-01 9.97428717e-03
7.37867415e-01 9.90119526e-03
7.39244274e-01 9.82821514e-03
7.40619592e-01 9.75534702e-03
7.41993368e-01 9.68259113e-03
7.43365601e-01 9.60994771e-03
7.44736292e-01 9.53741698e-03
7.46105439e-01 9.46499916e-03
7.47473042e-01 9.39269448e-03
7.48839100e-01 9.32050318e-03
7.50203614e-01 9.24842547e-03
7.51566582e-01 9.17646158e-03
7.52928004e-01 9.10461175e-03
7.54287879e-01 9.03287620e-03
7.55646208e-01 8.96125516e-03
7.57002989e-01 8.88974885e-03
7.58358223e-01 8.81835750e-03
7.59711908e-01 8.74708135e-03
7.61064044e-01 8.67592061e-03
7.62414632e-01 8.60487552e-03
7.63763670e-01 8.53394631e-03
7.65111158e-01 8.46313320e-03
7.66457096e-01 8.39243643e-03
7.67801483e-01 8.32185621e-03
7.69144318e-01 8.25139278e-03
7.70485603e-01 8.18104638e-03
7.71825335e-01 8.11081721e-03
7.73163515e-01 8.04070552e-03
7.74500143e-01 7.97071154e-03
7.75835217e-01 7.90083549e-03
7.77168738e-01 7.83107759e-03
7.78500705e-01 7.76143809e-03
7.79831119e-01 7.69191721e-03
7.81159978e-01 7.62251518e-03
7.82487282e-01 7.55323223e-03
7.83813031e-01 7.48406858e-03
7.85137225e-01 7.41502447e-03
7.86459863e-01 7.34610012e-03
7.87780946e-01 7.27729578e-03
7.89100472e-01 7.20861165e-03
7.90418442e-01 7.14004798e-03
7.91734855e-01 7.07160500e-03
7.93049711e-01 7.00328293e-03
7.94363009e-01 6.93508201e-03
7.95674750e-01 6.86700246e-03
7.96984934e-01 6.79904452e-03
7.98293559e-01 6.73120841e-03
7.99600626e-01 6.66349436e-03
8.00906135e-01 6.59590261e-03
8.02210085e-01 6.52843339e-03
8.03512476e-01 6.46108692e-03
8.04813308e-01 6.39386344e-03
8.06112581e-01 6.32676318e-03
8.07410294e-01 6.25978636e-03
8.08706448e-01 6.19293323e-03
8.10001042e-01 6.12620400e-03
8.11294075e-01 6.05959892e-03
8.12585549e-01 5.99311820e-03
8.13875463e-01 5.92676209e-03
8.15163816e-01 5.86053081e-03
8.16450608e-01 5.79442459e-03
8.17735840e-01 5.72844368e-03
8.19019511e-01 5.66258828e-03
8.20301621e-01 5.59685865e-03
8.21582170e-01 5.53125501e-03
8.22861158e-01 5.46577759e-03
8.24138585e-01 5.40042662e-03
8.25414451e-01 5.33520233e-03
8.26688755e-01 5.27010497e-03
8.27961498e-01 5.20513475e-03
8.29232679e-01 5.14029191e-03
8.30502299e-01 5.07557668e-03
8.31770358e-01 5.01098930e-03
8.33036854e-01 4.94652999e-03
8.34301789e-01 4.88219899e-03
8.35565163e-01 4.81799653e-03
8.36826975e-01 4.75392285e-03
8.38087225e-01 4.68997816e-03
8.39345913e-01 4.62616272e-03
8.40603040e-01 4.56247675e-03
8.41858605e-01 4.49892047e-03
8.43112609e-01 4.43549414e-03
8.44365051e-01 4.37219797e-03
8.45615932e-01 4.30903220e-03
8.46865251e-01 4.24599706e-03
8.48113009e-01 4.18309279e-03
8.49359205e-01 4.12031962e-03
8.50603840e-01 4.05767778e-03
8.51846914e-01 3.99516751e-03
8.53088427e-01 3.93278903e-03
8.54328379e-01 3.87054258e-03
8.55566770e-01 3.80842840e-03
8.56803600e-01 3.74644672e-03
8.58038869e-01 3.68459777e-03
8.59272578e-01 3.62288178e-03
8.60504727e-01 3.56129899e-03
8.61735315e-01 3.49984963e-03
8.62964343e-01 3.43853394e-03
8.64191812e-01 3.37735215e-03
8.65417720e-01 3.31630448e-03
8.66642069e-01 3.25539119e-03
8.67864858e-01 3.19461249e-03
8.69086089e-01 3.13396863e-03
8.70305760e-01 3.07345984e-03
8.71523873e-01 3.01308635e-03
8.72740426e-01 2.95284840e-03
8.73955422e-01 2.89274621e-03
8.75168859e-01 2.83278004e-03
8.76380739e-01 2.77295010e-03
8.77591061e-01 2.71325663e-03
8.78799825e-01 2.65369987e-03
8.80007033e-01 2.59428006e-03
8.81212683e-01 2.53499742e-03
8.82416777e-01 2.47585219e-03
8.83619315e-01 2.41684461e-03
8.84820297e-01 2.35797491e-03
8.86019723e-01 2.29924332e-03
8.87217594e-01 2.24065009e-03
8.88413910e-01 2.18219544e-03
8.89608671e-01 2.12387961e-03
8.90801877e-01 2.06570283e-03
8.91993530e-01 2.00766535e-03
8.93183629e-01 1.94976739e-03
8.94372175e-01 1.89200919e-03
8.95559168e-01 1.83439099e-03
8.96744608e-01 1.77691301e-03
8.97928497e-01 1.71957551e-03
8.99110833e-01 1.66237870e-03
9.00291618e-01 1.60532284e-03
9.01470853e-01 1.54840814e-03
9.02648536e-01 1.49163486e-03
9.03824670e-01 1.43500321e-03
9.04999254e-01 1.37851345e-03
9.06172289e-01 1.32216580e-03
9.07343775e-01 1.26596050e-03
9.08513714e-01 1.20989779e-03
9.09682104e-01 1.15397791e-03
9.10848947e-01 1.09820108e-03
9.12014243e-01 1.04256754e-03
9.13177993e-01 9.87077536e-04
9.14340197e-01 9.31731298e-04
9.15500856e-01 8.76529063e-04
9.16659970e-01 8.21471066e-04
9.17817540e-01 7.66557545e-04
9.18973566e-01 7.11788735e-04
9.20128049e-01 6.57164873e-04
9.21280990e-01 6.02686195e-04
9.22432388e-01 5.48352938e-04
9.23582246e-01 4.94165337e-04
9.24730562e-01 4.40123631e-04
9.25877338e-01 3.86228054e-04
9.27022575e-01 3.32478845e-04
9.28166272e-01 2.78876239e-04
9.29308431e-01 2.25420473e-04
9.30449053e-01 1.72111784e-04
9.31588137e-01 1.18950410e-04
9.32725685e-01 6.59365858e-05
9.33861697e-01 1.30705497e-05
9.34996174e-01 -3.96474618e-05
9.36129117e-01 -9.22172115e-05
9.37260525e-01 -1.44638462e-04
9.38390401e-01 -1.96910977e-04
9.39518744e-01 -2.49034519e-04
9.40645556e-01 -3.01008851e-04
9.41770837e-01 -3.52833735e-04
9.42894587e-01 -4.04508934e-04
9.44016808e-01 -4.56034210e-04
9.45137500e-01 -5.07409328e-04
9.46256664e-01 -5.58634048e-04
9.47374301e-01 -6.09708133e-04
9.48490412e-01 -6.60631346e-04
9.49604997e-01 -7.11403450e-04
9.50718057e-01 -7.62024206e-04
9.51829593e-01 -8.12493377e-04
9.52939605e-01 -8.62810726e-04
9.54048095e-01 -9.12976014e-04
9.55155064e-01 -9.62989004e-04
9.56260512e-01 -1.01284946e-03
9.57364440e-01 -1.06255714e-03
9.58466849e-01 -1.11211181e-03
9.59567739e-01 -1.16151322e-03
9.60667112e-01 -1.21076115e-03
9.61764969e-01 -1.25985536e-03
9.62861310e-01 -1.30879560e-03
9.63956137e-01 -1.35758164e-03
9.65049450e-01 -1.40621323e-03
9.66141250e-01 -1.45469015e-03
9.67231538e-01 -1.50301215e-03
9.68320315e-01 -1.55117900e-03
9.69407582e-01 -1.59919045e-03
9.70493340e-01 -1.64704628e-03
9.71577590e-01 -1.69474623e-03
9.72660332e-01 -1.74229007e-03
9.73741569e-01 -1.78967757e-03
9.74821300e-01 -1.83690848e-03
9.75899528e-01 -1.88398256e-03
9.76976252e-01 -1.93089958e-03
9.78051474e-01 -1.97765931e-03
9.79125195e-01 -2.02426149e-03
9.80197416e-01 -2.07070589e-03
9.81268138e-01 -2.11699227e-03
9.82337362e-01 -2.16312040e-03
9.83405089e-01 -2.20909003e-03
9.84471321e-01 -2.25490093e-03
9.85536057e-01 -2.30055286e-03
9.86599301e-01 -2.34604557e-03
9.87661051e-01 -2.39137883e-03
9.88721311e-01 -2.43655240e-03
9.89780080e-01 -2.48156605e-03
9.90837360e-01 -2.52641952e-03
9.91893152e-01 -2.57111259e-03
9.92947457e-01 -2.61564501e-03
9.94000277e-01 -2.66001655e-03
9.95051612e-01 -2.70422696e-03
9.96101464e-01 -2.74827600e-03
9.97149833e-01 -2.79216345e-03
9.98196722e-01 -2.83588905e-03
9.99242132e-01 -2.87945257e-03
1.00028606e+00 -2.92285376e-03
1.00132852e+00 -2.96609240e-03
1.00236949e+00 -3.00916824e-03
1.00340900e+00 -3.05208103e-03
1.00444703e+00 -3.09483055e-03
1.00548358e+00 -3.13741655e-03
1.00651867e+00 -3.17983879e-03
1.00755229e+00 -3.22209703e-03
1.00858444e+00 -3.26419104e-03
1.00961512e+00 -3.30612057e-03
1.01064433e+00 -3.34788538e-03
1.01167208e+00 -3.38948523e-03
1.01269837e+00 -3.43091989e-03
1.01372320e+00 -3.47218911e-03
1.01474657e+00 -3.51329266e-03
1.01576847e+00 -3.55423029e-03
1.01678892e+00 -3.59500177e-03
1.01780792e+00 -3.63560685e-03
1.01882546e+00 -3.67604529e-03
1.01984154e+00 -3.71631686e-03
1.02085618e+00 -3.75642131e-03
1.02186936e+00 -3.79635841e-03
1.02288110e+00 -3.83612792e-03
1.02389138e+00 -3.87572958e-03
1.02490023e+00 -3.91516318e-03
1.02590762e+00 -3.95442845e-03
1.02691358e+00 -3.99352518e-03
1.02791809e+00 -4.03245310e-03
1.02892116e+00 -4.07121199e-03
1.02992279e+00 -4.10980161e-03
1.03092299e+00 -4.14822171e-03
1.03192175e+00 -4.18647205e-03
1.03291907e+00 -4.22455240e-03
1.03391497e+00 -4.26246250e-03
1.03490943e+00 -4.30020213e-03
1.03590246e+00 -4.33777105e-03
1.03689407e+00 -4.37516900e-03
1.03788425e+00 -4.41239576e-03
1.03887300e+00 -4.44945108e-03
1.03986033e+00 -4.48633472e-03
1.04084624e+00 -4.52304644e-03
1.04183074e+00 -4.55958600e-03
1.04281381e+00 -4.59595316e-03
1.04379546e+00 -4.63214768e-03
1.04477571e+00 -4.66816931e-03
1.04575453e+00 -4.70401783e-03
1.04673195e+00 -4.73969298e-03
1.04770796e+00 -4.77519453e-03
1.04868256e+00 -4.81052223e-03
1.04965575e+00 -4.84567585e-03
1.05062754e+00 -4.88065515e-03
1.05159793e+00 -4.91545988e-03
1.05256691e+00 -4.95008980e-03
1.05353450e+00 -4.98454468e-03
1.05450069e+00 -5.01882427e-03
1.05546548e+00 -5.05292833e-03
1.05642888e+00 -5.08685662e-03
1.05739089e+00 -5.12060891e-03
1.05835150e+00 -5.15418494e-03
1.05931073e+00 -5.18758448e-03
1.06026857e+00 -5.22080729e-03
1.06122503e+00 -5.25385312e-03
1.06218010e+00 -5.28672174e-03
1.06313380e+00 -5.31941291e-03
1.06408611e+00 -5.35192638e-03
1.06503705e+00 -5.38426192e-03
1.06598661e+00 -5.41641927e-03
1.06693479e+00 -5.44839821e-03
1.06788161e+00 -5.48019849e-03
1.06882706e+00 -5.51181987e-03
1.06977113e+00 -5.54326212e-03
1.07071385e+00 -5.57452497e-03
1.07165520e+00 -5.60560821e-03
1.07259518e+00 -5.63651158e-03
1.07353381e+00 -5.66723485e-03
1.07447108e+00 -5.69777777e-03
1.07540700e+00 -5.72814011e-03
1.07634156e+00 -5.75832161e-03
1.07727477e+00 -5.78832205e-03
1.07820663e+00 -5.81814118e-03
1.07913714e+00 -5.84777876e-03
1.08006630e+00 -5.87723455e-03
1.08099413e+00 -5.90650830e-03
1.08192061e+00 -5.93559978e-03
1.08284575e+00 -5.96450875e-03
1.08376955e+00 -5.99323496e-03
1.08469202e+00 -6.02177817e-03
1.08561316e+00 -6.05013815e-03
1.08653297e+00 -6.07831465e-03
1.08745144e+00 -6.10630742e-03
1.08836859e+00 -6.13411624e-03
1.08928442e+00 -6.16174085e-03
1.09019892e+00 -6.18918102e-03
1.09111211e+00 -6.21643650e-03
1.09202398e+00 -6.24350706e-03
1.09293453e+00 -6.27039245e-03
1.09384377e+00 -6.29709243e-03
1.09475169e+00 -6.32360677e-03
1.09565831e+00 -6.34993521e-03
1.09656362e+00 -6.37607753e-03
1.09746763e+00 -6.40203347e-03
1.09837034e+00 -6.42780279e-03
1.09927174e+00 -6.45338526e-03
1.10017185e+00 -6.47878064e-03
1.10107066e+00 -6.50398868e-03
1.10196819e+00 -6.52900914e-03
1.10286442e+00 -6.55384178e-03
1.10375936e+00 -6.57848636e-03
1.10465302e+00 -6.60294264e-03
1.10554539e+00 -6.62721037e-03
1.10643648e+00 -6.65128932e-03
1.10732630e+00 -6.67517925e-03
1.10821484e+00 -6.69887991e-03
1.10910210e+00 -6.72239106e-03
1.10998810e+00 -6.74571246e-03
1.11087282e+00 -6.76884388e-03
1.11175628e+00 -6.79178506e-03
1.11263848e+00 -6.81453577e-03
1.11351941e+00 -6.83709577e-03
1.11439909e+00 -6.85946481e-03
1.11527751e+00 -6.88164265e-03
1.11615467e+00 -6.90362907e-03
1.11703059e+00 -6.92542380e-03
1.11790525e+00 -6.94702661e-03
1.11877867e+00 -6.96843727e-03
1.11965085e+00 -6.98965552e-03
1.12052178e+00 -7.01068113e-03
1.12139148e+00 -7.03151386e-03
1.12225994e+00 -7.05215346e-03
1.12312717e+00 -7.07259969e-03
1.12399316e+00 -7.09285232e-03
1.12485793e+00 -7.11291111e-03
1.12572148e+00 -7.13277580e-03
1.12658380e+00 -7.15244617e-03
1.12744490e+00 -7.17192196e-03
1.12830479e+00 -7.19120294e-03
1.12916345e+00 -7.21028887e-03
1.13002091e+00 -7.22917950e-03
1.13087716e+00 -7.24787460e-03
1.13173220e+00 -7.26637393e-03
1.13258604e+00 -7.28467723e-03
1.13343868e+00 -7.30278428e-03
1.13429012e+00 -7.32069483e-03
1.13514036e+00 -7.33840864e-03
1.13598942e+00 -7.35592547e-03
1.13683728e+00 -7.37324508e-03
1.13768395e+00 -7.39036722e-03
1.13852944e+00 -7.40729166e-03
1.13937375e+00 -7.42401816e-03
1.14021688e+00 -7.44054647e-03
1.14105884e+00 -7.45687635e-03
1.14189962e+00 -7.47300757e-03
1.14273924e+00 -7.48893988e-03
1.14357768e+00 -7.50467304e-03
1.14441497e+00 -7.52020681e-03
1.14525109e+00 -7.53554095e-03
1.14608605e+00 -7.55067522e-03
1.14691986e+00 -7.56560937e-03
1.14775252e+00 -7.58034318e-03
1.14858402e+00 -7.59487639e-03
1.14941438e+00 -7.60920876e-03
1.15024360e+00 -7.62334006e-03
1.15107168e+00 -7.63727005e-03
1.15189862e+00 -7.65099847e-03
1.15272442e+00 -7.66452511e-03
1.15354910e+00 -7.67784970e-03
1.15437265e+00 -7.69097201e-03
1.15519507e+00 -7.70389181e-03
1.15601637e+00 -7.71660885e-03
1.15683655e+00 -7.72912288e-03
1.15765561e+00 -7.74143368e-03
1.15847357e+00 -7.75354099e-03
1.15929041e+00 -7.76544459e-03
1.16010615e+00 -7.77714422e-03
1.16092078e+00 -7.78863965e-03
1.16173432e+00 -7.79993063e-03
1.16254676e+00 -7.81101693e-03
1.16335810e+00 -7.82189831e-03
1.16416835e+00 -7.83257453e-03
1.16497752e+00 -7.84304534e-03
1.16578560e+00 -7.85331050e-03
1.16659261e+00 -7.86336978e-03
1.16739853e+00 -7.87322293e-03
1.16820338e+00 -7.88286972e-03
1.16900716e+00 -7.89230990e-03
1.16980988e+00 -7.90154324e-03
1.17061152e+00 -7.91056949e-03
1.17141211e+00 -7.91938841e-03
1.17221164e+00 -7.92799977e-03
1.17301012e+00 -7.93640332e-03
1.17380754e+00 -7.94459882e-03
1.17460392e+00 -7.95258604e-03
1.17539926e+00 -7.96036472e-03
1.17619355e+00 -7.96793465e-03
1.17698681e+00 -7.97529556e-03
1.17777903e+00 -7.98244723e-03
1.17857022e+00 -7.98938941e-03
1.17936039e+00 -7.99612187e-03
1.18014953e+00 -8.00264436e-03
1.18093765e+00 -8.00895664e-03
1.18172476e+00 -8.01505848e-03
1.18251085e+00 -8.02094963e-03
1.18329594e+00 -8.02662985e-03
1.18408001e+00 -8.03209891e-03
1.18486309e+00 -8.03735657e-03
1.18564517e+00 -8.04240258e-03
1.18642625e+00 -8.04723671e-03
1.18720634e+00 -8.05185871e-03
1.18798544e+00 -8.05626835e-03
1.18876356e+00 -8.06046539e-03
1.18954070e+00 -8.06444958e-03
1.19031686e+00 -8.06822070e-03
1.19109205e+00 -8.07177849e-03
1.19186626e+00 -8.07512272e-03
1.19263952e+00 -8.07825316e-03
1.19341180e+00 -8.08116955e-03
1.19418314e+00 -8.08387167e-03
1.19495351e+00 -8.08635927e-03
1.19572293e+00 -8.08863211e-03
1.19649141e+00 -8.09068996e-03
1.19725895e+00 -8.09253257e-03
1.19802554e+00 -8.09415971e-03
1.19879120e+00 -8.09557113e-03
1.19955592e+00 -8.09676661e-03
1.20031972e+00 -8.09774589e-03
1.20108259e+00 -8.09850874e-03
1.20184454e+00 -8.09905493e-03
1.20260557e+00 -8.09938420e-03
1.20336569e+00 -8.09949633e-03
1.20412491e+00 -8.09939108e-03
1.20488321e+00 -8.09906820e-03
1.20564062e+00 -8.09852746e-03
1.20639712e+00 -8.09776862e-03
1.20715274e+00 -8.09679144e-03
1.20790746e+00 -8.09559568e-03
1.20866130e+00 -8.09418111e-03
1.20941426e+00 -8.09254748e-03
1.21016634e+00 -8.09069455e-03
1.21091754e+00 -8.08862210e-03
1.21166788e+00 -8.08632987e-03
1.21241735e+00 -8.08381764e-03
1.21316596e+00 -8.08108516e-03
1.21391371e+00 -8.07813219e-03
1.21466061e+00 -8.07495850e-03
1.21540666e+00 -8.07156385e-03
1.21615186e+00 -8.06794801e-03
1.21689622e+00 -8.06411072e-03
1.21763975e+00 -8.06005176e-03
1.21838244e+00 -8.05577089e-03
1.21912430e+00 -8.05126786e-03
1.21986534e+00 -8.04654245e-03
1.22060556e+00 -8.04159441e-03
1.22134496e+00 -8.03642351e-03
1.22208356e+00 -8.03102950e-03
1.22282134e+00 -8.02541216e-03
1.22355832e+00 -8.01957124e-03
1.22429450e+00 -8.01350650e-03
1.22502988e+00 -8.00721771e-03
1.22576448e+00 -8.00070463e-03
1.22649829e+00 -7.99396703e-03
1.22723131e+00 -7.98700466e-03
1.22796356e+00 -7.97981729e-03
1.22869504e+00 -7.97240469e-03
1.22942575e+00 -7.96476660e-03
1.23015569e+00 -7.95690281e-03
1.23088487e+00 -7.94881306e-03
1.23161330e+00 -7.94049713e-03
1.23234097e+00 -7.93195478e-03
1.23306790e+00 -7.92318576e-03
1.23379408e+00 -7.91418985e-03
1.23451953e+00 -7.90496680e-03
1.23524424e+00 -7.89551639e-03
1.23596823e+00 -7.88583836e-03
1.23669149e+00 -7.87593249e-03
1.23741403e+00 -7.86579854e-03
1.23813585e+00 -7.85543628e-03
1.23885696e+00 -7.84484546e-03
1.23957737e+00 -7.83402585e-03
1.24029707e+00 -7.82297721e-03
1.24101608e+00 -7.81169932e-03
1.24173440e+00 -7.80019192e-03
1.24245202e+00 -7.78845479e-03
1.24316896e+00 -7.77648769e-03
1.24388523e+00 -7.76429038e-03
1.24460082e+00 -7.75186263e-03
1.24531574e+00 -7.73920421e-03
1.24602999e+00 -7.72631486e-03
1.24674359e+00 -7.71319437e-03
1.24745653e+00 -7.69984249e-03
1.24816882e+00 -7.68625899e-03
1.24888046e+00 -7.67244364e-03
1.24959146e+00 -7.65839619e-03
1.25030183e+00 -7.64411642e-03
1.25101156e+00 -7.62960408e-03
1.25172067e+00 -7.61485894e-03
1.25242915e+00 -7.59988077e-03
1.25313702e+00 -7.58466933e-03
1.25384427e+00 -7.56922439e-03
1.25455092e+00 -7.55354571e-03
1.25525697e+00 -7.53763305e-03
1.25596242e+00 -7.52148619e-03
1.25666727e+00 -7.50510488e-03
1.25737154e+00 -7.48848889e-03
1.25807522e+00 -7.47163799e-03
1.25877833e+00 -7.45455195e-03
1.25948086e+00 -7.43723052e-03
1.26018283e+00 -7.41967347e-03
1.26088423e+00 -7.40188058e-03
1.26158507e+00 -7.38385160e-03
1.26228537e+00 -7.36558629e-03
1.26298511e+00 -7.34708444e-03
1.26368431e+00 -7.32834580e-03
1.26438297e+00 -7.30937013e-03
1.26508110e+00 -7.29015721e-03
1.26577871e+00 -7.27070680e-03
1.26647579e+00 -7.25101867e-03
1.26717235e+00 -7.23109258e-03
1.26786840e+00 -7.21092829e-03
1.26856395e+00 -7.19052559e-03
1.26925899e+00 -7.16988422e-03
1.26995353e+00 -7.14900396e-03
1.27064759e+00 -7.12788458e-03
1.27134115e+00 -7.10652584e-03
1.27203424e+00 -7.08492751e-03
1.27272685e+00 -7.06308935e-03
1.27341899e+00 -7.04101114e-03
1.27411067e+00 -7.01869263e-03
1.27480189e+00 -6.99613360e-03
1.27549265e+00 -6.97333382e-03
1.27618296e+00 -6.95029304e-03
1.27687283e+00 -6.92701105e-03
1.27756226e+00 -6.90348759e-03
1.27825126e+00 -6.87972246e-03
1.27893983e+00 -6.85571540e-03
1.27962797e+00 -6.83146619e-03
1.28031570e+00 -6.80697459e-03
1.28100302e+00 -6.78224038e-03
1.28168994e+00 -6.75726333e-03
1.28237645e+00 -6.73204319e-03
1.28306257e+00 -6.70657974e-03
1.28374830e+00 -6.68087274e-03
1.28443364e+00 -6.65492197e-03
1.28511861e+00 -6.62872719e-03
1.28580320e+00 -6.60228818e-03
1.28648743e+00 -6.57560469e-03
1.28717129e+00 -6.54867650e-03
1.28785480e+00 -6.52150337e-03
1.28853796e+00 -6.49408508e-03
1.28922077e+00 -6.46642140e-03
1.28990325e+00 -6.43851209e-03
1.29058539e+00 -6.41035692e-03
1.29126720e+00 -6.38195566e-03
1.29194869e+00 -6.35330808e-03
1.29262987e+00 -6.32441395e-03
1.29331073e+00 -6.29527305e-03
1.29399129e+00 -6.26588513e-03
1.29467155e+00 -6.23624996e-03
1.29535152e+00 -6.20636733e-03
1.29603120e+00 -6.17623699e-03
1.29671059e+00 -6.14585872e-03
1.29738971e+00 -6.11523229e-03
1.29806857e+00 -6.08435746e-03
1.29874715e+00 -6.05323401e-03
1.29942548e+00 -6.02186171e-03
1.30010356e+00 -5.99024033e-03
1.30078139e+00 -5.95836964e-03
1.30145898e+00 -5.92624940e-03
1.30213633e+00 -5.89387939e-03
1.30281346e+00 -5.86125939e-03
1.30349036e+00 -5.82838915e-03
1.30416704e+00 -5.79526845e-03
1.30484352e+00 -5.76189707e-03
1.30551979e+00 -5.72827477e-03
1.30619586e+00 -5.69440133e-03
1.30687174e+00 -5.66027651e-03
1.30754743e+00 -5.62590009e-03
1.30822295e+00 -5.59127184e-03
1.30889828e+00 -5.55639153e-03
1.30957345e+00 -5.52125893e-03
1.31024846e+00 -5.48587382e-03
1.31092331e+00 -5.45023596e-03
1.31159801e+00 -5.41434512e-03
1.31227257e+00 -5.37820109e-03
1.31294699e+00 -5.34180363e-03
1.31362128e+00 -5.30515252e-03
1.31429544e+00 -5.26824752e-03
1.31496949e+00 -5.23108840e-03
1.31564342e+00 -5.19367496e-03
1.31631725e+00 -5.15600694e-03
1.31699097e+00 -5.11808413e-03
1.31766460e+00 -5.07990631e-03
1.31833815e+00 -5.04147323e-03
1.31901162e+00 -5.00278468e-03
1.31968501e+00 -4.96384043e-03
1.32035833e+00 -4.92464025e-03
1.32103159e+00 -4.88518392e-03
1.32170479e+00 -4.84547121e-03
1.32237795e+00 -4.80550189e-03
1.32305106e+00 -4.76527574e-03
1.32372414e+00 -4.72479253e-03
1.32439719e+00 -4.68405204e-03
1.32507022e+00 -4.64305403e-03
1.32574322e+00 -4.60179829e-03
1.32641622e+00 -4.56028458e-03
1.32708922e+00 -4.51851268e-03
1.32776222e+00 -4.47648238e-03
1.32843523e+00 -4.43419343e-03
1.32910825e+00 -4.39164562e-03
1.32978130e+00 -4.34883872e-03
1.33045438e+00 -4.30577250e-03
1.33112749e+00 -4.26244675e-03
1.33180065e+00 -4.21886123e-03
1.33247386e+00 -4.17501572e-03
1.33314712e+00 -4.13091000e-03
1.33382045e+00 -4.08654384e-03
1.33449384e+00 -4.04191702e-03
1.33516732e+00 -3.99702931e-03
1.33584087e+00 -3.95188049e-03
1.33651452e+00 -3.90647034e-03
1.33718826e+00 -3.86079863e-03
1.33786211e+00 -3.81486513e-03
1.33853607e+00 -3.76866964e-03
1.33921014e+00 -3.72221191e-03
1.33988434e+00 -3.67549173e-03
1.34055867e+00 -3.62850887e-03
1.34123314e+00 -3.58126312e-03
1.34190776e+00 -3.53375424e-03
1.34258253e+00 -3.48598202e-03
1.34325745e+00 -3.43794623e-03
1.34393255e+00 -3.38964665e-03
1.34460781e+00 -3.34108306e-03
1.34528326e+00 -3.29225523e-03
1.34595889e+00 -3.24316295e-03
1.34663472e+00 -3.19380598e-03
1.34731074e+00 -3.14418412e-03
1.34798698e+00 -3.09429713e-03
1.34866343e+00 -3.04414479e-03
1.34934011e+00 -2.99372689e-03
1.35001701e+00 -2.94304320e-03
1.35069415e+00 -2.89209350e-03
1.35137154e+00 -2.84087757e-03
1.35204918e+00 -2.78939519e-03
1.35272707e+00 -2.73764613e-03
1.35340523e+00 -2.68563018e-03
1.35408367e+00 -2.63334711e-03
1.35476238e+00 -2.58079671e-03
1.35544138e+00 -2.52797876e-03
1.35612068e+00 -2.47489302e-03
1.35680028e+00 -2.42153929e-03
1.35748019e+00 -2.36791735e-03
1.35816041e+00 -2.31402696e-03
1.35884096e+00 -2.25986792e-03
1.35952184e+00 -2.20544001e-03
1.36020306e+00 -2.15074299e-03
1.36088463e+00 -2.09577667e-03
1.36156655e+00 -2.04054081e-03
1.36224883e+00 -1.98503519e-03
1.36293148e+00 -1.92925960e-03
1.36361451e+00 -1.87321383e-03
1.36429792e+00 -1.81689764e-03
1.36498173e+00 -1.76031082e-03
1.36566593e+00 -1.70345315e-03
1.36635054e+00 -1.64632442e-03
1.36703556e+00 -1.58892441e-03
1.36772100e+00 -1.53125289e-03
1.36840688e+00 -1.47330965e-03
1.36909319e+00 -1.41509448e-03
1.36977995e+00 -1.35660715e-03
1.37046715e+00 -1.29784745e-03
1.37115482e+00 -1.23881515e-03
1.37184296e+00 -1.17951005e-03
1.37253157e+00 -1.11993193e-03
1.37322067e+00 -1.06008057e-03
1.37391025e+00 -9.99955742e-04
1.37460034e+00 -9.39557244e-04
1.37529093e+00 -8.78884854e-04
1.37598204e+00 -8.17938358e-04
1.37667367e+00 -7.56717537e-04
1.37736583e+00 -6.95222176e-04
1.37805853e+00 -6.33452060e-04
1.37875177e+00 -5.71406972e-04
1.37944557e+00 -5.09086698e-04
1.38013993e+00 -4.46491020e-04
1.38083486e+00 -3.83619725e-04
1.38153037e+00 -3.20472596e-04
1.38222646e+00 -2.57049420e-04
1.38292315e+00 -1.93349980e-04
1.38362044e+00 -1.29374063e-04
1.38431834e+00 -6.51214538e-05
1.38501686e+00 -5.91937616e-07
1.38571601e+00 6.42146995e-05
1.38641579e+00 1.29298672e-04
1.38711621e+00 1.94660193e-04
1.38781728e+00 2.60299477e-04
1.38851901e+00 3.26216738e-04
1.38922141e+00 3.92412188e-04
1.38992448e+00 4.58886042e-04
1.39062824e+00 5.25638513e-04
1.39133269e+00 5.92669813e-04
1.39203784e+00 6.59980156e-04
1.39274369e+00 7.27569754e-04
1.39345027e+00 7.95438820e-04
1.39415756e+00 8.63587565e-04
1.39486560e+00 9.32016204e-04
1.39557437e+00 1.00072495e-03
1.39628389e+00 1.06971401e-03
1.39699417e+00 1.13898359e-03
1.39770522e+00 1.20853392e-03
1.39841705e+00 1.27836520e-03
1.39912965e+00 1.34847764e-03
1.39984305e+00 1.41887146e-03
1.40055725e+00 1.48954686e-03
1.40127226e+00 1.56050405e-03
1.40198809e+00 1.63174325e-03
1.40270474e+00 1.70326467e-03
1.40342223e+00 1.77506852e-03
1.40414056e+00 1.84715500e-03
1.40485974e+00 1.91952433e-03
1.40557979e+00 1.99217672e-03
1.40630070e+00 2.06511237e-03
1.40702249e+00 2.13833150e-03
1.40774517e+00 2.21183432e-03
1.40846874e+00 2.28562103e-03
1.40919322e+00 2.35969184e-03
1.40991861e+00 2.43404696e-03
1.41064493e+00 2.50868661e-03
1.41137217e+00 2.58361099e-03
1.41210035e+00 2.65882030e-03
1.41282948e+00 2.73431476e-03
1.41355957e+00 2.81009458e-03
1.41429062e+00 2.88615995e-03
1.41502265e+00 2.96251110e-03
1.41575566e+00 3.03914822e-03
1.41648966e+00 3.11607152e-03
1.41722467e+00 3.19328122e-03
1.41796068e+00 3.27077752e-03
1.41869772e+00 3.34856062e-03
1.41943578e+00 3.42663073e-03
1.42017488e+00 3.50498806e-03
1.42091503e+00 3.58363282e-03
1.42165623e+00 3.66256520e-03
1.42239850e+00 3.74178542e-03
1.42314184e+00 3.82129368e-03
1.42388627e+00 3.90109019e-03
1.42463178e+00 3.98117516e-03
1.42537840e+00 4.06154878e-03
1.42612613e+00 4.14221126e-03
1.42687498e+00 4.22316281e-03
1.42762495e+00 4.30440363e-03
1.42837607e+00 4.38593393e-03
1.42912833e+00 4.46775391e-03
1.42988175e+00 4.54986378e-03
1.43063633e+00 4.63226373e-03
1.43139209e+00 4.71495398e-03
1.43214904e+00 4.79793473e-03
1.43290717e+00 4.88120617e-03
1.43366652e+00 4.96476851e-03
1.43442707e+00 5.04862197e-03
1.43518885e+00 5.13276673e-03
1.43595186e+00 5.21720300e-03
1.43671611e+00 5.30193098e-03
1.43748161e+00 5.38695088e-03
1.43824837e+00 5.47226290e-03
1.43901640e+00 5.55786724e-03
1.43978571e+00 5.64376410e-03
1.44055630e+00 5.72995368e-03
1.44132820e+00 5.81643618e-03
1.44210141e+00 5.90321182e-03
1.44287593e+00 5.99028077e-03
1.44365178e+00 6.07764326e-03
1.44442896e+00 6.16529947e-03
1.44520750e+00 6.25324961e-03
1.44598739e+00 6.34149387e-03
1.44676864e+00 6.43003247e-03
1.44755127e+00 6.51886559e-03
1.44833529e+00 6.60799344e-03
1.44912070e+00 6.69741621e-03
1.44990752e+00 6.78713411e-03
1.45069576e+00 6.87714733e-03
1.45148541e+00 6.96745608e-03
1.45227651e+00 7.05806055e-03
1.45306905e+00 7.14896094e-03
1.45386304e+00 7.24015745e-03
1.45465850e+00 7.33165027e-03
1.45545543e+00 7.42343961e-03
1.45625384e+00 7.51552566e-03
1.45705376e+00 7.60790862e-03
1.45785517e+00 7.70058868e-03
1.45865810e+00 7.79356605e-03
1.45946256e+00 7.88684092e-03
1.46026855e+00 7.98041348e-03
1.46107608e+00 8.07428394e-03
1.46188518e+00 8.16845249e-03
1.46269583e+00 8.26291932e-03
1.46350806e+00 8.35768463e-03
1.46432188e+00 8.45274862e-03
1.46513729e+00 8.54811148e-03
1.46595431e+00 8.64377340e-03
1.46677295e+00 8.73973459e-03
1.46759321e+00 8.83599523e-03
1.46841511e+00 8.93255553e-03
1.46923866e+00 9.02941567e-03
1.47006386e+00 9.12657585e-03
1.47089073e+00 9.22403626e-03
1.47171928e+00 9.32179710e-03
1.47254952e+00 9.41985855e-03
1.47338146e+00 9.51822083e-03
1.47421511e+00 9.61688411e-03
1.47505048e+00 9.71584858e-03
1.47588758e+00 9.81511445e-03
1.47672642e+00 9.91468191e-03
1.47756702e+00 1.00145511e-02
1.47840937e+00 1.01147223e-02
1.47925350e+00 1.02151957e-02
1.48009941e+00 1.03159714e-02
1.48094712e+00 1.04170497e-02
1.48179663e+00 1.05184306e-02
1.48264795e+00 1.06201146e-02
1.48350111e+00 1.07221016e-02
1.48435610e+00 1.08243919e-02
1.48521293e+00 1.09269858e-02
1.48607163e+00 1.10298833e-02
1.48693220e+00 1.11330847e-02
1.48779464e+00 1.12365901e-02
1.48865898e+00 1.13403998e-02
1.48952521e+00 1.14445140e-02
1.49039337e+00 1.15489328e-02
1.49126344e+00 1.16536564e-02
1.49213545e+00 1.17586850e-02
1.49300940e+00 1.18640188e-02
1.49388531e+00 1.19696580e-02
1.49476319e+00 1.20756028e-02
1.49564304e+00 1.21818534e-02
1.49652489e+00 1.22884099e-02
1.49740873e+00 1.23952725e-02
1.49829459e+00 1.25024414e-02
1.49918247e+00 1.26099169e-02
1.50007238e+00 1.27176991e-02
1.50096434e+00 1.28257881e-02
1.50185835e+00 1.29341842e-02
1.50275443e+00 1.30428876e-02
1.50365259e+00 1.31518984e-02
1.50455284e+00 1.32612168e-02
1.50545519e+00 1.33708430e-02
1.50635965e+00 1.34807773e-02
1.50726624e+00 1.35910197e-02
1.50817496e+00 1.37015704e-02
1.50908582e+00 1.38124298e-02
1.50999884e+00 1.39235978e-02
1.51091404e+00 1.40350748e-02
1.51183141e+00 1.41468608e-02
1.51275097e+00 1.42589562e-02
1.51367274e+00 1.43713610e-02
1.51459672e+00 1.44840755e-02
1.51552292e+00 1.45970997e-02
1.51645137e+00 1.47104340e-02
1.51738206e+00 1.48240785e-02
1.51831502e+00 1.49380334e-02
1.51925024e+00 1.50522988e-02
1.52018775e+00 1.51668750e-02
1.52112756e+00 1.52817621e-02
1.52206967e+00 1.53969603e-02
1.52301411e+00 1.55124697e-02
1.52396087e+00 1.56282906e-02
1.52490997e+00 1.57444232e-02
1.52586143e+00 1.58608676e-02
1.52681526e+00 1.59776240e-02
1.52777146e+00 1.60946925e-02
1.52873005e+00 1.62120734e-02
1.52969104e+00 1.63297669e-02
1.53065445e+00 1.64477731e-02
1.53162028e+00 1.65660921e-02
1.53258855e+00 1.66847243e-02
1.53355926e+00 1.68036697e-02
1.53453244e+00 1.69229285e-02
1.53550809e+00 1.70425009e-02
1.53648622e+00 1.71623871e-02
1.53746685e+00 1.72825873e-02
1.53845000e+00 1.74031016e-02
1.53943566e+00 1.75239302e-02
1.54042385e+00 1.76450733e-02
1.54141459e+00 1.77665310e-02
1.54240789e+00 1.78883036e-02
1.54340375e+00 1.80103912e-02
1.54440220e+00 1.81327940e-02
1.54540324e+00 1.82555122e-02
1.54640689e+00 1.83785459e-02
1.54741316e+00 1.85018953e-02
1.54842205e+00 1.86255606e-02
1.54943359e+00 1.87495420e-02
1.55044779e+00 1.88738396e-02
1.55146465e+00 1.89984536e-02
1.55248419e+00 1.91233842e-02
1.55350643e+00 1.92486315e-02
1.55453137e+00 1.93741958e-02
1.55555902e+00 1.95000771e-02
1.55658941e+00 1.96262757e-02
1.55762254e+00 1.97527918e-02
1.55865842e+00 1.98796255e-02
1.55969707e+00 2.00067769e-02
1.56073850e+00 2.01342464e-02
1.56178273e+00 2.02620339e-02
1.56282975e+00 2.03901397e-02
1.56387960e+00 2.05185640e-02
1.56493228e+00 2.06473070e-02
1.56598780e+00 2.07763687e-02
1.56704617e+00 2.09057494e-02
1.56810741e+00 2.10354493e-02
1.56917154e+00 2.11654684e-02
1.57023856e+00 2.12958071e-02
1.57130848e+00 2.14264654e-02
1.57238133e+00 2.15574435e-02
1.57345711e+00 2.16887416e-02
1.57453583e+00 2.18203598e-02
1.57561751e+00 2.19522984e-02
1.57670216e+00 2.20845574e-02
1.57778980e+00 2.22171371e-02
1.57888044e+00 2.23500376e-02
1.57997408e+00 2.24832591e-02
1.58107075e+00 2.26168018e-02
1.58217045e+00 2.27506657e-02
1.58327321e+00 2.28848511e-02
1.58437902e+00 2.30193582e-02
1.58548791e+00 2.31541871e-02
1.58659989e+00 2.32893380e-02
1.58771498e+00 2.34248110e-02
1.58883317e+00 2.35606063e-02
1.58995450e+00 2.36967241e-02
1.59107896e+00 2.38331644e-02
1.59220659e+00 2.39699276e-02
1.59333738e+00 2.41070138e-02
1.59447135e+00 2.42444230e-02
1.59560851e+00 2.43821556e-02
1.59674889e+00 2.45202115e-02
1.59789248e+00 2.46585911e-02
1.59903931e+00 2.47972944e-02
1.60018939e+00 2.49363217e-02
1.60134273e+00 2.50756730e-02
1.60249935e+00 2.52153486e-02
1.60365925e+00 2.53553486e-02
1.60482246e+00 2.54956731e-02
1.60598898e+00 2.56363224e-02
1.60715884e+00 2.57772966e-02
1.60833203e+00 2.59185958e-02
1.60950859e+00 2.60602201e-02
1.61068851e+00 2.62021699e-02
1.61187182e+00 2.63444452e-02
1.61305852e+00 2.64870461e-02
1.61424864e+00 2.66299729e-02
1.61544218e+00 2.67732256e-02
1.61663916e+00 2.69168045e-02
1.61783960e+00 2.70607097e-02
1.61904350e+00 2.72049414e-02
1.62025088e+00 2.73494997e-02
1.62146176e+00 2.74943847e-02
1.62267614e+00 2.76395967e-02
1.62389405e+00 2.77851357e-02
1.62511550e+00 2.79310020e-02
1.62634049e+00 2.80771957e-02
1.62756905e+00 2.82237169e-02
1.62880119e+00 2.83705658e-02
1.63003692e+00 2.85177426e-02
1.63127626e+00 2.86652473e-02
1.63251921e+00 2.88130803e-02
1.63376581e+00 2.89612415e-02
1.63501605e+00 2.91097312e-02
1.63626995e+00 2.92585495e-02
1.63752754e+00 2.94076966e-02
1.63878881e+00 2.95571725e-02
1.64005379e+00 2.97069776e-02
1.64132249e+00 2.98571119e-02
1.64259493e+00 3.00075755e-02
1.64387111e+00 3.01583686e-02
1.64515106e+00 3.03094915e-02
1.64643479e+00 3.04609441e-02
1.64772231e+00 3.06127267e-02
1.64901363e+00 3.07648394e-02
1.65030878e+00 3.09172824e-02
1.65160776e+00 3.10700558e-02
1.65291059e+00 3.12231598e-02
1.65421729e+00 3.13765945e-02
1.65552786e+00 3.15303600e-02
1.65684233e+00 3.16844565e-02
1.65816071e+00 3.18388842e-02
1.65948301e+00 3.19936432e-02
1.66080925e+00 3.21487336e-02
1.66213945e+00 3.23041556e-02
1.66347361e+00 3.24599093e-02
1.66481175e+00 3.26159949e-02
1.66615389e+00 3.27724126e-02
1.66750004e+00 3.29291624e-02
1.66885022e+00 3.30862445e-02
1.67020444e+00 3.32436591e-02
1.67156271e+00 3.34014062e-02
1.67292506e+00 3.35594862e-02
1.67429149e+00 3.37178990e-02
1.67566203e+00 3.38766448e-02
1.67703668e+00 3.40357238e-02
1.67841546e+00 3.41951361e-02
1.67979839e+00 3.43548818e-02
1.68118548e+00 3.45149612e-02
1.68257674e+00 3.46753743e-02
1.68397220e+00 3.48361212e-02
1.68537187e+00 3.49972022e-02
1.68677575e+00 3.51586174e-02
1.68818388e+00 3.53203668e-02
1.68959625e+00 3.54824506e-02
1.69101290e+00 3.56448691e-02
1.69243383e+00 3.58076222e-02
1.69385905e+00 3.59707102e-02
1.69528859e+00 3.61341332e-02
1.69672246e+00 3.62978913e-02
1.69816067e+00 3.64619847e-02
1.69960324e+00 3.66264135e-02
1.70105019e+00 3.67911778e-02
1.70250153e+00 3.69562778e-02
1.70395728e+00 3.71217136e-02
1.70541744e+00 3.72874853e-02
1.70688205e+00 3.74535931e-02
1.70835111e+00 3.76200372e-02
1.70982463e+00 3.77868175e-02
1.71130265e+00 3.79539344e-02
1.71278516e+00 3.81213879e-02
1.71427218e+00 3.82891781e-02
1.71576374e+00 3.84573052e-02
1.71725985e+00 3.86257694e-02
1.71876051e+00 3.87945706e-02
1.72026576e+00 3.89637092e-02
1.72177560e+00 3.91331852e-02
1.72329005e+00 3.93029987e-02
1.72480913e+00 3.94731499e-02
1.72633285e+00 3.96436388e-02
1.72786123e+00 3.98144658e-02
1.72939428e+00 3.99856308e-02
1.73093203e+00 4.01571340e-02
1.73247448e+00 4.03289755e-02
1.73402165e+00 4.05011554e-02
1.73557356e+00 4.06736740e-02
1.73713022e+00 4.08465313e-02
1.73869166e+00 4.10197274e-02
1.74025788e+00 4.11932624e-02
1.74182890e+00 4.13671366e-02
1.74340475e+00 4.15413500e-02
1.74498543e+00 4.17159027e-02
1.74657096e+00 4.18907949e-02
1.74816135e+00 4.20660267e-02
1.74975664e+00 4.22415982e-02
1.75135682e+00 4.24175096e-02
1.75296192e+00 4.25937609e-02
1.75457196e+00 4.27703524e-02
1.75618694e+00 4.29472840e-02
1.75780689e+00 4.31245561e-02
1.75943182e+00 4.33021685e-02
1.76106175e+00 4.34801216e-02
1.76269670e+00 4.36584154e-02
1.76433668e+00 4.38370500e-02
1.76598171e+00 4.40160256e-02
1.76763181e+00 4.41953423e-02
1.76928699e+00 4.43750001e-02
1.77094727e+00 4.45549993e-02
1.77261266e+00 4.47353400e-02
1.77428318e+00 4.49160221e-02
1.77595886e+00 4.50970460e-02
1.77763970e+00 4.52784117e-02
1.77932572e+00 4.54601193e-02
1.78101695e+00 4.56421689e-02
1.78271339e+00 4.58245607e-02
1.78441506e+00 4.60072947e-02
1.78612199e+00 4.61903712e-02
1.78783418e+00 4.63737902e-02
1.78955166e+00 4.65575517e-02
1.79127444e+00 4.67416561e-02
1.79300254e+00 4.69261032e-02
1.79473597e+00 4.71108934e-02
1.79647475e+00 4.72960266e-02
1.79821891e+00 4.74815031e-02
1.79996845e+00 4.76673228e-02
1.80172340e+00 4.78534860e-02
1.80348377e+00 4.80399928e-02
1.80524958e+00 4.82268432e-02
1.80702084e+00 4.84140373e-02
1.80879758e+00 4.86015754e-02
1.81057981e+00 4.87894574e-02
1.81236755e+00 4.89776835e-02
1.81416081e+00 4.91662539e-02
1.81595962e+00 4.93551686e-02
1.81776398e+00 4.95444277e-02
1.81957393e+00 4.97340314e-02
1.82138947e+00 4.99239797e-02
1.82321062e+00 5.01142729e-02
1.82503740e+00 5.03049108e-02
1.82686983e+00 5.04958938e-02
1.82870793e+00 5.06872219e-02
1.83055171e+00 5.08788951e-02
1.83240120e+00 5.10709137e-02
1.83425640e+00 5.12632777e-02
1.83611734e+00 5.14559872e-02
1.83798403e+00 5.16490423e-02
1.83985649e+00 5.18424432e-02
1.84173475e+00 5.20361899e-02
1.84361881e+00 5.22302826e-02
1.84550870e+00 5.24247213e-02
1.84740443e+00 5.26195062e-02
1.84930603e+00 5.28146373e-02
1.85121350e+00 5.30101148e-02
1.85312687e+00 5.32059387e-02
1.85504616e+00 5.34021092e-02
1.85697138e+00 5.35986264e-02
1.85890256e+00 5.37954904e-02
1.86083970e+00 5.39927012e-02
1.86278283e+00 5.41902590e-02
1.86473197e+00 5.43881639e-02
1.86668714e+00 5.45864159e-02
1.86864834e+00 5.47850153e-02
1.87061561e+00 5.49839620e-02
1.87258896e+00 5.51832561e-02
1.87456841e+00 5.53828979e-02
1.87655397e+00 5.55828873e-02
1.87854566e+00 5.57832245e-02
1.88054351e+00 5.59839095e-02
1.88254753e+00 5.61849425e-02
1.88455775e+00 5.63863236e-02
1.88657417e+00 5.65880528e-02
1.88859681e+00 5.67901303e-02
1.89062571e+00 5.69925561e-02
1.89266086e+00 5.71953303e-02
1.89470230e+00 5.73984531e-02
1.89675004e+00 5.76019245e-02
1.89880411e+00 5.78057447e-02
1.90086451e+00 5.80099136e-02
1.90293127e+00 5.82144315e-02
1.90500440e+00 5.84192984e-02
1.90708393e+00 5.86245143e-02
1.90916988e+00 5.88300795e-02
1.91126226e+00 5.90359939e-02
1.91336109e+00 5.92422577e-02
1.91546639e+00 5.94488709e-02
1.91757818e+00 5.96558337e-02
1.91969648e+00 5.98631461e-02
1.92182131e+00 6.00708082e-02
1.92395268e+00 6.02788202e-02
1.92609062e+00 6.04871821e-02
1.92823515e+00 6.06958939e-02
1.93038628e+00 6.09049558e-02
1.93254404e+00 6.11143679e-02
1.93470844e+00 6.13241303e-02
1.93687950e+00 6.15342429e-02
1.93905724e+00 6.17447060e-02
1.94124168e+00 6.19555196e-02
1.94343284e+00 6.21666838e-02
1.94563074e+00 6.23781987e-02
1.94783540e+00 6.25900643e-02
1.95004684e+00 6.28022808e-02
1.95226508e+00 6.30148482e-02
1.95449013e+00 6.32277666e-02
1.95672202e+00 6.34410361e-02
1.95896077e+00 6.36546568e-02
1.96120639e+00 6.38686287e-02
1.96345891e+00 6.40829520e-02
1.96571834e+00 6.42976267e-02
1.96798471e+00 6.45126528e-02
1.97025803e+00 6.47280306e-02
1.97253832e+00 6.49437600e-02
1.97482561e+00 6.51598411e-02
1.97711992e+00 6.53762741e-02
1.97942126e+00 6.55930589e-02
1.98172965e+00 6.58101957e-02
1.98404511e+00 6.60276845e-02
1.98636767e+00 6.62455255e-02
1.98869734e+00 6.64637186e-02
